vaccine,producer,time,segment,Z_value,end_time,Q_value,trial,T,delta,scenario,inv,cap,cap_inc,filename
DT,BB_NCIPD,1,1,1.0,5,0.0,1,10,5,1,1,1,1,MVP_DE_results_T_10_delta_5_scen_1_trial_1_inv_1_cap._1_cap.inc._1.json
DT,BB_NCIPD,1,1,1.0,4,0.0,1,10,5,1,1,1,1,MVP_DE_results_T_10_delta_5_scen_1_trial_1_inv_1_cap._1_cap.inc._1.json
DT,BB_NCIPD,1,1,1.0,2,0.0,1,10,5,1,1,1,1,MVP_DE_results_T_10_delta_5_scen_1_trial_1_inv_1_cap._1_cap.inc._1.json
DT,BB_NCIPD,1,1,1.0,3,0.0,1,10,5,1,1,1,1,MVP_DE_results_T_10_delta_5_scen_1_trial_1_inv_1_cap._1_cap.inc._1.json
DT,BB_NCIPD,1,1,1.0,1,1183.0,1,10,5,1,1,1,1,MVP_DE_results_T_10_delta_5_scen_1_trial_1_inv_1_cap._1_cap.inc._1.json
DT,BB_NCIPD,1,2,0.0,5,0.0,1,10,5,1,1,1,1,MVP_DE_results_T_10_delta_5_scen_1_trial_1_inv_1_cap._1_cap.inc._1.json
DT,BB_NCIPD,1,2,0.0,4,0.0,1,10,5,1,1,1,1,MVP_DE_results_T_10_delta_5_scen_1_trial_1_inv_1_cap._1_cap.inc._1.json
DT,BB_NCIPD,1,2,0.0,2,0.0,1,10,5,1,1,1,1,MVP_DE_results_T_10_delta_5_scen_1_trial_1_inv_1_cap._1_cap.inc._1.json
DT,BB_NCIPD,1,2,0.0,3,0.0,1,10,5,1,1,1,1,MVP_DE_results_T_10_delta_5_scen_1_trial_1_inv_1_cap._1_cap.inc._1.json
DT,BB_NCIPD,1,2,0.0,1,0.0,1,10,5,1,1,1,1,MVP_DE_results_T_10_delta_5_scen_1_trial_1_inv_1_cap._1_cap.inc._1.json
DT,BB_NCIPD,2,1,1.0,5,17500.0,1,10,5,1,1,1,1,MVP_DE_results_T_10_delta_5_scen_1_trial_1_inv_1_cap._1_cap.inc._1.json
DT,BB_NCIPD,2,1,1.0,4,0.0,1,10,5,1,1,1,1,MVP_DE_results_T_10_delta_5_scen_1_trial_1_inv_1_cap._1_cap.inc._1.json
DT,BB_NCIPD,2,1,1.0,6,24598.0,1,10,5,1,1,1,1,MVP_DE_results_T_10_delta_5_scen_1_trial_1_inv_1_cap._1_cap.inc._1.json
DT,BB_NCIPD,2,1,1.0,2,0.0,1,10,5,1,1,1,1,MVP_DE_results_T_10_delta_5_scen_1_trial_1_inv_1_cap._1_cap.inc._1.json
DT,BB_NCIPD,2,1,1.0,3,0.0,1,10,5,1,1,1,1,MVP_DE_results_T_10_delta_5_scen_1_trial_1_inv_1_cap._1_cap.inc._1.json
DT,BB_NCIPD,2,2,0.0,5,0.0,1,10,5,1,1,1,1,MVP_DE_results_T_10_delta_5_scen_1_trial_1_inv_1_cap._1_cap.inc._1.json
DT,BB_NCIPD,2,2,0.0,4,0.0,1,10,5,1,1,1,1,MVP_DE_results_T_10_delta_5_scen_1_trial_1_inv_1_cap._1_cap.inc._1.json
DT,BB_NCIPD,2,2,0.0,6,0.0,1,10,5,1,1,1,1,MVP_DE_results_T_10_delta_5_scen_1_trial_1_inv_1_cap._1_cap.inc._1.json
DT,BB_NCIPD,2,2,0.0,2,0.0,1,10,5,1,1,1,1,MVP_DE_results_T_10_delta_5_scen_1_trial_1_inv_1_cap._1_cap.inc._1.json
DT,BB_NCIPD,2,2,0.0,3,0.0,1,10,5,1,1,1,1,MVP_DE_results_T_10_delta_5_scen_1_trial_1_inv_1_cap._1_cap.inc._1.json
DT,BB_NCIPD,3,1,1.0,5,14994.0,1,10,5,1,1,1,1,MVP_DE_results_T_10_delta_5_scen_1_trial_1_inv_1_cap._1_cap.inc._1.json
DT,BB_NCIPD,3,1,1.0,4,9219.0,1,10,5,1,1,1,1,MVP_DE_results_T_10_delta_5_scen_1_trial_1_inv_1_cap._1_cap.inc._1.json
DT,BB_NCIPD,3,1,1.0,6,0.0,1,10,5,1,1,1,1,MVP_DE_results_T_10_delta_5_scen_1_trial_1_inv_1_cap._1_cap.inc._1.json
DT,BB_NCIPD,3,1,1.0,7,0.0,1,10,5,1,1,1,1,MVP_DE_results_T_10_delta_5_scen_1_trial_1_inv_1_cap._1_cap.inc._1.json
DT,BB_NCIPD,3,1,1.0,3,0.0,1,10,5,1,1,1,1,MVP_DE_results_T_10_delta_5_scen_1_trial_1_inv_1_cap._1_cap.inc._1.json
DT,BB_NCIPD,3,2,0.0,5,0.0,1,10,5,1,1,1,1,MVP_DE_results_T_10_delta_5_scen_1_trial_1_inv_1_cap._1_cap.inc._1.json
DT,BB_NCIPD,3,2,0.0,4,0.0,1,10,5,1,1,1,1,MVP_DE_results_T_10_delta_5_scen_1_trial_1_inv_1_cap._1_cap.inc._1.json
DT,BB_NCIPD,3,2,0.0,6,0.0,1,10,5,1,1,1,1,MVP_DE_results_T_10_delta_5_scen_1_trial_1_inv_1_cap._1_cap.inc._1.json
DT,BB_NCIPD,3,2,0.0,7,0.0,1,10,5,1,1,1,1,MVP_DE_results_T_10_delta_5_scen_1_trial_1_inv_1_cap._1_cap.inc._1.json
DT,BB_NCIPD,3,2,0.0,3,0.0,1,10,5,1,1,1,1,MVP_DE_results_T_10_delta_5_scen_1_trial_1_inv_1_cap._1_cap.inc._1.json
DT,BB_NCIPD,4,1,1.0,5,0.0,1,10,5,1,1,1,1,MVP_DE_results_T_10_delta_5_scen_1_trial_1_inv_1_cap._1_cap.inc._1.json
DT,BB_NCIPD,4,1,1.0,4,0.0,1,10,5,1,1,1,1,MVP_DE_results_T_10_delta_5_scen_1_trial_1_inv_1_cap._1_cap.inc._1.json
DT,BB_NCIPD,4,1,1.0,6,0.0,1,10,5,1,1,1,1,MVP_DE_results_T_10_delta_5_scen_1_trial_1_inv_1_cap._1_cap.inc._1.json
DT,BB_NCIPD,4,1,1.0,7,24703.0,1,10,5,1,1,1,1,MVP_DE_results_T_10_delta_5_scen_1_trial_1_inv_1_cap._1_cap.inc._1.json
DT,BB_NCIPD,4,1,1.0,8,0.0,1,10,5,1,1,1,1,MVP_DE_results_T_10_delta_5_scen_1_trial_1_inv_1_cap._1_cap.inc._1.json
DT,BB_NCIPD,4,2,0.0,5,0.0,1,10,5,1,1,1,1,MVP_DE_results_T_10_delta_5_scen_1_trial_1_inv_1_cap._1_cap.inc._1.json
DT,BB_NCIPD,4,2,0.0,4,0.0,1,10,5,1,1,1,1,MVP_DE_results_T_10_delta_5_scen_1_trial_1_inv_1_cap._1_cap.inc._1.json
DT,BB_NCIPD,4,2,0.0,6,0.0,1,10,5,1,1,1,1,MVP_DE_results_T_10_delta_5_scen_1_trial_1_inv_1_cap._1_cap.inc._1.json
DT,BB_NCIPD,4,2,0.0,7,0.0,1,10,5,1,1,1,1,MVP_DE_results_T_10_delta_5_scen_1_trial_1_inv_1_cap._1_cap.inc._1.json
DT,BB_NCIPD,4,2,0.0,8,0.0,1,10,5,1,1,1,1,MVP_DE_results_T_10_delta_5_scen_1_trial_1_inv_1_cap._1_cap.inc._1.json
DT,BB_NCIPD,5,1,1.0,5,0.0,1,10,5,1,1,1,1,MVP_DE_results_T_10_delta_5_scen_1_trial_1_inv_1_cap._1_cap.inc._1.json
DT,BB_NCIPD,5,1,1.0,6,0.0,1,10,5,1,1,1,1,MVP_DE_results_T_10_delta_5_scen_1_trial_1_inv_1_cap._1_cap.inc._1.json
DT,BB_NCIPD,5,1,1.0,7,0.0,1,10,5,1,1,1,1,MVP_DE_results_T_10_delta_5_scen_1_trial_1_inv_1_cap._1_cap.inc._1.json
DT,BB_NCIPD,5,1,1.0,9,0.0,1,10,5,1,1,1,1,MVP_DE_results_T_10_delta_5_scen_1_trial_1_inv_1_cap._1_cap.inc._1.json
DT,BB_NCIPD,5,1,1.0,8,0.0,1,10,5,1,1,1,1,MVP_DE_results_T_10_delta_5_scen_1_trial_1_inv_1_cap._1_cap.inc._1.json
DT,BB_NCIPD,5,2,0.0,5,0.0,1,10,5,1,1,1,1,MVP_DE_results_T_10_delta_5_scen_1_trial_1_inv_1_cap._1_cap.inc._1.json
DT,BB_NCIPD,5,2,0.0,6,0.0,1,10,5,1,1,1,1,MVP_DE_results_T_10_delta_5_scen_1_trial_1_inv_1_cap._1_cap.inc._1.json
DT,BB_NCIPD,5,2,0.0,7,0.0,1,10,5,1,1,1,1,MVP_DE_results_T_10_delta_5_scen_1_trial_1_inv_1_cap._1_cap.inc._1.json
DT,BB_NCIPD,5,2,0.0,9,0.0,1,10,5,1,1,1,1,MVP_DE_results_T_10_delta_5_scen_1_trial_1_inv_1_cap._1_cap.inc._1.json
DT,BB_NCIPD,5,2,0.0,8,0.0,1,10,5,1,1,1,1,MVP_DE_results_T_10_delta_5_scen_1_trial_1_inv_1_cap._1_cap.inc._1.json
DT,BB_NCIPD,6,1,1.0,6,0.0,1,10,5,1,1,1,1,MVP_DE_results_T_10_delta_5_scen_1_trial_1_inv_1_cap._1_cap.inc._1.json
DT,BB_NCIPD,6,1,1.0,7,0.0,1,10,5,1,1,1,1,MVP_DE_results_T_10_delta_5_scen_1_trial_1_inv_1_cap._1_cap.inc._1.json
DT,BB_NCIPD,6,1,1.0,10,0.0,1,10,5,1,1,1,1,MVP_DE_results_T_10_delta_5_scen_1_trial_1_inv_1_cap._1_cap.inc._1.json
DT,BB_NCIPD,6,1,1.0,9,0.0,1,10,5,1,1,1,1,MVP_DE_results_T_10_delta_5_scen_1_trial_1_inv_1_cap._1_cap.inc._1.json
DT,BB_NCIPD,6,1,1.0,8,0.0,1,10,5,1,1,1,1,MVP_DE_results_T_10_delta_5_scen_1_trial_1_inv_1_cap._1_cap.inc._1.json
DT,BB_NCIPD,6,2,0.0,6,0.0,1,10,5,1,1,1,1,MVP_DE_results_T_10_delta_5_scen_1_trial_1_inv_1_cap._1_cap.inc._1.json
DT,BB_NCIPD,6,2,0.0,7,0.0,1,10,5,1,1,1,1,MVP_DE_results_T_10_delta_5_scen_1_trial_1_inv_1_cap._1_cap.inc._1.json
DT,BB_NCIPD,6,2,0.0,10,0.0,1,10,5,1,1,1,1,MVP_DE_results_T_10_delta_5_scen_1_trial_1_inv_1_cap._1_cap.inc._1.json
DT,BB_NCIPD,6,2,0.0,9,0.0,1,10,5,1,1,1,1,MVP_DE_results_T_10_delta_5_scen_1_trial_1_inv_1_cap._1_cap.inc._1.json
DT,BB_NCIPD,6,2,0.0,8,0.0,1,10,5,1,1,1,1,MVP_DE_results_T_10_delta_5_scen_1_trial_1_inv_1_cap._1_cap.inc._1.json
DT,BB_NCIPD,7,1,1.0,7,0.0,1,10,5,1,1,1,1,MVP_DE_results_T_10_delta_5_scen_1_trial_1_inv_1_cap._1_cap.inc._1.json
DT,BB_NCIPD,7,1,1.0,10,35490.0,1,10,5,1,1,1,1,MVP_DE_results_T_10_delta_5_scen_1_trial_1_inv_1_cap._1_cap.inc._1.json
DT,BB_NCIPD,7,1,1.0,9,0.0,1,10,5,1,1,1,1,MVP_DE_results_T_10_delta_5_scen_1_trial_1_inv_1_cap._1_cap.inc._1.json
DT,BB_NCIPD,7,1,1.0,8,0.0,1,10,5,1,1,1,1,MVP_DE_results_T_10_delta_5_scen_1_trial_1_inv_1_cap._1_cap.inc._1.json
DT,BB_NCIPD,7,2,0.0,7,0.0,1,10,5,1,1,1,1,MVP_DE_results_T_10_delta_5_scen_1_trial_1_inv_1_cap._1_cap.inc._1.json
DT,BB_NCIPD,7,2,0.0,10,0.0,1,10,5,1,1,1,1,MVP_DE_results_T_10_delta_5_scen_1_trial_1_inv_1_cap._1_cap.inc._1.json
DT,BB_NCIPD,7,2,0.0,9,0.0,1,10,5,1,1,1,1,MVP_DE_results_T_10_delta_5_scen_1_trial_1_inv_1_cap._1_cap.inc._1.json
DT,BB_NCIPD,7,2,0.0,8,0.0,1,10,5,1,1,1,1,MVP_DE_results_T_10_delta_5_scen_1_trial_1_inv_1_cap._1_cap.inc._1.json
DT,BB_NCIPD,8,1,1.0,10,0.0,1,10,5,1,1,1,1,MVP_DE_results_T_10_delta_5_scen_1_trial_1_inv_1_cap._1_cap.inc._1.json
DT,BB_NCIPD,8,1,1.0,9,0.0,1,10,5,1,1,1,1,MVP_DE_results_T_10_delta_5_scen_1_trial_1_inv_1_cap._1_cap.inc._1.json
DT,BB_NCIPD,8,1,1.0,8,0.0,1,10,5,1,1,1,1,MVP_DE_results_T_10_delta_5_scen_1_trial_1_inv_1_cap._1_cap.inc._1.json
DT,BB_NCIPD,8,2,0.0,10,0.0,1,10,5,1,1,1,1,MVP_DE_results_T_10_delta_5_scen_1_trial_1_inv_1_cap._1_cap.inc._1.json
DT,BB_NCIPD,8,2,0.0,9,0.0,1,10,5,1,1,1,1,MVP_DE_results_T_10_delta_5_scen_1_trial_1_inv_1_cap._1_cap.inc._1.json
DT,BB_NCIPD,8,2,0.0,8,0.0,1,10,5,1,1,1,1,MVP_DE_results_T_10_delta_5_scen_1_trial_1_inv_1_cap._1_cap.inc._1.json
DT,BB_NCIPD,9,1,1.0,10,0.0,1,10,5,1,1,1,1,MVP_DE_results_T_10_delta_5_scen_1_trial_1_inv_1_cap._1_cap.inc._1.json
DT,BB_NCIPD,9,1,1.0,9,0.0,1,10,5,1,1,1,1,MVP_DE_results_T_10_delta_5_scen_1_trial_1_inv_1_cap._1_cap.inc._1.json
DT,BB_NCIPD,9,2,0.0,10,0.0,1,10,5,1,1,1,1,MVP_DE_results_T_10_delta_5_scen_1_trial_1_inv_1_cap._1_cap.inc._1.json
DT,BB_NCIPD,9,2,0.0,9,0.0,1,10,5,1,1,1,1,MVP_DE_results_T_10_delta_5_scen_1_trial_1_inv_1_cap._1_cap.inc._1.json
DT,BB_NCIPD,10,1,1.0,10,0.0,1,10,5,1,1,1,1,MVP_DE_results_T_10_delta_5_scen_1_trial_1_inv_1_cap._1_cap.inc._1.json
DT,BB_NCIPD,10,2,0.0,10,0.0,1,10,5,1,1,1,1,MVP_DE_results_T_10_delta_5_scen_1_trial_1_inv_1_cap._1_cap.inc._1.json
DT,PT_Bio,1,1,1.0,5,0.0,1,10,5,1,1,1,1,MVP_DE_results_T_10_delta_5_scen_1_trial_1_inv_1_cap._1_cap.inc._1.json
DT,PT_Bio,1,1,1.0,4,0.0,1,10,5,1,1,1,1,MVP_DE_results_T_10_delta_5_scen_1_trial_1_inv_1_cap._1_cap.inc._1.json
DT,PT_Bio,1,1,1.0,2,0.0,1,10,5,1,1,1,1,MVP_DE_results_T_10_delta_5_scen_1_trial_1_inv_1_cap._1_cap.inc._1.json
DT,PT_Bio,1,1,1.0,3,0.0,1,10,5,1,1,1,1,MVP_DE_results_T_10_delta_5_scen_1_trial_1_inv_1_cap._1_cap.inc._1.json
DT,PT_Bio,1,1,1.0,1,0.0,1,10,5,1,1,1,1,MVP_DE_results_T_10_delta_5_scen_1_trial_1_inv_1_cap._1_cap.inc._1.json
DT,PT_Bio,1,2,0.0,5,0.0,1,10,5,1,1,1,1,MVP_DE_results_T_10_delta_5_scen_1_trial_1_inv_1_cap._1_cap.inc._1.json
DT,PT_Bio,1,2,0.0,4,0.0,1,10,5,1,1,1,1,MVP_DE_results_T_10_delta_5_scen_1_trial_1_inv_1_cap._1_cap.inc._1.json
DT,PT_Bio,1,2,0.0,2,0.0,1,10,5,1,1,1,1,MVP_DE_results_T_10_delta_5_scen_1_trial_1_inv_1_cap._1_cap.inc._1.json
DT,PT_Bio,1,2,0.0,3,0.0,1,10,5,1,1,1,1,MVP_DE_results_T_10_delta_5_scen_1_trial_1_inv_1_cap._1_cap.inc._1.json
DT,PT_Bio,1,2,0.0,1,0.0,1,10,5,1,1,1,1,MVP_DE_results_T_10_delta_5_scen_1_trial_1_inv_1_cap._1_cap.inc._1.json
DT,PT_Bio,2,1,1.0,5,28688.0,1,10,5,1,1,1,1,MVP_DE_results_T_10_delta_5_scen_1_trial_1_inv_1_cap._1_cap.inc._1.json
DT,PT_Bio,2,1,1.0,4,0.0,1,10,5,1,1,1,1,MVP_DE_results_T_10_delta_5_scen_1_trial_1_inv_1_cap._1_cap.inc._1.json
DT,PT_Bio,2,1,1.0,6,60100.0,1,10,5,1,1,1,1,MVP_DE_results_T_10_delta_5_scen_1_trial_1_inv_1_cap._1_cap.inc._1.json
DT,PT_Bio,2,1,1.0,2,0.0,1,10,5,1,1,1,1,MVP_DE_results_T_10_delta_5_scen_1_trial_1_inv_1_cap._1_cap.inc._1.json
DT,PT_Bio,2,1,1.0,3,0.0,1,10,5,1,1,1,1,MVP_DE_results_T_10_delta_5_scen_1_trial_1_inv_1_cap._1_cap.inc._1.json
DT,PT_Bio,2,2,0.0,5,0.0,1,10,5,1,1,1,1,MVP_DE_results_T_10_delta_5_scen_1_trial_1_inv_1_cap._1_cap.inc._1.json
DT,PT_Bio,2,2,0.0,4,0.0,1,10,5,1,1,1,1,MVP_DE_results_T_10_delta_5_scen_1_trial_1_inv_1_cap._1_cap.inc._1.json
DT,PT_Bio,2,2,0.0,6,0.0,1,10,5,1,1,1,1,MVP_DE_results_T_10_delta_5_scen_1_trial_1_inv_1_cap._1_cap.inc._1.json
DT,PT_Bio,2,2,0.0,2,0.0,1,10,5,1,1,1,1,MVP_DE_results_T_10_delta_5_scen_1_trial_1_inv_1_cap._1_cap.inc._1.json
DT,PT_Bio,2,2,0.0,3,0.0,1,10,5,1,1,1,1,MVP_DE_results_T_10_delta_5_scen_1_trial_1_inv_1_cap._1_cap.inc._1.json
DT,PT_Bio,3,1,1.0,5,28688.0,1,10,5,1,1,1,1,MVP_DE_results_T_10_delta_5_scen_1_trial_1_inv_1_cap._1_cap.inc._1.json
DT,PT_Bio,3,1,1.0,4,0.0,1,10,5,1,1,1,1,MVP_DE_results_T_10_delta_5_scen_1_trial_1_inv_1_cap._1_cap.inc._1.json
DT,PT_Bio,3,1,1.0,6,60100.0,1,10,5,1,1,1,1,MVP_DE_results_T_10_delta_5_scen_1_trial_1_inv_1_cap._1_cap.inc._1.json
DT,PT_Bio,3,1,1.0,7,60100.0,1,10,5,1,1,1,1,MVP_DE_results_T_10_delta_5_scen_1_trial_1_inv_1_cap._1_cap.inc._1.json
DT,PT_Bio,3,1,1.0,3,0.0,1,10,5,1,1,1,1,MVP_DE_results_T_10_delta_5_scen_1_trial_1_inv_1_cap._1_cap.inc._1.json
DT,PT_Bio,3,2,0.0,5,0.0,1,10,5,1,1,1,1,MVP_DE_results_T_10_delta_5_scen_1_trial_1_inv_1_cap._1_cap.inc._1.json
DT,PT_Bio,3,2,0.0,4,0.0,1,10,5,1,1,1,1,MVP_DE_results_T_10_delta_5_scen_1_trial_1_inv_1_cap._1_cap.inc._1.json
DT,PT_Bio,3,2,0.0,6,0.0,1,10,5,1,1,1,1,MVP_DE_results_T_10_delta_5_scen_1_trial_1_inv_1_cap._1_cap.inc._1.json
DT,PT_Bio,3,2,0.0,7,0.0,1,10,5,1,1,1,1,MVP_DE_results_T_10_delta_5_scen_1_trial_1_inv_1_cap._1_cap.inc._1.json
DT,PT_Bio,3,2,0.0,3,0.0,1,10,5,1,1,1,1,MVP_DE_results_T_10_delta_5_scen_1_trial_1_inv_1_cap._1_cap.inc._1.json
DT,PT_Bio,4,1,1.0,5,28688.0,1,10,5,1,1,1,1,MVP_DE_results_T_10_delta_5_scen_1_trial_1_inv_1_cap._1_cap.inc._1.json
DT,PT_Bio,4,1,1.0,4,0.0,1,10,5,1,1,1,1,MVP_DE_results_T_10_delta_5_scen_1_trial_1_inv_1_cap._1_cap.inc._1.json
DT,PT_Bio,4,1,1.0,6,60100.0,1,10,5,1,1,1,1,MVP_DE_results_T_10_delta_5_scen_1_trial_1_inv_1_cap._1_cap.inc._1.json
DT,PT_Bio,4,1,1.0,7,60100.0,1,10,5,1,1,1,1,MVP_DE_results_T_10_delta_5_scen_1_trial_1_inv_1_cap._1_cap.inc._1.json
DT,PT_Bio,4,1,1.0,8,60100.0,1,10,5,1,1,1,1,MVP_DE_results_T_10_delta_5_scen_1_trial_1_inv_1_cap._1_cap.inc._1.json
DT,PT_Bio,4,2,0.0,5,0.0,1,10,5,1,1,1,1,MVP_DE_results_T_10_delta_5_scen_1_trial_1_inv_1_cap._1_cap.inc._1.json
DT,PT_Bio,4,2,0.0,4,0.0,1,10,5,1,1,1,1,MVP_DE_results_T_10_delta_5_scen_1_trial_1_inv_1_cap._1_cap.inc._1.json
DT,PT_Bio,4,2,0.0,6,0.0,1,10,5,1,1,1,1,MVP_DE_results_T_10_delta_5_scen_1_trial_1_inv_1_cap._1_cap.inc._1.json
DT,PT_Bio,4,2,0.0,7,0.0,1,10,5,1,1,1,1,MVP_DE_results_T_10_delta_5_scen_1_trial_1_inv_1_cap._1_cap.inc._1.json
DT,PT_Bio,4,2,0.0,8,0.0,1,10,5,1,1,1,1,MVP_DE_results_T_10_delta_5_scen_1_trial_1_inv_1_cap._1_cap.inc._1.json
DT,PT_Bio,5,1,1.0,5,0.0,1,10,5,1,1,1,1,MVP_DE_results_T_10_delta_5_scen_1_trial_1_inv_1_cap._1_cap.inc._1.json
DT,PT_Bio,5,1,1.0,6,0.0,1,10,5,1,1,1,1,MVP_DE_results_T_10_delta_5_scen_1_trial_1_inv_1_cap._1_cap.inc._1.json
DT,PT_Bio,5,1,1.0,7,0.0,1,10,5,1,1,1,1,MVP_DE_results_T_10_delta_5_scen_1_trial_1_inv_1_cap._1_cap.inc._1.json
DT,PT_Bio,5,1,1.0,9,0.0,1,10,5,1,1,1,1,MVP_DE_results_T_10_delta_5_scen_1_trial_1_inv_1_cap._1_cap.inc._1.json
DT,PT_Bio,5,1,1.0,8,0.0,1,10,5,1,1,1,1,MVP_DE_results_T_10_delta_5_scen_1_trial_1_inv_1_cap._1_cap.inc._1.json
DT,PT_Bio,5,2,0.0,5,0.0,1,10,5,1,1,1,1,MVP_DE_results_T_10_delta_5_scen_1_trial_1_inv_1_cap._1_cap.inc._1.json
DT,PT_Bio,5,2,0.0,6,0.0,1,10,5,1,1,1,1,MVP_DE_results_T_10_delta_5_scen_1_trial_1_inv_1_cap._1_cap.inc._1.json
DT,PT_Bio,5,2,0.0,7,0.0,1,10,5,1,1,1,1,MVP_DE_results_T_10_delta_5_scen_1_trial_1_inv_1_cap._1_cap.inc._1.json
DT,PT_Bio,5,2,0.0,9,0.0,1,10,5,1,1,1,1,MVP_DE_results_T_10_delta_5_scen_1_trial_1_inv_1_cap._1_cap.inc._1.json
DT,PT_Bio,5,2,0.0,8,0.0,1,10,5,1,1,1,1,MVP_DE_results_T_10_delta_5_scen_1_trial_1_inv_1_cap._1_cap.inc._1.json
DT,PT_Bio,6,1,1.0,6,0.0,1,10,5,1,1,1,1,MVP_DE_results_T_10_delta_5_scen_1_trial_1_inv_1_cap._1_cap.inc._1.json
DT,PT_Bio,6,1,1.0,7,0.0,1,10,5,1,1,1,1,MVP_DE_results_T_10_delta_5_scen_1_trial_1_inv_1_cap._1_cap.inc._1.json
DT,PT_Bio,6,1,1.0,10,0.0,1,10,5,1,1,1,1,MVP_DE_results_T_10_delta_5_scen_1_trial_1_inv_1_cap._1_cap.inc._1.json
DT,PT_Bio,6,1,1.0,9,0.0,1,10,5,1,1,1,1,MVP_DE_results_T_10_delta_5_scen_1_trial_1_inv_1_cap._1_cap.inc._1.json
DT,PT_Bio,6,1,1.0,8,0.0,1,10,5,1,1,1,1,MVP_DE_results_T_10_delta_5_scen_1_trial_1_inv_1_cap._1_cap.inc._1.json
DT,PT_Bio,6,2,0.0,6,0.0,1,10,5,1,1,1,1,MVP_DE_results_T_10_delta_5_scen_1_trial_1_inv_1_cap._1_cap.inc._1.json
DT,PT_Bio,6,2,0.0,7,0.0,1,10,5,1,1,1,1,MVP_DE_results_T_10_delta_5_scen_1_trial_1_inv_1_cap._1_cap.inc._1.json
DT,PT_Bio,6,2,0.0,10,0.0,1,10,5,1,1,1,1,MVP_DE_results_T_10_delta_5_scen_1_trial_1_inv_1_cap._1_cap.inc._1.json
DT,PT_Bio,6,2,0.0,9,0.0,1,10,5,1,1,1,1,MVP_DE_results_T_10_delta_5_scen_1_trial_1_inv_1_cap._1_cap.inc._1.json
DT,PT_Bio,6,2,0.0,8,0.0,1,10,5,1,1,1,1,MVP_DE_results_T_10_delta_5_scen_1_trial_1_inv_1_cap._1_cap.inc._1.json
DT,PT_Bio,7,1,1.0,7,0.0,1,10,5,1,1,1,1,MVP_DE_results_T_10_delta_5_scen_1_trial_1_inv_1_cap._1_cap.inc._1.json
DT,PT_Bio,7,1,1.0,10,60100.0,1,10,5,1,1,1,1,MVP_DE_results_T_10_delta_5_scen_1_trial_1_inv_1_cap._1_cap.inc._1.json
DT,PT_Bio,7,1,1.0,9,28688.0,1,10,5,1,1,1,1,MVP_DE_results_T_10_delta_5_scen_1_trial_1_inv_1_cap._1_cap.inc._1.json
DT,PT_Bio,7,1,1.0,8,0.0,1,10,5,1,1,1,1,MVP_DE_results_T_10_delta_5_scen_1_trial_1_inv_1_cap._1_cap.inc._1.json
DT,PT_Bio,7,2,0.0,7,0.0,1,10,5,1,1,1,1,MVP_DE_results_T_10_delta_5_scen_1_trial_1_inv_1_cap._1_cap.inc._1.json
DT,PT_Bio,7,2,0.0,10,0.0,1,10,5,1,1,1,1,MVP_DE_results_T_10_delta_5_scen_1_trial_1_inv_1_cap._1_cap.inc._1.json
DT,PT_Bio,7,2,0.0,9,0.0,1,10,5,1,1,1,1,MVP_DE_results_T_10_delta_5_scen_1_trial_1_inv_1_cap._1_cap.inc._1.json
DT,PT_Bio,7,2,0.0,8,0.0,1,10,5,1,1,1,1,MVP_DE_results_T_10_delta_5_scen_1_trial_1_inv_1_cap._1_cap.inc._1.json
DT,PT_Bio,8,1,1.0,10,0.0,1,10,5,1,1,1,1,MVP_DE_results_T_10_delta_5_scen_1_trial_1_inv_1_cap._1_cap.inc._1.json
DT,PT_Bio,8,1,1.0,9,0.0,1,10,5,1,1,1,1,MVP_DE_results_T_10_delta_5_scen_1_trial_1_inv_1_cap._1_cap.inc._1.json
DT,PT_Bio,8,1,1.0,8,0.0,1,10,5,1,1,1,1,MVP_DE_results_T_10_delta_5_scen_1_trial_1_inv_1_cap._1_cap.inc._1.json
DT,PT_Bio,8,2,-0.0,10,0.0,1,10,5,1,1,1,1,MVP_DE_results_T_10_delta_5_scen_1_trial_1_inv_1_cap._1_cap.inc._1.json
DT,PT_Bio,8,2,-0.0,9,0.0,1,10,5,1,1,1,1,MVP_DE_results_T_10_delta_5_scen_1_trial_1_inv_1_cap._1_cap.inc._1.json
DT,PT_Bio,8,2,-0.0,8,0.0,1,10,5,1,1,1,1,MVP_DE_results_T_10_delta_5_scen_1_trial_1_inv_1_cap._1_cap.inc._1.json
DT,PT_Bio,9,1,1.0,10,60100.0,1,10,5,1,1,1,1,MVP_DE_results_T_10_delta_5_scen_1_trial_1_inv_1_cap._1_cap.inc._1.json
DT,PT_Bio,9,1,1.0,9,28688.0,1,10,5,1,1,1,1,MVP_DE_results_T_10_delta_5_scen_1_trial_1_inv_1_cap._1_cap.inc._1.json
DT,PT_Bio,9,2,0.0,10,0.0,1,10,5,1,1,1,1,MVP_DE_results_T_10_delta_5_scen_1_trial_1_inv_1_cap._1_cap.inc._1.json
DT,PT_Bio,9,2,0.0,9,0.0,1,10,5,1,1,1,1,MVP_DE_results_T_10_delta_5_scen_1_trial_1_inv_1_cap._1_cap.inc._1.json
DT,PT_Bio,10,1,1.0,10,31412.0,1,10,5,1,1,1,1,MVP_DE_results_T_10_delta_5_scen_1_trial_1_inv_1_cap._1_cap.inc._1.json
DT,PT_Bio,10,2,0.0,10,0.0,1,10,5,1,1,1,1,MVP_DE_results_T_10_delta_5_scen_1_trial_1_inv_1_cap._1_cap.inc._1.json
DTwP,Biological_E,1,1,1.0,5,0.0,1,10,5,1,1,1,1,MVP_DE_results_T_10_delta_5_scen_1_trial_1_inv_1_cap._1_cap.inc._1.json
DTwP,Biological_E,1,1,1.0,4,0.0,1,10,5,1,1,1,1,MVP_DE_results_T_10_delta_5_scen_1_trial_1_inv_1_cap._1_cap.inc._1.json
DTwP,Biological_E,1,1,1.0,2,0.0,1,10,5,1,1,1,1,MVP_DE_results_T_10_delta_5_scen_1_trial_1_inv_1_cap._1_cap.inc._1.json
DTwP,Biological_E,1,1,1.0,3,0.0,1,10,5,1,1,1,1,MVP_DE_results_T_10_delta_5_scen_1_trial_1_inv_1_cap._1_cap.inc._1.json
DTwP,Biological_E,1,1,1.0,1,0.0,1,10,5,1,1,1,1,MVP_DE_results_T_10_delta_5_scen_1_trial_1_inv_1_cap._1_cap.inc._1.json
DTwP,Biological_E,1,2,0.0,5,0.0,1,10,5,1,1,1,1,MVP_DE_results_T_10_delta_5_scen_1_trial_1_inv_1_cap._1_cap.inc._1.json
DTwP,Biological_E,1,2,0.0,4,0.0,1,10,5,1,1,1,1,MVP_DE_results_T_10_delta_5_scen_1_trial_1_inv_1_cap._1_cap.inc._1.json
DTwP,Biological_E,1,2,0.0,2,0.0,1,10,5,1,1,1,1,MVP_DE_results_T_10_delta_5_scen_1_trial_1_inv_1_cap._1_cap.inc._1.json
DTwP,Biological_E,1,2,0.0,3,0.0,1,10,5,1,1,1,1,MVP_DE_results_T_10_delta_5_scen_1_trial_1_inv_1_cap._1_cap.inc._1.json
DTwP,Biological_E,1,2,0.0,1,0.0,1,10,5,1,1,1,1,MVP_DE_results_T_10_delta_5_scen_1_trial_1_inv_1_cap._1_cap.inc._1.json
DTwP,Biological_E,2,1,1.0,5,30815.0,1,10,5,1,1,1,1,MVP_DE_results_T_10_delta_5_scen_1_trial_1_inv_1_cap._1_cap.inc._1.json
DTwP,Biological_E,2,1,1.0,4,0.0,1,10,5,1,1,1,1,MVP_DE_results_T_10_delta_5_scen_1_trial_1_inv_1_cap._1_cap.inc._1.json
DTwP,Biological_E,2,1,1.0,6,32650.0,1,10,5,1,1,1,1,MVP_DE_results_T_10_delta_5_scen_1_trial_1_inv_1_cap._1_cap.inc._1.json
DTwP,Biological_E,2,1,1.0,2,0.0,1,10,5,1,1,1,1,MVP_DE_results_T_10_delta_5_scen_1_trial_1_inv_1_cap._1_cap.inc._1.json
DTwP,Biological_E,2,1,1.0,3,0.0,1,10,5,1,1,1,1,MVP_DE_results_T_10_delta_5_scen_1_trial_1_inv_1_cap._1_cap.inc._1.json
DTwP,Biological_E,2,2,-0.0,5,0.0,1,10,5,1,1,1,1,MVP_DE_results_T_10_delta_5_scen_1_trial_1_inv_1_cap._1_cap.inc._1.json
DTwP,Biological_E,2,2,-0.0,4,0.0,1,10,5,1,1,1,1,MVP_DE_results_T_10_delta_5_scen_1_trial_1_inv_1_cap._1_cap.inc._1.json
DTwP,Biological_E,2,2,-0.0,6,0.0,1,10,5,1,1,1,1,MVP_DE_results_T_10_delta_5_scen_1_trial_1_inv_1_cap._1_cap.inc._1.json
DTwP,Biological_E,2,2,-0.0,2,-0.0,1,10,5,1,1,1,1,MVP_DE_results_T_10_delta_5_scen_1_trial_1_inv_1_cap._1_cap.inc._1.json
DTwP,Biological_E,2,2,-0.0,3,0.0,1,10,5,1,1,1,1,MVP_DE_results_T_10_delta_5_scen_1_trial_1_inv_1_cap._1_cap.inc._1.json
DTwP,Biological_E,3,1,1.0,5,30815.0,1,10,5,1,1,1,1,MVP_DE_results_T_10_delta_5_scen_1_trial_1_inv_1_cap._1_cap.inc._1.json
DTwP,Biological_E,3,1,1.0,4,0.0,1,10,5,1,1,1,1,MVP_DE_results_T_10_delta_5_scen_1_trial_1_inv_1_cap._1_cap.inc._1.json
DTwP,Biological_E,3,1,1.0,6,32650.0,1,10,5,1,1,1,1,MVP_DE_results_T_10_delta_5_scen_1_trial_1_inv_1_cap._1_cap.inc._1.json
DTwP,Biological_E,3,1,1.0,7,32650.0,1,10,5,1,1,1,1,MVP_DE_results_T_10_delta_5_scen_1_trial_1_inv_1_cap._1_cap.inc._1.json
DTwP,Biological_E,3,1,1.0,3,0.0,1,10,5,1,1,1,1,MVP_DE_results_T_10_delta_5_scen_1_trial_1_inv_1_cap._1_cap.inc._1.json
DTwP,Biological_E,3,2,0.0,5,0.0,1,10,5,1,1,1,1,MVP_DE_results_T_10_delta_5_scen_1_trial_1_inv_1_cap._1_cap.inc._1.json
DTwP,Biological_E,3,2,0.0,4,0.0,1,10,5,1,1,1,1,MVP_DE_results_T_10_delta_5_scen_1_trial_1_inv_1_cap._1_cap.inc._1.json
DTwP,Biological_E,3,2,0.0,6,0.0,1,10,5,1,1,1,1,MVP_DE_results_T_10_delta_5_scen_1_trial_1_inv_1_cap._1_cap.inc._1.json
DTwP,Biological_E,3,2,0.0,7,0.0,1,10,5,1,1,1,1,MVP_DE_results_T_10_delta_5_scen_1_trial_1_inv_1_cap._1_cap.inc._1.json
DTwP,Biological_E,3,2,0.0,3,0.0,1,10,5,1,1,1,1,MVP_DE_results_T_10_delta_5_scen_1_trial_1_inv_1_cap._1_cap.inc._1.json
DTwP,Biological_E,4,1,1.0,5,30815.0,1,10,5,1,1,1,1,MVP_DE_results_T_10_delta_5_scen_1_trial_1_inv_1_cap._1_cap.inc._1.json
DTwP,Biological_E,4,1,1.0,4,0.0,1,10,5,1,1,1,1,MVP_DE_results_T_10_delta_5_scen_1_trial_1_inv_1_cap._1_cap.inc._1.json
DTwP,Biological_E,4,1,1.0,6,32650.0,1,10,5,1,1,1,1,MVP_DE_results_T_10_delta_5_scen_1_trial_1_inv_1_cap._1_cap.inc._1.json
DTwP,Biological_E,4,1,1.0,7,32650.0,1,10,5,1,1,1,1,MVP_DE_results_T_10_delta_5_scen_1_trial_1_inv_1_cap._1_cap.inc._1.json
DTwP,Biological_E,4,1,1.0,8,32650.0,1,10,5,1,1,1,1,MVP_DE_results_T_10_delta_5_scen_1_trial_1_inv_1_cap._1_cap.inc._1.json
DTwP,Biological_E,4,2,-0.0,5,0.0,1,10,5,1,1,1,1,MVP_DE_results_T_10_delta_5_scen_1_trial_1_inv_1_cap._1_cap.inc._1.json
DTwP,Biological_E,4,2,-0.0,4,-0.0,1,10,5,1,1,1,1,MVP_DE_results_T_10_delta_5_scen_1_trial_1_inv_1_cap._1_cap.inc._1.json
DTwP,Biological_E,4,2,-0.0,6,0.0,1,10,5,1,1,1,1,MVP_DE_results_T_10_delta_5_scen_1_trial_1_inv_1_cap._1_cap.inc._1.json
DTwP,Biological_E,4,2,-0.0,7,0.0,1,10,5,1,1,1,1,MVP_DE_results_T_10_delta_5_scen_1_trial_1_inv_1_cap._1_cap.inc._1.json
DTwP,Biological_E,4,2,-0.0,8,0.0,1,10,5,1,1,1,1,MVP_DE_results_T_10_delta_5_scen_1_trial_1_inv_1_cap._1_cap.inc._1.json
DTwP,Biological_E,5,1,1.0,5,0.0,1,10,5,1,1,1,1,MVP_DE_results_T_10_delta_5_scen_1_trial_1_inv_1_cap._1_cap.inc._1.json
DTwP,Biological_E,5,1,1.0,6,0.0,1,10,5,1,1,1,1,MVP_DE_results_T_10_delta_5_scen_1_trial_1_inv_1_cap._1_cap.inc._1.json
DTwP,Biological_E,5,1,1.0,7,0.0,1,10,5,1,1,1,1,MVP_DE_results_T_10_delta_5_scen_1_trial_1_inv_1_cap._1_cap.inc._1.json
DTwP,Biological_E,5,1,1.0,9,0.0,1,10,5,1,1,1,1,MVP_DE_results_T_10_delta_5_scen_1_trial_1_inv_1_cap._1_cap.inc._1.json
DTwP,Biological_E,5,1,1.0,8,0.0,1,10,5,1,1,1,1,MVP_DE_results_T_10_delta_5_scen_1_trial_1_inv_1_cap._1_cap.inc._1.json
DTwP,Biological_E,5,2,-0.0,5,0.0,1,10,5,1,1,1,1,MVP_DE_results_T_10_delta_5_scen_1_trial_1_inv_1_cap._1_cap.inc._1.json
DTwP,Biological_E,5,2,-0.0,6,0.0,1,10,5,1,1,1,1,MVP_DE_results_T_10_delta_5_scen_1_trial_1_inv_1_cap._1_cap.inc._1.json
DTwP,Biological_E,5,2,-0.0,7,0.0,1,10,5,1,1,1,1,MVP_DE_results_T_10_delta_5_scen_1_trial_1_inv_1_cap._1_cap.inc._1.json
DTwP,Biological_E,5,2,-0.0,9,0.0,1,10,5,1,1,1,1,MVP_DE_results_T_10_delta_5_scen_1_trial_1_inv_1_cap._1_cap.inc._1.json
DTwP,Biological_E,5,2,-0.0,8,0.0,1,10,5,1,1,1,1,MVP_DE_results_T_10_delta_5_scen_1_trial_1_inv_1_cap._1_cap.inc._1.json
DTwP,Biological_E,6,1,1.0,6,0.0,1,10,5,1,1,1,1,MVP_DE_results_T_10_delta_5_scen_1_trial_1_inv_1_cap._1_cap.inc._1.json
DTwP,Biological_E,6,1,1.0,7,0.0,1,10,5,1,1,1,1,MVP_DE_results_T_10_delta_5_scen_1_trial_1_inv_1_cap._1_cap.inc._1.json
DTwP,Biological_E,6,1,1.0,10,0.0,1,10,5,1,1,1,1,MVP_DE_results_T_10_delta_5_scen_1_trial_1_inv_1_cap._1_cap.inc._1.json
DTwP,Biological_E,6,1,1.0,9,0.0,1,10,5,1,1,1,1,MVP_DE_results_T_10_delta_5_scen_1_trial_1_inv_1_cap._1_cap.inc._1.json
DTwP,Biological_E,6,1,1.0,8,0.0,1,10,5,1,1,1,1,MVP_DE_results_T_10_delta_5_scen_1_trial_1_inv_1_cap._1_cap.inc._1.json
DTwP,Biological_E,6,2,-0.0,6,-0.0,1,10,5,1,1,1,1,MVP_DE_results_T_10_delta_5_scen_1_trial_1_inv_1_cap._1_cap.inc._1.json
DTwP,Biological_E,6,2,-0.0,7,0.0,1,10,5,1,1,1,1,MVP_DE_results_T_10_delta_5_scen_1_trial_1_inv_1_cap._1_cap.inc._1.json
DTwP,Biological_E,6,2,-0.0,10,0.0,1,10,5,1,1,1,1,MVP_DE_results_T_10_delta_5_scen_1_trial_1_inv_1_cap._1_cap.inc._1.json
DTwP,Biological_E,6,2,-0.0,9,0.0,1,10,5,1,1,1,1,MVP_DE_results_T_10_delta_5_scen_1_trial_1_inv_1_cap._1_cap.inc._1.json
DTwP,Biological_E,6,2,-0.0,8,0.0,1,10,5,1,1,1,1,MVP_DE_results_T_10_delta_5_scen_1_trial_1_inv_1_cap._1_cap.inc._1.json
DTwP,Biological_E,7,1,1.0,7,0.0,1,10,5,1,1,1,1,MVP_DE_results_T_10_delta_5_scen_1_trial_1_inv_1_cap._1_cap.inc._1.json
DTwP,Biological_E,7,1,1.0,10,47715.0,1,10,5,1,1,1,1,MVP_DE_results_T_10_delta_5_scen_1_trial_1_inv_1_cap._1_cap.inc._1.json
DTwP,Biological_E,7,1,1.0,9,0.0,1,10,5,1,1,1,1,MVP_DE_results_T_10_delta_5_scen_1_trial_1_inv_1_cap._1_cap.inc._1.json
DTwP,Biological_E,7,1,1.0,8,0.0,1,10,5,1,1,1,1,MVP_DE_results_T_10_delta_5_scen_1_trial_1_inv_1_cap._1_cap.inc._1.json
DTwP,Biological_E,7,2,-0.0,7,-0.0,1,10,5,1,1,1,1,MVP_DE_results_T_10_delta_5_scen_1_trial_1_inv_1_cap._1_cap.inc._1.json
DTwP,Biological_E,7,2,-0.0,10,0.0,1,10,5,1,1,1,1,MVP_DE_results_T_10_delta_5_scen_1_trial_1_inv_1_cap._1_cap.inc._1.json
DTwP,Biological_E,7,2,-0.0,9,0.0,1,10,5,1,1,1,1,MVP_DE_results_T_10_delta_5_scen_1_trial_1_inv_1_cap._1_cap.inc._1.json
DTwP,Biological_E,7,2,-0.0,8,0.0,1,10,5,1,1,1,1,MVP_DE_results_T_10_delta_5_scen_1_trial_1_inv_1_cap._1_cap.inc._1.json
DTwP,Biological_E,8,1,1.0,10,0.0,1,10,5,1,1,1,1,MVP_DE_results_T_10_delta_5_scen_1_trial_1_inv_1_cap._1_cap.inc._1.json
DTwP,Biological_E,8,1,1.0,9,0.0,1,10,5,1,1,1,1,MVP_DE_results_T_10_delta_5_scen_1_trial_1_inv_1_cap._1_cap.inc._1.json
DTwP,Biological_E,8,1,1.0,8,0.0,1,10,5,1,1,1,1,MVP_DE_results_T_10_delta_5_scen_1_trial_1_inv_1_cap._1_cap.inc._1.json
DTwP,Biological_E,8,2,-0.0,10,0.0,1,10,5,1,1,1,1,MVP_DE_results_T_10_delta_5_scen_1_trial_1_inv_1_cap._1_cap.inc._1.json
DTwP,Biological_E,8,2,-0.0,9,0.0,1,10,5,1,1,1,1,MVP_DE_results_T_10_delta_5_scen_1_trial_1_inv_1_cap._1_cap.inc._1.json
DTwP,Biological_E,8,2,-0.0,8,0.0,1,10,5,1,1,1,1,MVP_DE_results_T_10_delta_5_scen_1_trial_1_inv_1_cap._1_cap.inc._1.json
DTwP,Biological_E,9,1,1.0,10,47715.0,1,10,5,1,1,1,1,MVP_DE_results_T_10_delta_5_scen_1_trial_1_inv_1_cap._1_cap.inc._1.json
DTwP,Biological_E,9,1,1.0,9,0.0,1,10,5,1,1,1,1,MVP_DE_results_T_10_delta_5_scen_1_trial_1_inv_1_cap._1_cap.inc._1.json
DTwP,Biological_E,9,2,-0.0,10,0.0,1,10,5,1,1,1,1,MVP_DE_results_T_10_delta_5_scen_1_trial_1_inv_1_cap._1_cap.inc._1.json
DTwP,Biological_E,9,2,-0.0,9,-0.0,1,10,5,1,1,1,1,MVP_DE_results_T_10_delta_5_scen_1_trial_1_inv_1_cap._1_cap.inc._1.json
DTwP,Biological_E,10,1,1.0,10,0.0,1,10,5,1,1,1,1,MVP_DE_results_T_10_delta_5_scen_1_trial_1_inv_1_cap._1_cap.inc._1.json
DTwP,Biological_E,10,2,-0.0,10,0.0,1,10,5,1,1,1,1,MVP_DE_results_T_10_delta_5_scen_1_trial_1_inv_1_cap._1_cap.inc._1.json
DTwP,Serum_Institute,1,1,1.0,5,0.0,1,10,5,1,1,1,1,MVP_DE_results_T_10_delta_5_scen_1_trial_1_inv_1_cap._1_cap.inc._1.json
DTwP,Serum_Institute,1,1,1.0,4,0.0,1,10,5,1,1,1,1,MVP_DE_results_T_10_delta_5_scen_1_trial_1_inv_1_cap._1_cap.inc._1.json
DTwP,Serum_Institute,1,1,1.0,2,0.0,1,10,5,1,1,1,1,MVP_DE_results_T_10_delta_5_scen_1_trial_1_inv_1_cap._1_cap.inc._1.json
DTwP,Serum_Institute,1,1,1.0,3,0.0,1,10,5,1,1,1,1,MVP_DE_results_T_10_delta_5_scen_1_trial_1_inv_1_cap._1_cap.inc._1.json
DTwP,Serum_Institute,1,1,1.0,1,0.0,1,10,5,1,1,1,1,MVP_DE_results_T_10_delta_5_scen_1_trial_1_inv_1_cap._1_cap.inc._1.json
DTwP,Serum_Institute,1,2,0.0,5,0.0,1,10,5,1,1,1,1,MVP_DE_results_T_10_delta_5_scen_1_trial_1_inv_1_cap._1_cap.inc._1.json
DTwP,Serum_Institute,1,2,0.0,4,0.0,1,10,5,1,1,1,1,MVP_DE_results_T_10_delta_5_scen_1_trial_1_inv_1_cap._1_cap.inc._1.json
DTwP,Serum_Institute,1,2,0.0,2,0.0,1,10,5,1,1,1,1,MVP_DE_results_T_10_delta_5_scen_1_trial_1_inv_1_cap._1_cap.inc._1.json
DTwP,Serum_Institute,1,2,0.0,3,0.0,1,10,5,1,1,1,1,MVP_DE_results_T_10_delta_5_scen_1_trial_1_inv_1_cap._1_cap.inc._1.json
DTwP,Serum_Institute,1,2,0.0,1,0.0,1,10,5,1,1,1,1,MVP_DE_results_T_10_delta_5_scen_1_trial_1_inv_1_cap._1_cap.inc._1.json
DTwP,Serum_Institute,2,1,1.0,5,0.0,1,10,5,1,1,1,1,MVP_DE_results_T_10_delta_5_scen_1_trial_1_inv_1_cap._1_cap.inc._1.json
DTwP,Serum_Institute,2,1,1.0,4,0.0,1,10,5,1,1,1,1,MVP_DE_results_T_10_delta_5_scen_1_trial_1_inv_1_cap._1_cap.inc._1.json
DTwP,Serum_Institute,2,1,1.0,6,0.0,1,10,5,1,1,1,1,MVP_DE_results_T_10_delta_5_scen_1_trial_1_inv_1_cap._1_cap.inc._1.json
DTwP,Serum_Institute,2,1,1.0,2,0.0,1,10,5,1,1,1,1,MVP_DE_results_T_10_delta_5_scen_1_trial_1_inv_1_cap._1_cap.inc._1.json
DTwP,Serum_Institute,2,1,1.0,3,0.0,1,10,5,1,1,1,1,MVP_DE_results_T_10_delta_5_scen_1_trial_1_inv_1_cap._1_cap.inc._1.json
DTwP,Serum_Institute,2,2,0.0,5,0.0,1,10,5,1,1,1,1,MVP_DE_results_T_10_delta_5_scen_1_trial_1_inv_1_cap._1_cap.inc._1.json
DTwP,Serum_Institute,2,2,0.0,4,0.0,1,10,5,1,1,1,1,MVP_DE_results_T_10_delta_5_scen_1_trial_1_inv_1_cap._1_cap.inc._1.json
DTwP,Serum_Institute,2,2,0.0,6,0.0,1,10,5,1,1,1,1,MVP_DE_results_T_10_delta_5_scen_1_trial_1_inv_1_cap._1_cap.inc._1.json
DTwP,Serum_Institute,2,2,0.0,2,0.0,1,10,5,1,1,1,1,MVP_DE_results_T_10_delta_5_scen_1_trial_1_inv_1_cap._1_cap.inc._1.json
DTwP,Serum_Institute,2,2,0.0,3,0.0,1,10,5,1,1,1,1,MVP_DE_results_T_10_delta_5_scen_1_trial_1_inv_1_cap._1_cap.inc._1.json
DTwP,Serum_Institute,3,1,1.0,5,0.0,1,10,5,1,1,1,1,MVP_DE_results_T_10_delta_5_scen_1_trial_1_inv_1_cap._1_cap.inc._1.json
DTwP,Serum_Institute,3,1,1.0,4,0.0,1,10,5,1,1,1,1,MVP_DE_results_T_10_delta_5_scen_1_trial_1_inv_1_cap._1_cap.inc._1.json
DTwP,Serum_Institute,3,1,1.0,6,0.0,1,10,5,1,1,1,1,MVP_DE_results_T_10_delta_5_scen_1_trial_1_inv_1_cap._1_cap.inc._1.json
DTwP,Serum_Institute,3,1,1.0,7,0.0,1,10,5,1,1,1,1,MVP_DE_results_T_10_delta_5_scen_1_trial_1_inv_1_cap._1_cap.inc._1.json
DTwP,Serum_Institute,3,1,1.0,3,0.0,1,10,5,1,1,1,1,MVP_DE_results_T_10_delta_5_scen_1_trial_1_inv_1_cap._1_cap.inc._1.json
DTwP,Serum_Institute,3,2,0.0,5,0.0,1,10,5,1,1,1,1,MVP_DE_results_T_10_delta_5_scen_1_trial_1_inv_1_cap._1_cap.inc._1.json
DTwP,Serum_Institute,3,2,0.0,4,0.0,1,10,5,1,1,1,1,MVP_DE_results_T_10_delta_5_scen_1_trial_1_inv_1_cap._1_cap.inc._1.json
DTwP,Serum_Institute,3,2,0.0,6,0.0,1,10,5,1,1,1,1,MVP_DE_results_T_10_delta_5_scen_1_trial_1_inv_1_cap._1_cap.inc._1.json
DTwP,Serum_Institute,3,2,0.0,7,0.0,1,10,5,1,1,1,1,MVP_DE_results_T_10_delta_5_scen_1_trial_1_inv_1_cap._1_cap.inc._1.json
DTwP,Serum_Institute,3,2,0.0,3,0.0,1,10,5,1,1,1,1,MVP_DE_results_T_10_delta_5_scen_1_trial_1_inv_1_cap._1_cap.inc._1.json
DTwP,Serum_Institute,4,1,1.0,5,0.0,1,10,5,1,1,1,1,MVP_DE_results_T_10_delta_5_scen_1_trial_1_inv_1_cap._1_cap.inc._1.json
DTwP,Serum_Institute,4,1,1.0,4,0.0,1,10,5,1,1,1,1,MVP_DE_results_T_10_delta_5_scen_1_trial_1_inv_1_cap._1_cap.inc._1.json
DTwP,Serum_Institute,4,1,1.0,6,0.0,1,10,5,1,1,1,1,MVP_DE_results_T_10_delta_5_scen_1_trial_1_inv_1_cap._1_cap.inc._1.json
DTwP,Serum_Institute,4,1,1.0,7,0.0,1,10,5,1,1,1,1,MVP_DE_results_T_10_delta_5_scen_1_trial_1_inv_1_cap._1_cap.inc._1.json
DTwP,Serum_Institute,4,1,1.0,8,0.0,1,10,5,1,1,1,1,MVP_DE_results_T_10_delta_5_scen_1_trial_1_inv_1_cap._1_cap.inc._1.json
DTwP,Serum_Institute,4,2,0.0,5,0.0,1,10,5,1,1,1,1,MVP_DE_results_T_10_delta_5_scen_1_trial_1_inv_1_cap._1_cap.inc._1.json
DTwP,Serum_Institute,4,2,0.0,4,0.0,1,10,5,1,1,1,1,MVP_DE_results_T_10_delta_5_scen_1_trial_1_inv_1_cap._1_cap.inc._1.json
DTwP,Serum_Institute,4,2,0.0,6,0.0,1,10,5,1,1,1,1,MVP_DE_results_T_10_delta_5_scen_1_trial_1_inv_1_cap._1_cap.inc._1.json
DTwP,Serum_Institute,4,2,0.0,7,0.0,1,10,5,1,1,1,1,MVP_DE_results_T_10_delta_5_scen_1_trial_1_inv_1_cap._1_cap.inc._1.json
DTwP,Serum_Institute,4,2,0.0,8,0.0,1,10,5,1,1,1,1,MVP_DE_results_T_10_delta_5_scen_1_trial_1_inv_1_cap._1_cap.inc._1.json
DTwP,Serum_Institute,5,1,1.0,5,0.0,1,10,5,1,1,1,1,MVP_DE_results_T_10_delta_5_scen_1_trial_1_inv_1_cap._1_cap.inc._1.json
DTwP,Serum_Institute,5,1,1.0,6,0.0,1,10,5,1,1,1,1,MVP_DE_results_T_10_delta_5_scen_1_trial_1_inv_1_cap._1_cap.inc._1.json
DTwP,Serum_Institute,5,1,1.0,7,0.0,1,10,5,1,1,1,1,MVP_DE_results_T_10_delta_5_scen_1_trial_1_inv_1_cap._1_cap.inc._1.json
DTwP,Serum_Institute,5,1,1.0,9,0.0,1,10,5,1,1,1,1,MVP_DE_results_T_10_delta_5_scen_1_trial_1_inv_1_cap._1_cap.inc._1.json
DTwP,Serum_Institute,5,1,1.0,8,0.0,1,10,5,1,1,1,1,MVP_DE_results_T_10_delta_5_scen_1_trial_1_inv_1_cap._1_cap.inc._1.json
DTwP,Serum_Institute,5,2,0.0,5,0.0,1,10,5,1,1,1,1,MVP_DE_results_T_10_delta_5_scen_1_trial_1_inv_1_cap._1_cap.inc._1.json
DTwP,Serum_Institute,5,2,0.0,6,0.0,1,10,5,1,1,1,1,MVP_DE_results_T_10_delta_5_scen_1_trial_1_inv_1_cap._1_cap.inc._1.json
DTwP,Serum_Institute,5,2,0.0,7,0.0,1,10,5,1,1,1,1,MVP_DE_results_T_10_delta_5_scen_1_trial_1_inv_1_cap._1_cap.inc._1.json
DTwP,Serum_Institute,5,2,0.0,9,0.0,1,10,5,1,1,1,1,MVP_DE_results_T_10_delta_5_scen_1_trial_1_inv_1_cap._1_cap.inc._1.json
DTwP,Serum_Institute,5,2,0.0,8,0.0,1,10,5,1,1,1,1,MVP_DE_results_T_10_delta_5_scen_1_trial_1_inv_1_cap._1_cap.inc._1.json
DTwP,Serum_Institute,6,1,1.0,6,0.0,1,10,5,1,1,1,1,MVP_DE_results_T_10_delta_5_scen_1_trial_1_inv_1_cap._1_cap.inc._1.json
DTwP,Serum_Institute,6,1,1.0,7,0.0,1,10,5,1,1,1,1,MVP_DE_results_T_10_delta_5_scen_1_trial_1_inv_1_cap._1_cap.inc._1.json
DTwP,Serum_Institute,6,1,1.0,10,0.0,1,10,5,1,1,1,1,MVP_DE_results_T_10_delta_5_scen_1_trial_1_inv_1_cap._1_cap.inc._1.json
DTwP,Serum_Institute,6,1,1.0,9,0.0,1,10,5,1,1,1,1,MVP_DE_results_T_10_delta_5_scen_1_trial_1_inv_1_cap._1_cap.inc._1.json
DTwP,Serum_Institute,6,1,1.0,8,0.0,1,10,5,1,1,1,1,MVP_DE_results_T_10_delta_5_scen_1_trial_1_inv_1_cap._1_cap.inc._1.json
DTwP,Serum_Institute,6,2,0.0,6,0.0,1,10,5,1,1,1,1,MVP_DE_results_T_10_delta_5_scen_1_trial_1_inv_1_cap._1_cap.inc._1.json
DTwP,Serum_Institute,6,2,0.0,7,0.0,1,10,5,1,1,1,1,MVP_DE_results_T_10_delta_5_scen_1_trial_1_inv_1_cap._1_cap.inc._1.json
DTwP,Serum_Institute,6,2,0.0,10,0.0,1,10,5,1,1,1,1,MVP_DE_results_T_10_delta_5_scen_1_trial_1_inv_1_cap._1_cap.inc._1.json
DTwP,Serum_Institute,6,2,0.0,9,0.0,1,10,5,1,1,1,1,MVP_DE_results_T_10_delta_5_scen_1_trial_1_inv_1_cap._1_cap.inc._1.json
DTwP,Serum_Institute,6,2,0.0,8,0.0,1,10,5,1,1,1,1,MVP_DE_results_T_10_delta_5_scen_1_trial_1_inv_1_cap._1_cap.inc._1.json
DTwP,Serum_Institute,7,1,1.0,7,0.0,1,10,5,1,1,1,1,MVP_DE_results_T_10_delta_5_scen_1_trial_1_inv_1_cap._1_cap.inc._1.json
DTwP,Serum_Institute,7,1,1.0,10,9881.9,1,10,5,1,1,1,1,MVP_DE_results_T_10_delta_5_scen_1_trial_1_inv_1_cap._1_cap.inc._1.json
DTwP,Serum_Institute,7,1,1.0,9,4680.9,1,10,5,1,1,1,1,MVP_DE_results_T_10_delta_5_scen_1_trial_1_inv_1_cap._1_cap.inc._1.json
DTwP,Serum_Institute,7,1,1.0,8,0.0,1,10,5,1,1,1,1,MVP_DE_results_T_10_delta_5_scen_1_trial_1_inv_1_cap._1_cap.inc._1.json
DTwP,Serum_Institute,7,2,0.0,7,0.0,1,10,5,1,1,1,1,MVP_DE_results_T_10_delta_5_scen_1_trial_1_inv_1_cap._1_cap.inc._1.json
DTwP,Serum_Institute,7,2,0.0,10,0.0,1,10,5,1,1,1,1,MVP_DE_results_T_10_delta_5_scen_1_trial_1_inv_1_cap._1_cap.inc._1.json
DTwP,Serum_Institute,7,2,0.0,9,0.0,1,10,5,1,1,1,1,MVP_DE_results_T_10_delta_5_scen_1_trial_1_inv_1_cap._1_cap.inc._1.json
DTwP,Serum_Institute,7,2,0.0,8,0.0,1,10,5,1,1,1,1,MVP_DE_results_T_10_delta_5_scen_1_trial_1_inv_1_cap._1_cap.inc._1.json
DTwP,Serum_Institute,8,1,1.0,10,0.0,1,10,5,1,1,1,1,MVP_DE_results_T_10_delta_5_scen_1_trial_1_inv_1_cap._1_cap.inc._1.json
DTwP,Serum_Institute,8,1,1.0,9,4680.9,1,10,5,1,1,1,1,MVP_DE_results_T_10_delta_5_scen_1_trial_1_inv_1_cap._1_cap.inc._1.json
DTwP,Serum_Institute,8,1,1.0,8,0.0,1,10,5,1,1,1,1,MVP_DE_results_T_10_delta_5_scen_1_trial_1_inv_1_cap._1_cap.inc._1.json
DTwP,Serum_Institute,8,2,0.0,10,0.0,1,10,5,1,1,1,1,MVP_DE_results_T_10_delta_5_scen_1_trial_1_inv_1_cap._1_cap.inc._1.json
DTwP,Serum_Institute,8,2,0.0,9,0.0,1,10,5,1,1,1,1,MVP_DE_results_T_10_delta_5_scen_1_trial_1_inv_1_cap._1_cap.inc._1.json
DTwP,Serum_Institute,8,2,0.0,8,0.0,1,10,5,1,1,1,1,MVP_DE_results_T_10_delta_5_scen_1_trial_1_inv_1_cap._1_cap.inc._1.json
DTwP,Serum_Institute,9,1,1.0,10,9881.9,1,10,5,1,1,1,1,MVP_DE_results_T_10_delta_5_scen_1_trial_1_inv_1_cap._1_cap.inc._1.json
DTwP,Serum_Institute,9,1,1.0,9,4680.9,1,10,5,1,1,1,1,MVP_DE_results_T_10_delta_5_scen_1_trial_1_inv_1_cap._1_cap.inc._1.json
DTwP,Serum_Institute,9,2,0.0,10,0.0,1,10,5,1,1,1,1,MVP_DE_results_T_10_delta_5_scen_1_trial_1_inv_1_cap._1_cap.inc._1.json
DTwP,Serum_Institute,9,2,0.0,9,0.0,1,10,5,1,1,1,1,MVP_DE_results_T_10_delta_5_scen_1_trial_1_inv_1_cap._1_cap.inc._1.json
DTwP,Serum_Institute,10,1,1.0,10,5201.0,1,10,5,1,1,1,1,MVP_DE_results_T_10_delta_5_scen_1_trial_1_inv_1_cap._1_cap.inc._1.json
DTwP,Serum_Institute,10,2,0.0,10,0.0,1,10,5,1,1,1,1,MVP_DE_results_T_10_delta_5_scen_1_trial_1_inv_1_cap._1_cap.inc._1.json
DTwP-Hib,Serum_Institute,1,1,1.0,5,0.0,1,10,5,1,1,1,1,MVP_DE_results_T_10_delta_5_scen_1_trial_1_inv_1_cap._1_cap.inc._1.json
DTwP-Hib,Serum_Institute,1,1,1.0,4,0.0,1,10,5,1,1,1,1,MVP_DE_results_T_10_delta_5_scen_1_trial_1_inv_1_cap._1_cap.inc._1.json
DTwP-Hib,Serum_Institute,1,1,1.0,2,0.0,1,10,5,1,1,1,1,MVP_DE_results_T_10_delta_5_scen_1_trial_1_inv_1_cap._1_cap.inc._1.json
DTwP-Hib,Serum_Institute,1,1,1.0,3,15603.0,1,10,5,1,1,1,1,MVP_DE_results_T_10_delta_5_scen_1_trial_1_inv_1_cap._1_cap.inc._1.json
DTwP-Hib,Serum_Institute,1,1,1.0,1,5201.0,1,10,5,1,1,1,1,MVP_DE_results_T_10_delta_5_scen_1_trial_1_inv_1_cap._1_cap.inc._1.json
DTwP-Hib,Serum_Institute,1,2,0.0,5,0.0,1,10,5,1,1,1,1,MVP_DE_results_T_10_delta_5_scen_1_trial_1_inv_1_cap._1_cap.inc._1.json
DTwP-Hib,Serum_Institute,1,2,0.0,4,0.0,1,10,5,1,1,1,1,MVP_DE_results_T_10_delta_5_scen_1_trial_1_inv_1_cap._1_cap.inc._1.json
DTwP-Hib,Serum_Institute,1,2,0.0,2,0.0,1,10,5,1,1,1,1,MVP_DE_results_T_10_delta_5_scen_1_trial_1_inv_1_cap._1_cap.inc._1.json
DTwP-Hib,Serum_Institute,1,2,0.0,3,0.0,1,10,5,1,1,1,1,MVP_DE_results_T_10_delta_5_scen_1_trial_1_inv_1_cap._1_cap.inc._1.json
DTwP-Hib,Serum_Institute,1,2,0.0,1,0.0,1,10,5,1,1,1,1,MVP_DE_results_T_10_delta_5_scen_1_trial_1_inv_1_cap._1_cap.inc._1.json
DTwP-Hib,Serum_Institute,2,1,1.0,5,20804.0,1,10,5,1,1,1,1,MVP_DE_results_T_10_delta_5_scen_1_trial_1_inv_1_cap._1_cap.inc._1.json
DTwP-Hib,Serum_Institute,2,1,1.0,4,15603.0,1,10,5,1,1,1,1,MVP_DE_results_T_10_delta_5_scen_1_trial_1_inv_1_cap._1_cap.inc._1.json
DTwP-Hib,Serum_Institute,2,1,1.0,6,26005.0,1,10,5,1,1,1,1,MVP_DE_results_T_10_delta_5_scen_1_trial_1_inv_1_cap._1_cap.inc._1.json
DTwP-Hib,Serum_Institute,2,1,1.0,2,5201.0,1,10,5,1,1,1,1,MVP_DE_results_T_10_delta_5_scen_1_trial_1_inv_1_cap._1_cap.inc._1.json
DTwP-Hib,Serum_Institute,2,1,1.0,3,10402.0,1,10,5,1,1,1,1,MVP_DE_results_T_10_delta_5_scen_1_trial_1_inv_1_cap._1_cap.inc._1.json
DTwP-Hib,Serum_Institute,2,2,0.0,5,0.0,1,10,5,1,1,1,1,MVP_DE_results_T_10_delta_5_scen_1_trial_1_inv_1_cap._1_cap.inc._1.json
DTwP-Hib,Serum_Institute,2,2,0.0,4,0.0,1,10,5,1,1,1,1,MVP_DE_results_T_10_delta_5_scen_1_trial_1_inv_1_cap._1_cap.inc._1.json
DTwP-Hib,Serum_Institute,2,2,0.0,6,0.0,1,10,5,1,1,1,1,MVP_DE_results_T_10_delta_5_scen_1_trial_1_inv_1_cap._1_cap.inc._1.json
DTwP-Hib,Serum_Institute,2,2,0.0,2,0.0,1,10,5,1,1,1,1,MVP_DE_results_T_10_delta_5_scen_1_trial_1_inv_1_cap._1_cap.inc._1.json
DTwP-Hib,Serum_Institute,2,2,0.0,3,0.0,1,10,5,1,1,1,1,MVP_DE_results_T_10_delta_5_scen_1_trial_1_inv_1_cap._1_cap.inc._1.json
DTwP-Hib,Serum_Institute,3,1,1.0,5,15603.0,1,10,5,1,1,1,1,MVP_DE_results_T_10_delta_5_scen_1_trial_1_inv_1_cap._1_cap.inc._1.json
DTwP-Hib,Serum_Institute,3,1,1.0,4,10402.0,1,10,5,1,1,1,1,MVP_DE_results_T_10_delta_5_scen_1_trial_1_inv_1_cap._1_cap.inc._1.json
DTwP-Hib,Serum_Institute,3,1,1.0,6,20804.0,1,10,5,1,1,1,1,MVP_DE_results_T_10_delta_5_scen_1_trial_1_inv_1_cap._1_cap.inc._1.json
DTwP-Hib,Serum_Institute,3,1,1.0,7,26005.0,1,10,5,1,1,1,1,MVP_DE_results_T_10_delta_5_scen_1_trial_1_inv_1_cap._1_cap.inc._1.json
DTwP-Hib,Serum_Institute,3,1,1.0,3,5201.0,1,10,5,1,1,1,1,MVP_DE_results_T_10_delta_5_scen_1_trial_1_inv_1_cap._1_cap.inc._1.json
DTwP-Hib,Serum_Institute,3,2,0.0,5,0.0,1,10,5,1,1,1,1,MVP_DE_results_T_10_delta_5_scen_1_trial_1_inv_1_cap._1_cap.inc._1.json
DTwP-Hib,Serum_Institute,3,2,0.0,4,0.0,1,10,5,1,1,1,1,MVP_DE_results_T_10_delta_5_scen_1_trial_1_inv_1_cap._1_cap.inc._1.json
DTwP-Hib,Serum_Institute,3,2,0.0,6,0.0,1,10,5,1,1,1,1,MVP_DE_results_T_10_delta_5_scen_1_trial_1_inv_1_cap._1_cap.inc._1.json
DTwP-Hib,Serum_Institute,3,2,0.0,7,0.0,1,10,5,1,1,1,1,MVP_DE_results_T_10_delta_5_scen_1_trial_1_inv_1_cap._1_cap.inc._1.json
DTwP-Hib,Serum_Institute,3,2,0.0,3,0.0,1,10,5,1,1,1,1,MVP_DE_results_T_10_delta_5_scen_1_trial_1_inv_1_cap._1_cap.inc._1.json
DTwP-Hib,Serum_Institute,4,1,1.0,5,10402.0,1,10,5,1,1,1,1,MVP_DE_results_T_10_delta_5_scen_1_trial_1_inv_1_cap._1_cap.inc._1.json
DTwP-Hib,Serum_Institute,4,1,1.0,4,5201.0,1,10,5,1,1,1,1,MVP_DE_results_T_10_delta_5_scen_1_trial_1_inv_1_cap._1_cap.inc._1.json
DTwP-Hib,Serum_Institute,4,1,1.0,6,15603.0,1,10,5,1,1,1,1,MVP_DE_results_T_10_delta_5_scen_1_trial_1_inv_1_cap._1_cap.inc._1.json
DTwP-Hib,Serum_Institute,4,1,1.0,7,20804.0,1,10,5,1,1,1,1,MVP_DE_results_T_10_delta_5_scen_1_trial_1_inv_1_cap._1_cap.inc._1.json
DTwP-Hib,Serum_Institute,4,1,1.0,8,26005.0,1,10,5,1,1,1,1,MVP_DE_results_T_10_delta_5_scen_1_trial_1_inv_1_cap._1_cap.inc._1.json
DTwP-Hib,Serum_Institute,4,2,0.0,5,0.0,1,10,5,1,1,1,1,MVP_DE_results_T_10_delta_5_scen_1_trial_1_inv_1_cap._1_cap.inc._1.json
DTwP-Hib,Serum_Institute,4,2,0.0,4,0.0,1,10,5,1,1,1,1,MVP_DE_results_T_10_delta_5_scen_1_trial_1_inv_1_cap._1_cap.inc._1.json
DTwP-Hib,Serum_Institute,4,2,0.0,6,0.0,1,10,5,1,1,1,1,MVP_DE_results_T_10_delta_5_scen_1_trial_1_inv_1_cap._1_cap.inc._1.json
DTwP-Hib,Serum_Institute,4,2,0.0,7,0.0,1,10,5,1,1,1,1,MVP_DE_results_T_10_delta_5_scen_1_trial_1_inv_1_cap._1_cap.inc._1.json
DTwP-Hib,Serum_Institute,4,2,0.0,8,0.0,1,10,5,1,1,1,1,MVP_DE_results_T_10_delta_5_scen_1_trial_1_inv_1_cap._1_cap.inc._1.json
DTwP-Hib,Serum_Institute,5,1,1.0,5,0.0,1,10,5,1,1,1,1,MVP_DE_results_T_10_delta_5_scen_1_trial_1_inv_1_cap._1_cap.inc._1.json
DTwP-Hib,Serum_Institute,5,1,1.0,6,0.0,1,10,5,1,1,1,1,MVP_DE_results_T_10_delta_5_scen_1_trial_1_inv_1_cap._1_cap.inc._1.json
DTwP-Hib,Serum_Institute,5,1,1.0,7,0.0,1,10,5,1,1,1,1,MVP_DE_results_T_10_delta_5_scen_1_trial_1_inv_1_cap._1_cap.inc._1.json
DTwP-Hib,Serum_Institute,5,1,1.0,9,0.0,1,10,5,1,1,1,1,MVP_DE_results_T_10_delta_5_scen_1_trial_1_inv_1_cap._1_cap.inc._1.json
DTwP-Hib,Serum_Institute,5,1,1.0,8,0.0,1,10,5,1,1,1,1,MVP_DE_results_T_10_delta_5_scen_1_trial_1_inv_1_cap._1_cap.inc._1.json
DTwP-Hib,Serum_Institute,5,2,0.0,5,0.0,1,10,5,1,1,1,1,MVP_DE_results_T_10_delta_5_scen_1_trial_1_inv_1_cap._1_cap.inc._1.json
DTwP-Hib,Serum_Institute,5,2,0.0,6,0.0,1,10,5,1,1,1,1,MVP_DE_results_T_10_delta_5_scen_1_trial_1_inv_1_cap._1_cap.inc._1.json
DTwP-Hib,Serum_Institute,5,2,0.0,7,0.0,1,10,5,1,1,1,1,MVP_DE_results_T_10_delta_5_scen_1_trial_1_inv_1_cap._1_cap.inc._1.json
DTwP-Hib,Serum_Institute,5,2,0.0,9,0.0,1,10,5,1,1,1,1,MVP_DE_results_T_10_delta_5_scen_1_trial_1_inv_1_cap._1_cap.inc._1.json
DTwP-Hib,Serum_Institute,5,2,0.0,8,0.0,1,10,5,1,1,1,1,MVP_DE_results_T_10_delta_5_scen_1_trial_1_inv_1_cap._1_cap.inc._1.json
DTwP-Hib,Serum_Institute,6,1,1.0,6,0.0,1,10,5,1,1,1,1,MVP_DE_results_T_10_delta_5_scen_1_trial_1_inv_1_cap._1_cap.inc._1.json
DTwP-Hib,Serum_Institute,6,1,1.0,7,10402.0,1,10,5,1,1,1,1,MVP_DE_results_T_10_delta_5_scen_1_trial_1_inv_1_cap._1_cap.inc._1.json
DTwP-Hib,Serum_Institute,6,1,1.0,10,0.0,1,10,5,1,1,1,1,MVP_DE_results_T_10_delta_5_scen_1_trial_1_inv_1_cap._1_cap.inc._1.json
DTwP-Hib,Serum_Institute,6,1,1.0,9,0.0,1,10,5,1,1,1,1,MVP_DE_results_T_10_delta_5_scen_1_trial_1_inv_1_cap._1_cap.inc._1.json
DTwP-Hib,Serum_Institute,6,1,1.0,8,0.0,1,10,5,1,1,1,1,MVP_DE_results_T_10_delta_5_scen_1_trial_1_inv_1_cap._1_cap.inc._1.json
DTwP-Hib,Serum_Institute,6,2,0.0,6,0.0,1,10,5,1,1,1,1,MVP_DE_results_T_10_delta_5_scen_1_trial_1_inv_1_cap._1_cap.inc._1.json
DTwP-Hib,Serum_Institute,6,2,0.0,7,0.0,1,10,5,1,1,1,1,MVP_DE_results_T_10_delta_5_scen_1_trial_1_inv_1_cap._1_cap.inc._1.json
DTwP-Hib,Serum_Institute,6,2,0.0,10,0.0,1,10,5,1,1,1,1,MVP_DE_results_T_10_delta_5_scen_1_trial_1_inv_1_cap._1_cap.inc._1.json
DTwP-Hib,Serum_Institute,6,2,0.0,9,0.0,1,10,5,1,1,1,1,MVP_DE_results_T_10_delta_5_scen_1_trial_1_inv_1_cap._1_cap.inc._1.json
DTwP-Hib,Serum_Institute,6,2,0.0,8,0.0,1,10,5,1,1,1,1,MVP_DE_results_T_10_delta_5_scen_1_trial_1_inv_1_cap._1_cap.inc._1.json
DTwP-Hib,Serum_Institute,7,1,1.0,7,5201.0,1,10,5,1,1,1,1,MVP_DE_results_T_10_delta_5_scen_1_trial_1_inv_1_cap._1_cap.inc._1.json
DTwP-Hib,Serum_Institute,7,1,1.0,10,10402.0,1,10,5,1,1,1,1,MVP_DE_results_T_10_delta_5_scen_1_trial_1_inv_1_cap._1_cap.inc._1.json
DTwP-Hib,Serum_Institute,7,1,1.0,9,10402.0,1,10,5,1,1,1,1,MVP_DE_results_T_10_delta_5_scen_1_trial_1_inv_1_cap._1_cap.inc._1.json
DTwP-Hib,Serum_Institute,7,1,1.0,8,10402.0,1,10,5,1,1,1,1,MVP_DE_results_T_10_delta_5_scen_1_trial_1_inv_1_cap._1_cap.inc._1.json
DTwP-Hib,Serum_Institute,7,2,0.0,7,0.0,1,10,5,1,1,1,1,MVP_DE_results_T_10_delta_5_scen_1_trial_1_inv_1_cap._1_cap.inc._1.json
DTwP-Hib,Serum_Institute,7,2,0.0,10,0.0,1,10,5,1,1,1,1,MVP_DE_results_T_10_delta_5_scen_1_trial_1_inv_1_cap._1_cap.inc._1.json
DTwP-Hib,Serum_Institute,7,2,0.0,9,0.0,1,10,5,1,1,1,1,MVP_DE_results_T_10_delta_5_scen_1_trial_1_inv_1_cap._1_cap.inc._1.json
DTwP-Hib,Serum_Institute,7,2,0.0,8,0.0,1,10,5,1,1,1,1,MVP_DE_results_T_10_delta_5_scen_1_trial_1_inv_1_cap._1_cap.inc._1.json
DTwP-Hib,Serum_Institute,8,1,1.0,10,0.0,1,10,5,1,1,1,1,MVP_DE_results_T_10_delta_5_scen_1_trial_1_inv_1_cap._1_cap.inc._1.json
DTwP-Hib,Serum_Institute,8,1,1.0,9,5201.0,1,10,5,1,1,1,1,MVP_DE_results_T_10_delta_5_scen_1_trial_1_inv_1_cap._1_cap.inc._1.json
DTwP-Hib,Serum_Institute,8,1,1.0,8,0.0,1,10,5,1,1,1,1,MVP_DE_results_T_10_delta_5_scen_1_trial_1_inv_1_cap._1_cap.inc._1.json
DTwP-Hib,Serum_Institute,8,2,0.0,10,0.0,1,10,5,1,1,1,1,MVP_DE_results_T_10_delta_5_scen_1_trial_1_inv_1_cap._1_cap.inc._1.json
DTwP-Hib,Serum_Institute,8,2,0.0,9,0.0,1,10,5,1,1,1,1,MVP_DE_results_T_10_delta_5_scen_1_trial_1_inv_1_cap._1_cap.inc._1.json
DTwP-Hib,Serum_Institute,8,2,0.0,8,0.0,1,10,5,1,1,1,1,MVP_DE_results_T_10_delta_5_scen_1_trial_1_inv_1_cap._1_cap.inc._1.json
DTwP-Hib,Serum_Institute,9,1,1.0,10,0.0,1,10,5,1,1,1,1,MVP_DE_results_T_10_delta_5_scen_1_trial_1_inv_1_cap._1_cap.inc._1.json
DTwP-Hib,Serum_Institute,9,1,1.0,9,0.0,1,10,5,1,1,1,1,MVP_DE_results_T_10_delta_5_scen_1_trial_1_inv_1_cap._1_cap.inc._1.json
DTwP-Hib,Serum_Institute,9,2,0.0,10,0.0,1,10,5,1,1,1,1,MVP_DE_results_T_10_delta_5_scen_1_trial_1_inv_1_cap._1_cap.inc._1.json
DTwP-Hib,Serum_Institute,9,2,0.0,9,0.0,1,10,5,1,1,1,1,MVP_DE_results_T_10_delta_5_scen_1_trial_1_inv_1_cap._1_cap.inc._1.json
DTwP-Hib,Serum_Institute,10,1,1.0,10,0.0,1,10,5,1,1,1,1,MVP_DE_results_T_10_delta_5_scen_1_trial_1_inv_1_cap._1_cap.inc._1.json
DTwP-Hib,Serum_Institute,10,2,0.0,10,0.0,1,10,5,1,1,1,1,MVP_DE_results_T_10_delta_5_scen_1_trial_1_inv_1_cap._1_cap.inc._1.json
HPV,China_National,1,1,1.0,5,0.0,1,10,5,1,1,1,1,MVP_DE_results_T_10_delta_5_scen_1_trial_1_inv_1_cap._1_cap.inc._1.json
HPV,China_National,1,1,1.0,4,0.0,1,10,5,1,1,1,1,MVP_DE_results_T_10_delta_5_scen_1_trial_1_inv_1_cap._1_cap.inc._1.json
HPV,China_National,1,1,1.0,2,0.0,1,10,5,1,1,1,1,MVP_DE_results_T_10_delta_5_scen_1_trial_1_inv_1_cap._1_cap.inc._1.json
HPV,China_National,1,1,1.0,3,0.0,1,10,5,1,1,1,1,MVP_DE_results_T_10_delta_5_scen_1_trial_1_inv_1_cap._1_cap.inc._1.json
HPV,China_National,1,1,1.0,1,0.0,1,10,5,1,1,1,1,MVP_DE_results_T_10_delta_5_scen_1_trial_1_inv_1_cap._1_cap.inc._1.json
HPV,China_National,1,2,0.0,5,0.0,1,10,5,1,1,1,1,MVP_DE_results_T_10_delta_5_scen_1_trial_1_inv_1_cap._1_cap.inc._1.json
HPV,China_National,1,2,0.0,4,0.0,1,10,5,1,1,1,1,MVP_DE_results_T_10_delta_5_scen_1_trial_1_inv_1_cap._1_cap.inc._1.json
HPV,China_National,1,2,0.0,2,0.0,1,10,5,1,1,1,1,MVP_DE_results_T_10_delta_5_scen_1_trial_1_inv_1_cap._1_cap.inc._1.json
HPV,China_National,1,2,0.0,3,0.0,1,10,5,1,1,1,1,MVP_DE_results_T_10_delta_5_scen_1_trial_1_inv_1_cap._1_cap.inc._1.json
HPV,China_National,1,2,0.0,1,0.0,1,10,5,1,1,1,1,MVP_DE_results_T_10_delta_5_scen_1_trial_1_inv_1_cap._1_cap.inc._1.json
HPV,China_National,2,1,1.0,5,0.0,1,10,5,1,1,1,1,MVP_DE_results_T_10_delta_5_scen_1_trial_1_inv_1_cap._1_cap.inc._1.json
HPV,China_National,2,1,1.0,4,0.0,1,10,5,1,1,1,1,MVP_DE_results_T_10_delta_5_scen_1_trial_1_inv_1_cap._1_cap.inc._1.json
HPV,China_National,2,1,1.0,6,0.0,1,10,5,1,1,1,1,MVP_DE_results_T_10_delta_5_scen_1_trial_1_inv_1_cap._1_cap.inc._1.json
HPV,China_National,2,1,1.0,2,0.0,1,10,5,1,1,1,1,MVP_DE_results_T_10_delta_5_scen_1_trial_1_inv_1_cap._1_cap.inc._1.json
HPV,China_National,2,1,1.0,3,0.0,1,10,5,1,1,1,1,MVP_DE_results_T_10_delta_5_scen_1_trial_1_inv_1_cap._1_cap.inc._1.json
HPV,China_National,2,2,0.0,5,0.0,1,10,5,1,1,1,1,MVP_DE_results_T_10_delta_5_scen_1_trial_1_inv_1_cap._1_cap.inc._1.json
HPV,China_National,2,2,0.0,4,0.0,1,10,5,1,1,1,1,MVP_DE_results_T_10_delta_5_scen_1_trial_1_inv_1_cap._1_cap.inc._1.json
HPV,China_National,2,2,0.0,6,0.0,1,10,5,1,1,1,1,MVP_DE_results_T_10_delta_5_scen_1_trial_1_inv_1_cap._1_cap.inc._1.json
HPV,China_National,2,2,0.0,2,0.0,1,10,5,1,1,1,1,MVP_DE_results_T_10_delta_5_scen_1_trial_1_inv_1_cap._1_cap.inc._1.json
HPV,China_National,2,2,0.0,3,0.0,1,10,5,1,1,1,1,MVP_DE_results_T_10_delta_5_scen_1_trial_1_inv_1_cap._1_cap.inc._1.json
HPV,China_National,3,1,1.0,5,0.0,1,10,5,1,1,1,1,MVP_DE_results_T_10_delta_5_scen_1_trial_1_inv_1_cap._1_cap.inc._1.json
HPV,China_National,3,1,1.0,4,0.0,1,10,5,1,1,1,1,MVP_DE_results_T_10_delta_5_scen_1_trial_1_inv_1_cap._1_cap.inc._1.json
HPV,China_National,3,1,1.0,6,0.0,1,10,5,1,1,1,1,MVP_DE_results_T_10_delta_5_scen_1_trial_1_inv_1_cap._1_cap.inc._1.json
HPV,China_National,3,1,1.0,7,0.0,1,10,5,1,1,1,1,MVP_DE_results_T_10_delta_5_scen_1_trial_1_inv_1_cap._1_cap.inc._1.json
HPV,China_National,3,1,1.0,3,0.0,1,10,5,1,1,1,1,MVP_DE_results_T_10_delta_5_scen_1_trial_1_inv_1_cap._1_cap.inc._1.json
HPV,China_National,3,2,0.0,5,0.0,1,10,5,1,1,1,1,MVP_DE_results_T_10_delta_5_scen_1_trial_1_inv_1_cap._1_cap.inc._1.json
HPV,China_National,3,2,0.0,4,0.0,1,10,5,1,1,1,1,MVP_DE_results_T_10_delta_5_scen_1_trial_1_inv_1_cap._1_cap.inc._1.json
HPV,China_National,3,2,0.0,6,0.0,1,10,5,1,1,1,1,MVP_DE_results_T_10_delta_5_scen_1_trial_1_inv_1_cap._1_cap.inc._1.json
HPV,China_National,3,2,0.0,7,0.0,1,10,5,1,1,1,1,MVP_DE_results_T_10_delta_5_scen_1_trial_1_inv_1_cap._1_cap.inc._1.json
HPV,China_National,3,2,0.0,3,0.0,1,10,5,1,1,1,1,MVP_DE_results_T_10_delta_5_scen_1_trial_1_inv_1_cap._1_cap.inc._1.json
HPV,China_National,4,1,1.0,5,0.0,1,10,5,1,1,1,1,MVP_DE_results_T_10_delta_5_scen_1_trial_1_inv_1_cap._1_cap.inc._1.json
HPV,China_National,4,1,1.0,4,0.0,1,10,5,1,1,1,1,MVP_DE_results_T_10_delta_5_scen_1_trial_1_inv_1_cap._1_cap.inc._1.json
HPV,China_National,4,1,1.0,6,0.0,1,10,5,1,1,1,1,MVP_DE_results_T_10_delta_5_scen_1_trial_1_inv_1_cap._1_cap.inc._1.json
HPV,China_National,4,1,1.0,7,0.0,1,10,5,1,1,1,1,MVP_DE_results_T_10_delta_5_scen_1_trial_1_inv_1_cap._1_cap.inc._1.json
HPV,China_National,4,1,1.0,8,0.0,1,10,5,1,1,1,1,MVP_DE_results_T_10_delta_5_scen_1_trial_1_inv_1_cap._1_cap.inc._1.json
HPV,China_National,4,2,-0.0,5,0.0,1,10,5,1,1,1,1,MVP_DE_results_T_10_delta_5_scen_1_trial_1_inv_1_cap._1_cap.inc._1.json
HPV,China_National,4,2,-0.0,4,-0.0,1,10,5,1,1,1,1,MVP_DE_results_T_10_delta_5_scen_1_trial_1_inv_1_cap._1_cap.inc._1.json
HPV,China_National,4,2,-0.0,6,0.0,1,10,5,1,1,1,1,MVP_DE_results_T_10_delta_5_scen_1_trial_1_inv_1_cap._1_cap.inc._1.json
HPV,China_National,4,2,-0.0,7,0.0,1,10,5,1,1,1,1,MVP_DE_results_T_10_delta_5_scen_1_trial_1_inv_1_cap._1_cap.inc._1.json
HPV,China_National,4,2,-0.0,8,0.0,1,10,5,1,1,1,1,MVP_DE_results_T_10_delta_5_scen_1_trial_1_inv_1_cap._1_cap.inc._1.json
HPV,China_National,5,1,1.0,5,0.0,1,10,5,1,1,1,1,MVP_DE_results_T_10_delta_5_scen_1_trial_1_inv_1_cap._1_cap.inc._1.json
HPV,China_National,5,1,1.0,6,0.0,1,10,5,1,1,1,1,MVP_DE_results_T_10_delta_5_scen_1_trial_1_inv_1_cap._1_cap.inc._1.json
HPV,China_National,5,1,1.0,7,0.0,1,10,5,1,1,1,1,MVP_DE_results_T_10_delta_5_scen_1_trial_1_inv_1_cap._1_cap.inc._1.json
HPV,China_National,5,1,1.0,9,0.0,1,10,5,1,1,1,1,MVP_DE_results_T_10_delta_5_scen_1_trial_1_inv_1_cap._1_cap.inc._1.json
HPV,China_National,5,1,1.0,8,0.0,1,10,5,1,1,1,1,MVP_DE_results_T_10_delta_5_scen_1_trial_1_inv_1_cap._1_cap.inc._1.json
HPV,China_National,5,2,-0.0,5,-0.0,1,10,5,1,1,1,1,MVP_DE_results_T_10_delta_5_scen_1_trial_1_inv_1_cap._1_cap.inc._1.json
HPV,China_National,5,2,-0.0,6,0.0,1,10,5,1,1,1,1,MVP_DE_results_T_10_delta_5_scen_1_trial_1_inv_1_cap._1_cap.inc._1.json
HPV,China_National,5,2,-0.0,7,0.0,1,10,5,1,1,1,1,MVP_DE_results_T_10_delta_5_scen_1_trial_1_inv_1_cap._1_cap.inc._1.json
HPV,China_National,5,2,-0.0,9,0.0,1,10,5,1,1,1,1,MVP_DE_results_T_10_delta_5_scen_1_trial_1_inv_1_cap._1_cap.inc._1.json
HPV,China_National,5,2,-0.0,8,0.0,1,10,5,1,1,1,1,MVP_DE_results_T_10_delta_5_scen_1_trial_1_inv_1_cap._1_cap.inc._1.json
HPV,China_National,6,1,1.0,6,0.0,1,10,5,1,1,1,1,MVP_DE_results_T_10_delta_5_scen_1_trial_1_inv_1_cap._1_cap.inc._1.json
HPV,China_National,6,1,1.0,7,0.0,1,10,5,1,1,1,1,MVP_DE_results_T_10_delta_5_scen_1_trial_1_inv_1_cap._1_cap.inc._1.json
HPV,China_National,6,1,1.0,10,0.0,1,10,5,1,1,1,1,MVP_DE_results_T_10_delta_5_scen_1_trial_1_inv_1_cap._1_cap.inc._1.json
HPV,China_National,6,1,1.0,9,0.0,1,10,5,1,1,1,1,MVP_DE_results_T_10_delta_5_scen_1_trial_1_inv_1_cap._1_cap.inc._1.json
HPV,China_National,6,1,1.0,8,0.0,1,10,5,1,1,1,1,MVP_DE_results_T_10_delta_5_scen_1_trial_1_inv_1_cap._1_cap.inc._1.json
HPV,China_National,6,2,-0.0,6,-0.0,1,10,5,1,1,1,1,MVP_DE_results_T_10_delta_5_scen_1_trial_1_inv_1_cap._1_cap.inc._1.json
HPV,China_National,6,2,-0.0,7,0.0,1,10,5,1,1,1,1,MVP_DE_results_T_10_delta_5_scen_1_trial_1_inv_1_cap._1_cap.inc._1.json
HPV,China_National,6,2,-0.0,10,0.0,1,10,5,1,1,1,1,MVP_DE_results_T_10_delta_5_scen_1_trial_1_inv_1_cap._1_cap.inc._1.json
HPV,China_National,6,2,-0.0,9,0.0,1,10,5,1,1,1,1,MVP_DE_results_T_10_delta_5_scen_1_trial_1_inv_1_cap._1_cap.inc._1.json
HPV,China_National,6,2,-0.0,8,0.0,1,10,5,1,1,1,1,MVP_DE_results_T_10_delta_5_scen_1_trial_1_inv_1_cap._1_cap.inc._1.json
HPV,China_National,7,1,1.0,7,0.0,1,10,5,1,1,1,1,MVP_DE_results_T_10_delta_5_scen_1_trial_1_inv_1_cap._1_cap.inc._1.json
HPV,China_National,7,1,1.0,10,0.0,1,10,5,1,1,1,1,MVP_DE_results_T_10_delta_5_scen_1_trial_1_inv_1_cap._1_cap.inc._1.json
HPV,China_National,7,1,1.0,9,0.0,1,10,5,1,1,1,1,MVP_DE_results_T_10_delta_5_scen_1_trial_1_inv_1_cap._1_cap.inc._1.json
HPV,China_National,7,1,1.0,8,0.0,1,10,5,1,1,1,1,MVP_DE_results_T_10_delta_5_scen_1_trial_1_inv_1_cap._1_cap.inc._1.json
HPV,China_National,7,2,-0.0,7,-0.0,1,10,5,1,1,1,1,MVP_DE_results_T_10_delta_5_scen_1_trial_1_inv_1_cap._1_cap.inc._1.json
HPV,China_National,7,2,-0.0,10,0.0,1,10,5,1,1,1,1,MVP_DE_results_T_10_delta_5_scen_1_trial_1_inv_1_cap._1_cap.inc._1.json
HPV,China_National,7,2,-0.0,9,0.0,1,10,5,1,1,1,1,MVP_DE_results_T_10_delta_5_scen_1_trial_1_inv_1_cap._1_cap.inc._1.json
HPV,China_National,7,2,-0.0,8,0.0,1,10,5,1,1,1,1,MVP_DE_results_T_10_delta_5_scen_1_trial_1_inv_1_cap._1_cap.inc._1.json
HPV,China_National,8,1,1.0,10,0.0,1,10,5,1,1,1,1,MVP_DE_results_T_10_delta_5_scen_1_trial_1_inv_1_cap._1_cap.inc._1.json
HPV,China_National,8,1,1.0,9,0.0,1,10,5,1,1,1,1,MVP_DE_results_T_10_delta_5_scen_1_trial_1_inv_1_cap._1_cap.inc._1.json
HPV,China_National,8,1,1.0,8,0.0,1,10,5,1,1,1,1,MVP_DE_results_T_10_delta_5_scen_1_trial_1_inv_1_cap._1_cap.inc._1.json
HPV,China_National,8,2,-0.0,10,0.0,1,10,5,1,1,1,1,MVP_DE_results_T_10_delta_5_scen_1_trial_1_inv_1_cap._1_cap.inc._1.json
HPV,China_National,8,2,-0.0,9,0.0,1,10,5,1,1,1,1,MVP_DE_results_T_10_delta_5_scen_1_trial_1_inv_1_cap._1_cap.inc._1.json
HPV,China_National,8,2,-0.0,8,0.0,1,10,5,1,1,1,1,MVP_DE_results_T_10_delta_5_scen_1_trial_1_inv_1_cap._1_cap.inc._1.json
HPV,China_National,9,1,1.0,10,0.0,1,10,5,1,1,1,1,MVP_DE_results_T_10_delta_5_scen_1_trial_1_inv_1_cap._1_cap.inc._1.json
HPV,China_National,9,1,1.0,9,25326.0,1,10,5,1,1,1,1,MVP_DE_results_T_10_delta_5_scen_1_trial_1_inv_1_cap._1_cap.inc._1.json
HPV,China_National,9,2,-0.0,10,0.0,1,10,5,1,1,1,1,MVP_DE_results_T_10_delta_5_scen_1_trial_1_inv_1_cap._1_cap.inc._1.json
HPV,China_National,9,2,-0.0,9,0.0,1,10,5,1,1,1,1,MVP_DE_results_T_10_delta_5_scen_1_trial_1_inv_1_cap._1_cap.inc._1.json
HPV,China_National,10,1,1.0,10,15749.060000000003,1,10,5,1,1,1,1,MVP_DE_results_T_10_delta_5_scen_1_trial_1_inv_1_cap._1_cap.inc._1.json
HPV,China_National,10,2,-0.0,10,-0.0,1,10,5,1,1,1,1,MVP_DE_results_T_10_delta_5_scen_1_trial_1_inv_1_cap._1_cap.inc._1.json
HPV,GSK,1,1,1.0,5,0.0,1,10,5,1,1,1,1,MVP_DE_results_T_10_delta_5_scen_1_trial_1_inv_1_cap._1_cap.inc._1.json
HPV,GSK,1,1,1.0,4,0.0,1,10,5,1,1,1,1,MVP_DE_results_T_10_delta_5_scen_1_trial_1_inv_1_cap._1_cap.inc._1.json
HPV,GSK,1,1,1.0,2,0.0,1,10,5,1,1,1,1,MVP_DE_results_T_10_delta_5_scen_1_trial_1_inv_1_cap._1_cap.inc._1.json
HPV,GSK,1,1,1.0,3,0.0,1,10,5,1,1,1,1,MVP_DE_results_T_10_delta_5_scen_1_trial_1_inv_1_cap._1_cap.inc._1.json
HPV,GSK,1,1,1.0,1,0.0,1,10,5,1,1,1,1,MVP_DE_results_T_10_delta_5_scen_1_trial_1_inv_1_cap._1_cap.inc._1.json
HPV,GSK,1,2,0.0,5,0.0,1,10,5,1,1,1,1,MVP_DE_results_T_10_delta_5_scen_1_trial_1_inv_1_cap._1_cap.inc._1.json
HPV,GSK,1,2,0.0,4,0.0,1,10,5,1,1,1,1,MVP_DE_results_T_10_delta_5_scen_1_trial_1_inv_1_cap._1_cap.inc._1.json
HPV,GSK,1,2,0.0,2,0.0,1,10,5,1,1,1,1,MVP_DE_results_T_10_delta_5_scen_1_trial_1_inv_1_cap._1_cap.inc._1.json
HPV,GSK,1,2,0.0,3,0.0,1,10,5,1,1,1,1,MVP_DE_results_T_10_delta_5_scen_1_trial_1_inv_1_cap._1_cap.inc._1.json
HPV,GSK,1,2,0.0,1,0.0,1,10,5,1,1,1,1,MVP_DE_results_T_10_delta_5_scen_1_trial_1_inv_1_cap._1_cap.inc._1.json
HPV,GSK,2,1,1.0,5,0.0,1,10,5,1,1,1,1,MVP_DE_results_T_10_delta_5_scen_1_trial_1_inv_1_cap._1_cap.inc._1.json
HPV,GSK,2,1,1.0,4,0.0,1,10,5,1,1,1,1,MVP_DE_results_T_10_delta_5_scen_1_trial_1_inv_1_cap._1_cap.inc._1.json
HPV,GSK,2,1,1.0,6,0.0,1,10,5,1,1,1,1,MVP_DE_results_T_10_delta_5_scen_1_trial_1_inv_1_cap._1_cap.inc._1.json
HPV,GSK,2,1,1.0,2,0.0,1,10,5,1,1,1,1,MVP_DE_results_T_10_delta_5_scen_1_trial_1_inv_1_cap._1_cap.inc._1.json
HPV,GSK,2,1,1.0,3,0.0,1,10,5,1,1,1,1,MVP_DE_results_T_10_delta_5_scen_1_trial_1_inv_1_cap._1_cap.inc._1.json
HPV,GSK,2,2,0.0,5,0.0,1,10,5,1,1,1,1,MVP_DE_results_T_10_delta_5_scen_1_trial_1_inv_1_cap._1_cap.inc._1.json
HPV,GSK,2,2,0.0,4,0.0,1,10,5,1,1,1,1,MVP_DE_results_T_10_delta_5_scen_1_trial_1_inv_1_cap._1_cap.inc._1.json
HPV,GSK,2,2,0.0,6,0.0,1,10,5,1,1,1,1,MVP_DE_results_T_10_delta_5_scen_1_trial_1_inv_1_cap._1_cap.inc._1.json
HPV,GSK,2,2,0.0,2,0.0,1,10,5,1,1,1,1,MVP_DE_results_T_10_delta_5_scen_1_trial_1_inv_1_cap._1_cap.inc._1.json
HPV,GSK,2,2,0.0,3,0.0,1,10,5,1,1,1,1,MVP_DE_results_T_10_delta_5_scen_1_trial_1_inv_1_cap._1_cap.inc._1.json
HPV,GSK,3,1,1.0,5,0.0,1,10,5,1,1,1,1,MVP_DE_results_T_10_delta_5_scen_1_trial_1_inv_1_cap._1_cap.inc._1.json
HPV,GSK,3,1,1.0,4,0.0,1,10,5,1,1,1,1,MVP_DE_results_T_10_delta_5_scen_1_trial_1_inv_1_cap._1_cap.inc._1.json
HPV,GSK,3,1,1.0,6,0.0,1,10,5,1,1,1,1,MVP_DE_results_T_10_delta_5_scen_1_trial_1_inv_1_cap._1_cap.inc._1.json
HPV,GSK,3,1,1.0,7,0.0,1,10,5,1,1,1,1,MVP_DE_results_T_10_delta_5_scen_1_trial_1_inv_1_cap._1_cap.inc._1.json
HPV,GSK,3,1,1.0,3,0.0,1,10,5,1,1,1,1,MVP_DE_results_T_10_delta_5_scen_1_trial_1_inv_1_cap._1_cap.inc._1.json
HPV,GSK,3,2,0.0,5,0.0,1,10,5,1,1,1,1,MVP_DE_results_T_10_delta_5_scen_1_trial_1_inv_1_cap._1_cap.inc._1.json
HPV,GSK,3,2,0.0,4,0.0,1,10,5,1,1,1,1,MVP_DE_results_T_10_delta_5_scen_1_trial_1_inv_1_cap._1_cap.inc._1.json
HPV,GSK,3,2,0.0,6,0.0,1,10,5,1,1,1,1,MVP_DE_results_T_10_delta_5_scen_1_trial_1_inv_1_cap._1_cap.inc._1.json
HPV,GSK,3,2,0.0,7,0.0,1,10,5,1,1,1,1,MVP_DE_results_T_10_delta_5_scen_1_trial_1_inv_1_cap._1_cap.inc._1.json
HPV,GSK,3,2,0.0,3,0.0,1,10,5,1,1,1,1,MVP_DE_results_T_10_delta_5_scen_1_trial_1_inv_1_cap._1_cap.inc._1.json
HPV,GSK,4,1,1.0,5,0.0,1,10,5,1,1,1,1,MVP_DE_results_T_10_delta_5_scen_1_trial_1_inv_1_cap._1_cap.inc._1.json
HPV,GSK,4,1,1.0,4,0.0,1,10,5,1,1,1,1,MVP_DE_results_T_10_delta_5_scen_1_trial_1_inv_1_cap._1_cap.inc._1.json
HPV,GSK,4,1,1.0,6,0.0,1,10,5,1,1,1,1,MVP_DE_results_T_10_delta_5_scen_1_trial_1_inv_1_cap._1_cap.inc._1.json
HPV,GSK,4,1,1.0,7,0.0,1,10,5,1,1,1,1,MVP_DE_results_T_10_delta_5_scen_1_trial_1_inv_1_cap._1_cap.inc._1.json
HPV,GSK,4,1,1.0,8,0.0,1,10,5,1,1,1,1,MVP_DE_results_T_10_delta_5_scen_1_trial_1_inv_1_cap._1_cap.inc._1.json
HPV,GSK,4,2,0.0,5,0.0,1,10,5,1,1,1,1,MVP_DE_results_T_10_delta_5_scen_1_trial_1_inv_1_cap._1_cap.inc._1.json
HPV,GSK,4,2,0.0,4,0.0,1,10,5,1,1,1,1,MVP_DE_results_T_10_delta_5_scen_1_trial_1_inv_1_cap._1_cap.inc._1.json
HPV,GSK,4,2,0.0,6,0.0,1,10,5,1,1,1,1,MVP_DE_results_T_10_delta_5_scen_1_trial_1_inv_1_cap._1_cap.inc._1.json
HPV,GSK,4,2,0.0,7,0.0,1,10,5,1,1,1,1,MVP_DE_results_T_10_delta_5_scen_1_trial_1_inv_1_cap._1_cap.inc._1.json
HPV,GSK,4,2,0.0,8,0.0,1,10,5,1,1,1,1,MVP_DE_results_T_10_delta_5_scen_1_trial_1_inv_1_cap._1_cap.inc._1.json
HPV,GSK,5,1,1.0,5,0.0,1,10,5,1,1,1,1,MVP_DE_results_T_10_delta_5_scen_1_trial_1_inv_1_cap._1_cap.inc._1.json
HPV,GSK,5,1,1.0,6,0.0,1,10,5,1,1,1,1,MVP_DE_results_T_10_delta_5_scen_1_trial_1_inv_1_cap._1_cap.inc._1.json
HPV,GSK,5,1,1.0,7,0.0,1,10,5,1,1,1,1,MVP_DE_results_T_10_delta_5_scen_1_trial_1_inv_1_cap._1_cap.inc._1.json
HPV,GSK,5,1,1.0,9,0.0,1,10,5,1,1,1,1,MVP_DE_results_T_10_delta_5_scen_1_trial_1_inv_1_cap._1_cap.inc._1.json
HPV,GSK,5,1,1.0,8,0.0,1,10,5,1,1,1,1,MVP_DE_results_T_10_delta_5_scen_1_trial_1_inv_1_cap._1_cap.inc._1.json
HPV,GSK,5,2,0.0,5,0.0,1,10,5,1,1,1,1,MVP_DE_results_T_10_delta_5_scen_1_trial_1_inv_1_cap._1_cap.inc._1.json
HPV,GSK,5,2,0.0,6,0.0,1,10,5,1,1,1,1,MVP_DE_results_T_10_delta_5_scen_1_trial_1_inv_1_cap._1_cap.inc._1.json
HPV,GSK,5,2,0.0,7,0.0,1,10,5,1,1,1,1,MVP_DE_results_T_10_delta_5_scen_1_trial_1_inv_1_cap._1_cap.inc._1.json
HPV,GSK,5,2,0.0,9,0.0,1,10,5,1,1,1,1,MVP_DE_results_T_10_delta_5_scen_1_trial_1_inv_1_cap._1_cap.inc._1.json
HPV,GSK,5,2,0.0,8,0.0,1,10,5,1,1,1,1,MVP_DE_results_T_10_delta_5_scen_1_trial_1_inv_1_cap._1_cap.inc._1.json
HPV,GSK,6,1,1.0,6,0.0,1,10,5,1,1,1,1,MVP_DE_results_T_10_delta_5_scen_1_trial_1_inv_1_cap._1_cap.inc._1.json
HPV,GSK,6,1,1.0,7,0.0,1,10,5,1,1,1,1,MVP_DE_results_T_10_delta_5_scen_1_trial_1_inv_1_cap._1_cap.inc._1.json
HPV,GSK,6,1,1.0,10,0.0,1,10,5,1,1,1,1,MVP_DE_results_T_10_delta_5_scen_1_trial_1_inv_1_cap._1_cap.inc._1.json
HPV,GSK,6,1,1.0,9,0.0,1,10,5,1,1,1,1,MVP_DE_results_T_10_delta_5_scen_1_trial_1_inv_1_cap._1_cap.inc._1.json
HPV,GSK,6,1,1.0,8,0.0,1,10,5,1,1,1,1,MVP_DE_results_T_10_delta_5_scen_1_trial_1_inv_1_cap._1_cap.inc._1.json
HPV,GSK,6,2,0.0,6,0.0,1,10,5,1,1,1,1,MVP_DE_results_T_10_delta_5_scen_1_trial_1_inv_1_cap._1_cap.inc._1.json
HPV,GSK,6,2,0.0,7,0.0,1,10,5,1,1,1,1,MVP_DE_results_T_10_delta_5_scen_1_trial_1_inv_1_cap._1_cap.inc._1.json
HPV,GSK,6,2,0.0,10,0.0,1,10,5,1,1,1,1,MVP_DE_results_T_10_delta_5_scen_1_trial_1_inv_1_cap._1_cap.inc._1.json
HPV,GSK,6,2,0.0,9,0.0,1,10,5,1,1,1,1,MVP_DE_results_T_10_delta_5_scen_1_trial_1_inv_1_cap._1_cap.inc._1.json
HPV,GSK,6,2,0.0,8,0.0,1,10,5,1,1,1,1,MVP_DE_results_T_10_delta_5_scen_1_trial_1_inv_1_cap._1_cap.inc._1.json
HPV,GSK,7,1,1.0,7,0.0,1,10,5,1,1,1,1,MVP_DE_results_T_10_delta_5_scen_1_trial_1_inv_1_cap._1_cap.inc._1.json
HPV,GSK,7,1,1.0,10,0.0,1,10,5,1,1,1,1,MVP_DE_results_T_10_delta_5_scen_1_trial_1_inv_1_cap._1_cap.inc._1.json
HPV,GSK,7,1,1.0,9,0.0,1,10,5,1,1,1,1,MVP_DE_results_T_10_delta_5_scen_1_trial_1_inv_1_cap._1_cap.inc._1.json
HPV,GSK,7,1,1.0,8,0.0,1,10,5,1,1,1,1,MVP_DE_results_T_10_delta_5_scen_1_trial_1_inv_1_cap._1_cap.inc._1.json
HPV,GSK,7,2,-0.0,7,0.0,1,10,5,1,1,1,1,MVP_DE_results_T_10_delta_5_scen_1_trial_1_inv_1_cap._1_cap.inc._1.json
HPV,GSK,7,2,-0.0,10,0.0,1,10,5,1,1,1,1,MVP_DE_results_T_10_delta_5_scen_1_trial_1_inv_1_cap._1_cap.inc._1.json
HPV,GSK,7,2,-0.0,9,0.0,1,10,5,1,1,1,1,MVP_DE_results_T_10_delta_5_scen_1_trial_1_inv_1_cap._1_cap.inc._1.json
HPV,GSK,7,2,-0.0,8,0.0,1,10,5,1,1,1,1,MVP_DE_results_T_10_delta_5_scen_1_trial_1_inv_1_cap._1_cap.inc._1.json
HPV,GSK,8,1,1.0,10,0.0,1,10,5,1,1,1,1,MVP_DE_results_T_10_delta_5_scen_1_trial_1_inv_1_cap._1_cap.inc._1.json
HPV,GSK,8,1,1.0,9,0.0,1,10,5,1,1,1,1,MVP_DE_results_T_10_delta_5_scen_1_trial_1_inv_1_cap._1_cap.inc._1.json
HPV,GSK,8,1,1.0,8,0.0,1,10,5,1,1,1,1,MVP_DE_results_T_10_delta_5_scen_1_trial_1_inv_1_cap._1_cap.inc._1.json
HPV,GSK,8,2,-0.0,10,0.0,1,10,5,1,1,1,1,MVP_DE_results_T_10_delta_5_scen_1_trial_1_inv_1_cap._1_cap.inc._1.json
HPV,GSK,8,2,-0.0,9,0.0,1,10,5,1,1,1,1,MVP_DE_results_T_10_delta_5_scen_1_trial_1_inv_1_cap._1_cap.inc._1.json
HPV,GSK,8,2,-0.0,8,-0.0,1,10,5,1,1,1,1,MVP_DE_results_T_10_delta_5_scen_1_trial_1_inv_1_cap._1_cap.inc._1.json
HPV,GSK,9,1,1.0,10,0.0,1,10,5,1,1,1,1,MVP_DE_results_T_10_delta_5_scen_1_trial_1_inv_1_cap._1_cap.inc._1.json
HPV,GSK,9,1,1.0,9,0.0,1,10,5,1,1,1,1,MVP_DE_results_T_10_delta_5_scen_1_trial_1_inv_1_cap._1_cap.inc._1.json
HPV,GSK,9,2,-0.0,10,0.0,1,10,5,1,1,1,1,MVP_DE_results_T_10_delta_5_scen_1_trial_1_inv_1_cap._1_cap.inc._1.json
HPV,GSK,9,2,-0.0,9,0.0,1,10,5,1,1,1,1,MVP_DE_results_T_10_delta_5_scen_1_trial_1_inv_1_cap._1_cap.inc._1.json
HPV,GSK,10,1,1.0,10,0.0,1,10,5,1,1,1,1,MVP_DE_results_T_10_delta_5_scen_1_trial_1_inv_1_cap._1_cap.inc._1.json
HPV,GSK,10,2,-0.0,10,0.0,1,10,5,1,1,1,1,MVP_DE_results_T_10_delta_5_scen_1_trial_1_inv_1_cap._1_cap.inc._1.json
HPV,Merck_Sharp,1,1,1.0,5,0.19962342986919449,1,10,5,1,1,1,1,MVP_DE_results_T_10_delta_5_scen_1_trial_1_inv_1_cap._1_cap.inc._1.json
HPV,Merck_Sharp,1,1,1.0,4,0.0,1,10,5,1,1,1,1,MVP_DE_results_T_10_delta_5_scen_1_trial_1_inv_1_cap._1_cap.inc._1.json
HPV,Merck_Sharp,1,1,1.0,2,0.0,1,10,5,1,1,1,1,MVP_DE_results_T_10_delta_5_scen_1_trial_1_inv_1_cap._1_cap.inc._1.json
HPV,Merck_Sharp,1,1,1.0,3,0.0,1,10,5,1,1,1,1,MVP_DE_results_T_10_delta_5_scen_1_trial_1_inv_1_cap._1_cap.inc._1.json
HPV,Merck_Sharp,1,1,1.0,1,0.0,1,10,5,1,1,1,1,MVP_DE_results_T_10_delta_5_scen_1_trial_1_inv_1_cap._1_cap.inc._1.json
HPV,Merck_Sharp,1,2,0.0,5,0.0,1,10,5,1,1,1,1,MVP_DE_results_T_10_delta_5_scen_1_trial_1_inv_1_cap._1_cap.inc._1.json
HPV,Merck_Sharp,1,2,0.0,4,0.0,1,10,5,1,1,1,1,MVP_DE_results_T_10_delta_5_scen_1_trial_1_inv_1_cap._1_cap.inc._1.json
HPV,Merck_Sharp,1,2,0.0,2,0.0,1,10,5,1,1,1,1,MVP_DE_results_T_10_delta_5_scen_1_trial_1_inv_1_cap._1_cap.inc._1.json
HPV,Merck_Sharp,1,2,0.0,3,0.0,1,10,5,1,1,1,1,MVP_DE_results_T_10_delta_5_scen_1_trial_1_inv_1_cap._1_cap.inc._1.json
HPV,Merck_Sharp,1,2,0.0,1,0.0,1,10,5,1,1,1,1,MVP_DE_results_T_10_delta_5_scen_1_trial_1_inv_1_cap._1_cap.inc._1.json
HPV,Merck_Sharp,2,1,1.0,5,0.0,1,10,5,1,1,1,1,MVP_DE_results_T_10_delta_5_scen_1_trial_1_inv_1_cap._1_cap.inc._1.json
HPV,Merck_Sharp,2,1,1.0,4,0.0,1,10,5,1,1,1,1,MVP_DE_results_T_10_delta_5_scen_1_trial_1_inv_1_cap._1_cap.inc._1.json
HPV,Merck_Sharp,2,1,1.0,6,0.0,1,10,5,1,1,1,1,MVP_DE_results_T_10_delta_5_scen_1_trial_1_inv_1_cap._1_cap.inc._1.json
HPV,Merck_Sharp,2,1,1.0,2,0.0,1,10,5,1,1,1,1,MVP_DE_results_T_10_delta_5_scen_1_trial_1_inv_1_cap._1_cap.inc._1.json
HPV,Merck_Sharp,2,1,1.0,3,0.0,1,10,5,1,1,1,1,MVP_DE_results_T_10_delta_5_scen_1_trial_1_inv_1_cap._1_cap.inc._1.json
HPV,Merck_Sharp,2,2,0.0,5,0.0,1,10,5,1,1,1,1,MVP_DE_results_T_10_delta_5_scen_1_trial_1_inv_1_cap._1_cap.inc._1.json
HPV,Merck_Sharp,2,2,0.0,4,0.0,1,10,5,1,1,1,1,MVP_DE_results_T_10_delta_5_scen_1_trial_1_inv_1_cap._1_cap.inc._1.json
HPV,Merck_Sharp,2,2,0.0,6,0.0,1,10,5,1,1,1,1,MVP_DE_results_T_10_delta_5_scen_1_trial_1_inv_1_cap._1_cap.inc._1.json
HPV,Merck_Sharp,2,2,0.0,2,0.0,1,10,5,1,1,1,1,MVP_DE_results_T_10_delta_5_scen_1_trial_1_inv_1_cap._1_cap.inc._1.json
HPV,Merck_Sharp,2,2,0.0,3,0.0,1,10,5,1,1,1,1,MVP_DE_results_T_10_delta_5_scen_1_trial_1_inv_1_cap._1_cap.inc._1.json
HPV,Merck_Sharp,3,1,1.0,5,0.0,1,10,5,1,1,1,1,MVP_DE_results_T_10_delta_5_scen_1_trial_1_inv_1_cap._1_cap.inc._1.json
HPV,Merck_Sharp,3,1,1.0,4,0.0,1,10,5,1,1,1,1,MVP_DE_results_T_10_delta_5_scen_1_trial_1_inv_1_cap._1_cap.inc._1.json
HPV,Merck_Sharp,3,1,1.0,6,0.1904198059165607,1,10,5,1,1,1,1,MVP_DE_results_T_10_delta_5_scen_1_trial_1_inv_1_cap._1_cap.inc._1.json
HPV,Merck_Sharp,3,1,1.0,7,0.0,1,10,5,1,1,1,1,MVP_DE_results_T_10_delta_5_scen_1_trial_1_inv_1_cap._1_cap.inc._1.json
HPV,Merck_Sharp,3,1,1.0,3,0.0,1,10,5,1,1,1,1,MVP_DE_results_T_10_delta_5_scen_1_trial_1_inv_1_cap._1_cap.inc._1.json
HPV,Merck_Sharp,3,2,0.0,5,0.0,1,10,5,1,1,1,1,MVP_DE_results_T_10_delta_5_scen_1_trial_1_inv_1_cap._1_cap.inc._1.json
HPV,Merck_Sharp,3,2,0.0,4,0.0,1,10,5,1,1,1,1,MVP_DE_results_T_10_delta_5_scen_1_trial_1_inv_1_cap._1_cap.inc._1.json
HPV,Merck_Sharp,3,2,0.0,6,0.0,1,10,5,1,1,1,1,MVP_DE_results_T_10_delta_5_scen_1_trial_1_inv_1_cap._1_cap.inc._1.json
HPV,Merck_Sharp,3,2,0.0,7,0.0,1,10,5,1,1,1,1,MVP_DE_results_T_10_delta_5_scen_1_trial_1_inv_1_cap._1_cap.inc._1.json
HPV,Merck_Sharp,3,2,0.0,3,0.0,1,10,5,1,1,1,1,MVP_DE_results_T_10_delta_5_scen_1_trial_1_inv_1_cap._1_cap.inc._1.json
HPV,Merck_Sharp,4,1,1.0,5,0.0,1,10,5,1,1,1,1,MVP_DE_results_T_10_delta_5_scen_1_trial_1_inv_1_cap._1_cap.inc._1.json
HPV,Merck_Sharp,4,1,1.0,4,0.0,1,10,5,1,1,1,1,MVP_DE_results_T_10_delta_5_scen_1_trial_1_inv_1_cap._1_cap.inc._1.json
HPV,Merck_Sharp,4,1,1.0,6,0.0,1,10,5,1,1,1,1,MVP_DE_results_T_10_delta_5_scen_1_trial_1_inv_1_cap._1_cap.inc._1.json
HPV,Merck_Sharp,4,1,1.0,7,0.0,1,10,5,1,1,1,1,MVP_DE_results_T_10_delta_5_scen_1_trial_1_inv_1_cap._1_cap.inc._1.json
HPV,Merck_Sharp,4,1,1.0,8,0.0,1,10,5,1,1,1,1,MVP_DE_results_T_10_delta_5_scen_1_trial_1_inv_1_cap._1_cap.inc._1.json
HPV,Merck_Sharp,4,2,0.0,5,0.0,1,10,5,1,1,1,1,MVP_DE_results_T_10_delta_5_scen_1_trial_1_inv_1_cap._1_cap.inc._1.json
HPV,Merck_Sharp,4,2,0.0,4,0.0,1,10,5,1,1,1,1,MVP_DE_results_T_10_delta_5_scen_1_trial_1_inv_1_cap._1_cap.inc._1.json
HPV,Merck_Sharp,4,2,0.0,6,0.0,1,10,5,1,1,1,1,MVP_DE_results_T_10_delta_5_scen_1_trial_1_inv_1_cap._1_cap.inc._1.json
HPV,Merck_Sharp,4,2,0.0,7,0.0,1,10,5,1,1,1,1,MVP_DE_results_T_10_delta_5_scen_1_trial_1_inv_1_cap._1_cap.inc._1.json
HPV,Merck_Sharp,4,2,0.0,8,0.0,1,10,5,1,1,1,1,MVP_DE_results_T_10_delta_5_scen_1_trial_1_inv_1_cap._1_cap.inc._1.json
HPV,Merck_Sharp,5,1,1.0,5,0.0,1,10,5,1,1,1,1,MVP_DE_results_T_10_delta_5_scen_1_trial_1_inv_1_cap._1_cap.inc._1.json
HPV,Merck_Sharp,5,1,1.0,6,0.0,1,10,5,1,1,1,1,MVP_DE_results_T_10_delta_5_scen_1_trial_1_inv_1_cap._1_cap.inc._1.json
HPV,Merck_Sharp,5,1,1.0,7,0.0,1,10,5,1,1,1,1,MVP_DE_results_T_10_delta_5_scen_1_trial_1_inv_1_cap._1_cap.inc._1.json
HPV,Merck_Sharp,5,1,1.0,9,0.0,1,10,5,1,1,1,1,MVP_DE_results_T_10_delta_5_scen_1_trial_1_inv_1_cap._1_cap.inc._1.json
HPV,Merck_Sharp,5,1,1.0,8,0.0,1,10,5,1,1,1,1,MVP_DE_results_T_10_delta_5_scen_1_trial_1_inv_1_cap._1_cap.inc._1.json
HPV,Merck_Sharp,5,2,0.0,5,0.0,1,10,5,1,1,1,1,MVP_DE_results_T_10_delta_5_scen_1_trial_1_inv_1_cap._1_cap.inc._1.json
HPV,Merck_Sharp,5,2,0.0,6,0.0,1,10,5,1,1,1,1,MVP_DE_results_T_10_delta_5_scen_1_trial_1_inv_1_cap._1_cap.inc._1.json
HPV,Merck_Sharp,5,2,0.0,7,0.0,1,10,5,1,1,1,1,MVP_DE_results_T_10_delta_5_scen_1_trial_1_inv_1_cap._1_cap.inc._1.json
HPV,Merck_Sharp,5,2,0.0,9,0.0,1,10,5,1,1,1,1,MVP_DE_results_T_10_delta_5_scen_1_trial_1_inv_1_cap._1_cap.inc._1.json
HPV,Merck_Sharp,5,2,0.0,8,0.0,1,10,5,1,1,1,1,MVP_DE_results_T_10_delta_5_scen_1_trial_1_inv_1_cap._1_cap.inc._1.json
HPV,Merck_Sharp,6,1,1.0,6,0.0,1,10,5,1,1,1,1,MVP_DE_results_T_10_delta_5_scen_1_trial_1_inv_1_cap._1_cap.inc._1.json
HPV,Merck_Sharp,6,1,1.0,7,0.0,1,10,5,1,1,1,1,MVP_DE_results_T_10_delta_5_scen_1_trial_1_inv_1_cap._1_cap.inc._1.json
HPV,Merck_Sharp,6,1,1.0,10,0.0,1,10,5,1,1,1,1,MVP_DE_results_T_10_delta_5_scen_1_trial_1_inv_1_cap._1_cap.inc._1.json
HPV,Merck_Sharp,6,1,1.0,9,0.0,1,10,5,1,1,1,1,MVP_DE_results_T_10_delta_5_scen_1_trial_1_inv_1_cap._1_cap.inc._1.json
HPV,Merck_Sharp,6,1,1.0,8,0.0,1,10,5,1,1,1,1,MVP_DE_results_T_10_delta_5_scen_1_trial_1_inv_1_cap._1_cap.inc._1.json
HPV,Merck_Sharp,6,2,0.0,6,0.0,1,10,5,1,1,1,1,MVP_DE_results_T_10_delta_5_scen_1_trial_1_inv_1_cap._1_cap.inc._1.json
HPV,Merck_Sharp,6,2,0.0,7,0.0,1,10,5,1,1,1,1,MVP_DE_results_T_10_delta_5_scen_1_trial_1_inv_1_cap._1_cap.inc._1.json
HPV,Merck_Sharp,6,2,0.0,10,0.0,1,10,5,1,1,1,1,MVP_DE_results_T_10_delta_5_scen_1_trial_1_inv_1_cap._1_cap.inc._1.json
HPV,Merck_Sharp,6,2,0.0,9,0.0,1,10,5,1,1,1,1,MVP_DE_results_T_10_delta_5_scen_1_trial_1_inv_1_cap._1_cap.inc._1.json
HPV,Merck_Sharp,6,2,0.0,8,0.0,1,10,5,1,1,1,1,MVP_DE_results_T_10_delta_5_scen_1_trial_1_inv_1_cap._1_cap.inc._1.json
HPV,Merck_Sharp,7,1,1.0,7,0.0,1,10,5,1,1,1,1,MVP_DE_results_T_10_delta_5_scen_1_trial_1_inv_1_cap._1_cap.inc._1.json
HPV,Merck_Sharp,7,1,1.0,10,0.0,1,10,5,1,1,1,1,MVP_DE_results_T_10_delta_5_scen_1_trial_1_inv_1_cap._1_cap.inc._1.json
HPV,Merck_Sharp,7,1,1.0,9,0.0,1,10,5,1,1,1,1,MVP_DE_results_T_10_delta_5_scen_1_trial_1_inv_1_cap._1_cap.inc._1.json
HPV,Merck_Sharp,7,1,1.0,8,3781.684956764191,1,10,5,1,1,1,1,MVP_DE_results_T_10_delta_5_scen_1_trial_1_inv_1_cap._1_cap.inc._1.json
HPV,Merck_Sharp,7,2,0.0,7,0.0,1,10,5,1,1,1,1,MVP_DE_results_T_10_delta_5_scen_1_trial_1_inv_1_cap._1_cap.inc._1.json
HPV,Merck_Sharp,7,2,0.0,10,0.0,1,10,5,1,1,1,1,MVP_DE_results_T_10_delta_5_scen_1_trial_1_inv_1_cap._1_cap.inc._1.json
HPV,Merck_Sharp,7,2,0.0,9,0.0,1,10,5,1,1,1,1,MVP_DE_results_T_10_delta_5_scen_1_trial_1_inv_1_cap._1_cap.inc._1.json
HPV,Merck_Sharp,7,2,0.0,8,0.0,1,10,5,1,1,1,1,MVP_DE_results_T_10_delta_5_scen_1_trial_1_inv_1_cap._1_cap.inc._1.json
HPV,Merck_Sharp,8,1,1.0,10,0.0,1,10,5,1,1,1,1,MVP_DE_results_T_10_delta_5_scen_1_trial_1_inv_1_cap._1_cap.inc._1.json
HPV,Merck_Sharp,8,1,1.0,9,0.0,1,10,5,1,1,1,1,MVP_DE_results_T_10_delta_5_scen_1_trial_1_inv_1_cap._1_cap.inc._1.json
HPV,Merck_Sharp,8,1,1.0,8,0.0,1,10,5,1,1,1,1,MVP_DE_results_T_10_delta_5_scen_1_trial_1_inv_1_cap._1_cap.inc._1.json
HPV,Merck_Sharp,8,2,0.0,10,0.0,1,10,5,1,1,1,1,MVP_DE_results_T_10_delta_5_scen_1_trial_1_inv_1_cap._1_cap.inc._1.json
HPV,Merck_Sharp,8,2,0.0,9,0.0,1,10,5,1,1,1,1,MVP_DE_results_T_10_delta_5_scen_1_trial_1_inv_1_cap._1_cap.inc._1.json
HPV,Merck_Sharp,8,2,0.0,8,0.0,1,10,5,1,1,1,1,MVP_DE_results_T_10_delta_5_scen_1_trial_1_inv_1_cap._1_cap.inc._1.json
HPV,Merck_Sharp,9,1,1.0,10,0.0,1,10,5,1,1,1,1,MVP_DE_results_T_10_delta_5_scen_1_trial_1_inv_1_cap._1_cap.inc._1.json
HPV,Merck_Sharp,9,1,1.0,9,9800.0,1,10,5,1,1,1,1,MVP_DE_results_T_10_delta_5_scen_1_trial_1_inv_1_cap._1_cap.inc._1.json
HPV,Merck_Sharp,9,2,0.0,10,0.0,1,10,5,1,1,1,1,MVP_DE_results_T_10_delta_5_scen_1_trial_1_inv_1_cap._1_cap.inc._1.json
HPV,Merck_Sharp,9,2,0.0,9,0.0,1,10,5,1,1,1,1,MVP_DE_results_T_10_delta_5_scen_1_trial_1_inv_1_cap._1_cap.inc._1.json
HPV,Merck_Sharp,10,1,1.0,10,9800.0,1,10,5,1,1,1,1,MVP_DE_results_T_10_delta_5_scen_1_trial_1_inv_1_cap._1_cap.inc._1.json
HPV,Merck_Sharp,10,2,0.0,10,0.0,1,10,5,1,1,1,1,MVP_DE_results_T_10_delta_5_scen_1_trial_1_inv_1_cap._1_cap.inc._1.json
HepB,LG_Chem,1,1,1.0,5,0.0,1,10,5,1,1,1,1,MVP_DE_results_T_10_delta_5_scen_1_trial_1_inv_1_cap._1_cap.inc._1.json
HepB,LG_Chem,1,1,1.0,4,0.0,1,10,5,1,1,1,1,MVP_DE_results_T_10_delta_5_scen_1_trial_1_inv_1_cap._1_cap.inc._1.json
HepB,LG_Chem,1,1,1.0,2,0.0,1,10,5,1,1,1,1,MVP_DE_results_T_10_delta_5_scen_1_trial_1_inv_1_cap._1_cap.inc._1.json
HepB,LG_Chem,1,1,1.0,3,0.0,1,10,5,1,1,1,1,MVP_DE_results_T_10_delta_5_scen_1_trial_1_inv_1_cap._1_cap.inc._1.json
HepB,LG_Chem,1,1,1.0,1,0.0,1,10,5,1,1,1,1,MVP_DE_results_T_10_delta_5_scen_1_trial_1_inv_1_cap._1_cap.inc._1.json
HepB,LG_Chem,1,2,0.0,5,0.0,1,10,5,1,1,1,1,MVP_DE_results_T_10_delta_5_scen_1_trial_1_inv_1_cap._1_cap.inc._1.json
HepB,LG_Chem,1,2,0.0,4,0.0,1,10,5,1,1,1,1,MVP_DE_results_T_10_delta_5_scen_1_trial_1_inv_1_cap._1_cap.inc._1.json
HepB,LG_Chem,1,2,0.0,2,0.0,1,10,5,1,1,1,1,MVP_DE_results_T_10_delta_5_scen_1_trial_1_inv_1_cap._1_cap.inc._1.json
HepB,LG_Chem,1,2,0.0,3,0.0,1,10,5,1,1,1,1,MVP_DE_results_T_10_delta_5_scen_1_trial_1_inv_1_cap._1_cap.inc._1.json
HepB,LG_Chem,1,2,0.0,1,0.0,1,10,5,1,1,1,1,MVP_DE_results_T_10_delta_5_scen_1_trial_1_inv_1_cap._1_cap.inc._1.json
HepB,LG_Chem,2,1,1.0,5,0.0,1,10,5,1,1,1,1,MVP_DE_results_T_10_delta_5_scen_1_trial_1_inv_1_cap._1_cap.inc._1.json
HepB,LG_Chem,2,1,1.0,4,0.0,1,10,5,1,1,1,1,MVP_DE_results_T_10_delta_5_scen_1_trial_1_inv_1_cap._1_cap.inc._1.json
HepB,LG_Chem,2,1,1.0,6,0.0,1,10,5,1,1,1,1,MVP_DE_results_T_10_delta_5_scen_1_trial_1_inv_1_cap._1_cap.inc._1.json
HepB,LG_Chem,2,1,1.0,2,0.0,1,10,5,1,1,1,1,MVP_DE_results_T_10_delta_5_scen_1_trial_1_inv_1_cap._1_cap.inc._1.json
HepB,LG_Chem,2,1,1.0,3,0.0,1,10,5,1,1,1,1,MVP_DE_results_T_10_delta_5_scen_1_trial_1_inv_1_cap._1_cap.inc._1.json
HepB,LG_Chem,2,2,-0.0,5,0.0,1,10,5,1,1,1,1,MVP_DE_results_T_10_delta_5_scen_1_trial_1_inv_1_cap._1_cap.inc._1.json
HepB,LG_Chem,2,2,-0.0,4,0.0,1,10,5,1,1,1,1,MVP_DE_results_T_10_delta_5_scen_1_trial_1_inv_1_cap._1_cap.inc._1.json
HepB,LG_Chem,2,2,-0.0,6,0.0,1,10,5,1,1,1,1,MVP_DE_results_T_10_delta_5_scen_1_trial_1_inv_1_cap._1_cap.inc._1.json
HepB,LG_Chem,2,2,-0.0,2,0.0,1,10,5,1,1,1,1,MVP_DE_results_T_10_delta_5_scen_1_trial_1_inv_1_cap._1_cap.inc._1.json
HepB,LG_Chem,2,2,-0.0,3,0.0,1,10,5,1,1,1,1,MVP_DE_results_T_10_delta_5_scen_1_trial_1_inv_1_cap._1_cap.inc._1.json
HepB,LG_Chem,3,1,1.0,5,0.0,1,10,5,1,1,1,1,MVP_DE_results_T_10_delta_5_scen_1_trial_1_inv_1_cap._1_cap.inc._1.json
HepB,LG_Chem,3,1,1.0,4,0.0,1,10,5,1,1,1,1,MVP_DE_results_T_10_delta_5_scen_1_trial_1_inv_1_cap._1_cap.inc._1.json
HepB,LG_Chem,3,1,1.0,6,0.0,1,10,5,1,1,1,1,MVP_DE_results_T_10_delta_5_scen_1_trial_1_inv_1_cap._1_cap.inc._1.json
HepB,LG_Chem,3,1,1.0,7,0.0,1,10,5,1,1,1,1,MVP_DE_results_T_10_delta_5_scen_1_trial_1_inv_1_cap._1_cap.inc._1.json
HepB,LG_Chem,3,1,1.0,3,0.0,1,10,5,1,1,1,1,MVP_DE_results_T_10_delta_5_scen_1_trial_1_inv_1_cap._1_cap.inc._1.json
HepB,LG_Chem,3,2,0.0,5,0.0,1,10,5,1,1,1,1,MVP_DE_results_T_10_delta_5_scen_1_trial_1_inv_1_cap._1_cap.inc._1.json
HepB,LG_Chem,3,2,0.0,4,0.0,1,10,5,1,1,1,1,MVP_DE_results_T_10_delta_5_scen_1_trial_1_inv_1_cap._1_cap.inc._1.json
HepB,LG_Chem,3,2,0.0,6,0.0,1,10,5,1,1,1,1,MVP_DE_results_T_10_delta_5_scen_1_trial_1_inv_1_cap._1_cap.inc._1.json
HepB,LG_Chem,3,2,0.0,7,0.0,1,10,5,1,1,1,1,MVP_DE_results_T_10_delta_5_scen_1_trial_1_inv_1_cap._1_cap.inc._1.json
HepB,LG_Chem,3,2,0.0,3,0.0,1,10,5,1,1,1,1,MVP_DE_results_T_10_delta_5_scen_1_trial_1_inv_1_cap._1_cap.inc._1.json
HepB,LG_Chem,4,1,1.0,5,0.0,1,10,5,1,1,1,1,MVP_DE_results_T_10_delta_5_scen_1_trial_1_inv_1_cap._1_cap.inc._1.json
HepB,LG_Chem,4,1,1.0,4,0.0,1,10,5,1,1,1,1,MVP_DE_results_T_10_delta_5_scen_1_trial_1_inv_1_cap._1_cap.inc._1.json
HepB,LG_Chem,4,1,1.0,6,0.0,1,10,5,1,1,1,1,MVP_DE_results_T_10_delta_5_scen_1_trial_1_inv_1_cap._1_cap.inc._1.json
HepB,LG_Chem,4,1,1.0,7,0.0,1,10,5,1,1,1,1,MVP_DE_results_T_10_delta_5_scen_1_trial_1_inv_1_cap._1_cap.inc._1.json
HepB,LG_Chem,4,1,1.0,8,0.0,1,10,5,1,1,1,1,MVP_DE_results_T_10_delta_5_scen_1_trial_1_inv_1_cap._1_cap.inc._1.json
HepB,LG_Chem,4,2,-0.0,5,0.0,1,10,5,1,1,1,1,MVP_DE_results_T_10_delta_5_scen_1_trial_1_inv_1_cap._1_cap.inc._1.json
HepB,LG_Chem,4,2,-0.0,4,0.0,1,10,5,1,1,1,1,MVP_DE_results_T_10_delta_5_scen_1_trial_1_inv_1_cap._1_cap.inc._1.json
HepB,LG_Chem,4,2,-0.0,6,0.0,1,10,5,1,1,1,1,MVP_DE_results_T_10_delta_5_scen_1_trial_1_inv_1_cap._1_cap.inc._1.json
HepB,LG_Chem,4,2,-0.0,7,0.0,1,10,5,1,1,1,1,MVP_DE_results_T_10_delta_5_scen_1_trial_1_inv_1_cap._1_cap.inc._1.json
HepB,LG_Chem,4,2,-0.0,8,0.0,1,10,5,1,1,1,1,MVP_DE_results_T_10_delta_5_scen_1_trial_1_inv_1_cap._1_cap.inc._1.json
HepB,LG_Chem,5,1,1.0,5,0.0,1,10,5,1,1,1,1,MVP_DE_results_T_10_delta_5_scen_1_trial_1_inv_1_cap._1_cap.inc._1.json
HepB,LG_Chem,5,1,1.0,6,0.0,1,10,5,1,1,1,1,MVP_DE_results_T_10_delta_5_scen_1_trial_1_inv_1_cap._1_cap.inc._1.json
HepB,LG_Chem,5,1,1.0,7,0.0,1,10,5,1,1,1,1,MVP_DE_results_T_10_delta_5_scen_1_trial_1_inv_1_cap._1_cap.inc._1.json
HepB,LG_Chem,5,1,1.0,9,0.0,1,10,5,1,1,1,1,MVP_DE_results_T_10_delta_5_scen_1_trial_1_inv_1_cap._1_cap.inc._1.json
HepB,LG_Chem,5,1,1.0,8,0.0,1,10,5,1,1,1,1,MVP_DE_results_T_10_delta_5_scen_1_trial_1_inv_1_cap._1_cap.inc._1.json
HepB,LG_Chem,5,2,-0.0,5,0.0,1,10,5,1,1,1,1,MVP_DE_results_T_10_delta_5_scen_1_trial_1_inv_1_cap._1_cap.inc._1.json
HepB,LG_Chem,5,2,-0.0,6,0.0,1,10,5,1,1,1,1,MVP_DE_results_T_10_delta_5_scen_1_trial_1_inv_1_cap._1_cap.inc._1.json
HepB,LG_Chem,5,2,-0.0,7,0.0,1,10,5,1,1,1,1,MVP_DE_results_T_10_delta_5_scen_1_trial_1_inv_1_cap._1_cap.inc._1.json
HepB,LG_Chem,5,2,-0.0,9,0.0,1,10,5,1,1,1,1,MVP_DE_results_T_10_delta_5_scen_1_trial_1_inv_1_cap._1_cap.inc._1.json
HepB,LG_Chem,5,2,-0.0,8,0.0,1,10,5,1,1,1,1,MVP_DE_results_T_10_delta_5_scen_1_trial_1_inv_1_cap._1_cap.inc._1.json
HepB,LG_Chem,6,1,1.0,6,0.0,1,10,5,1,1,1,1,MVP_DE_results_T_10_delta_5_scen_1_trial_1_inv_1_cap._1_cap.inc._1.json
HepB,LG_Chem,6,1,1.0,7,0.0,1,10,5,1,1,1,1,MVP_DE_results_T_10_delta_5_scen_1_trial_1_inv_1_cap._1_cap.inc._1.json
HepB,LG_Chem,6,1,1.0,10,0.0,1,10,5,1,1,1,1,MVP_DE_results_T_10_delta_5_scen_1_trial_1_inv_1_cap._1_cap.inc._1.json
HepB,LG_Chem,6,1,1.0,9,0.0,1,10,5,1,1,1,1,MVP_DE_results_T_10_delta_5_scen_1_trial_1_inv_1_cap._1_cap.inc._1.json
HepB,LG_Chem,6,1,1.0,8,0.0,1,10,5,1,1,1,1,MVP_DE_results_T_10_delta_5_scen_1_trial_1_inv_1_cap._1_cap.inc._1.json
HepB,LG_Chem,6,2,-0.0,6,0.0,1,10,5,1,1,1,1,MVP_DE_results_T_10_delta_5_scen_1_trial_1_inv_1_cap._1_cap.inc._1.json
HepB,LG_Chem,6,2,-0.0,7,0.0,1,10,5,1,1,1,1,MVP_DE_results_T_10_delta_5_scen_1_trial_1_inv_1_cap._1_cap.inc._1.json
HepB,LG_Chem,6,2,-0.0,10,0.0,1,10,5,1,1,1,1,MVP_DE_results_T_10_delta_5_scen_1_trial_1_inv_1_cap._1_cap.inc._1.json
HepB,LG_Chem,6,2,-0.0,9,0.0,1,10,5,1,1,1,1,MVP_DE_results_T_10_delta_5_scen_1_trial_1_inv_1_cap._1_cap.inc._1.json
HepB,LG_Chem,6,2,-0.0,8,0.0,1,10,5,1,1,1,1,MVP_DE_results_T_10_delta_5_scen_1_trial_1_inv_1_cap._1_cap.inc._1.json
HepB,LG_Chem,7,1,1.0,7,0.0,1,10,5,1,1,1,1,MVP_DE_results_T_10_delta_5_scen_1_trial_1_inv_1_cap._1_cap.inc._1.json
HepB,LG_Chem,7,1,1.0,10,0.0,1,10,5,1,1,1,1,MVP_DE_results_T_10_delta_5_scen_1_trial_1_inv_1_cap._1_cap.inc._1.json
HepB,LG_Chem,7,1,1.0,9,0.0,1,10,5,1,1,1,1,MVP_DE_results_T_10_delta_5_scen_1_trial_1_inv_1_cap._1_cap.inc._1.json
HepB,LG_Chem,7,1,1.0,8,0.0,1,10,5,1,1,1,1,MVP_DE_results_T_10_delta_5_scen_1_trial_1_inv_1_cap._1_cap.inc._1.json
HepB,LG_Chem,7,2,0.0,7,0.0,1,10,5,1,1,1,1,MVP_DE_results_T_10_delta_5_scen_1_trial_1_inv_1_cap._1_cap.inc._1.json
HepB,LG_Chem,7,2,0.0,10,0.0,1,10,5,1,1,1,1,MVP_DE_results_T_10_delta_5_scen_1_trial_1_inv_1_cap._1_cap.inc._1.json
HepB,LG_Chem,7,2,0.0,9,0.0,1,10,5,1,1,1,1,MVP_DE_results_T_10_delta_5_scen_1_trial_1_inv_1_cap._1_cap.inc._1.json
HepB,LG_Chem,7,2,0.0,8,0.0,1,10,5,1,1,1,1,MVP_DE_results_T_10_delta_5_scen_1_trial_1_inv_1_cap._1_cap.inc._1.json
HepB,LG_Chem,8,1,1.0,10,0.0,1,10,5,1,1,1,1,MVP_DE_results_T_10_delta_5_scen_1_trial_1_inv_1_cap._1_cap.inc._1.json
HepB,LG_Chem,8,1,1.0,9,0.0,1,10,5,1,1,1,1,MVP_DE_results_T_10_delta_5_scen_1_trial_1_inv_1_cap._1_cap.inc._1.json
HepB,LG_Chem,8,1,1.0,8,0.0,1,10,5,1,1,1,1,MVP_DE_results_T_10_delta_5_scen_1_trial_1_inv_1_cap._1_cap.inc._1.json
HepB,LG_Chem,8,2,-0.0,10,0.0,1,10,5,1,1,1,1,MVP_DE_results_T_10_delta_5_scen_1_trial_1_inv_1_cap._1_cap.inc._1.json
HepB,LG_Chem,8,2,-0.0,9,0.0,1,10,5,1,1,1,1,MVP_DE_results_T_10_delta_5_scen_1_trial_1_inv_1_cap._1_cap.inc._1.json
HepB,LG_Chem,8,2,-0.0,8,0.0,1,10,5,1,1,1,1,MVP_DE_results_T_10_delta_5_scen_1_trial_1_inv_1_cap._1_cap.inc._1.json
HepB,LG_Chem,9,1,1.0,10,0.0,1,10,5,1,1,1,1,MVP_DE_results_T_10_delta_5_scen_1_trial_1_inv_1_cap._1_cap.inc._1.json
HepB,LG_Chem,9,1,1.0,9,0.0,1,10,5,1,1,1,1,MVP_DE_results_T_10_delta_5_scen_1_trial_1_inv_1_cap._1_cap.inc._1.json
HepB,LG_Chem,9,2,-0.0,10,0.0,1,10,5,1,1,1,1,MVP_DE_results_T_10_delta_5_scen_1_trial_1_inv_1_cap._1_cap.inc._1.json
HepB,LG_Chem,9,2,-0.0,9,0.0,1,10,5,1,1,1,1,MVP_DE_results_T_10_delta_5_scen_1_trial_1_inv_1_cap._1_cap.inc._1.json
HepB,LG_Chem,10,1,1.0,10,0.0,1,10,5,1,1,1,1,MVP_DE_results_T_10_delta_5_scen_1_trial_1_inv_1_cap._1_cap.inc._1.json
HepB,LG_Chem,10,2,-0.0,10,0.0,1,10,5,1,1,1,1,MVP_DE_results_T_10_delta_5_scen_1_trial_1_inv_1_cap._1_cap.inc._1.json
HepB,Serum_Institute,1,1,1.0,5,0.0,1,10,5,1,1,1,1,MVP_DE_results_T_10_delta_5_scen_1_trial_1_inv_1_cap._1_cap.inc._1.json
HepB,Serum_Institute,1,1,1.0,4,0.0,1,10,5,1,1,1,1,MVP_DE_results_T_10_delta_5_scen_1_trial_1_inv_1_cap._1_cap.inc._1.json
HepB,Serum_Institute,1,1,1.0,2,0.0,1,10,5,1,1,1,1,MVP_DE_results_T_10_delta_5_scen_1_trial_1_inv_1_cap._1_cap.inc._1.json
HepB,Serum_Institute,1,1,1.0,3,0.0,1,10,5,1,1,1,1,MVP_DE_results_T_10_delta_5_scen_1_trial_1_inv_1_cap._1_cap.inc._1.json
HepB,Serum_Institute,1,1,1.0,1,0.0,1,10,5,1,1,1,1,MVP_DE_results_T_10_delta_5_scen_1_trial_1_inv_1_cap._1_cap.inc._1.json
HepB,Serum_Institute,1,2,0.0,5,0.0,1,10,5,1,1,1,1,MVP_DE_results_T_10_delta_5_scen_1_trial_1_inv_1_cap._1_cap.inc._1.json
HepB,Serum_Institute,1,2,0.0,4,0.0,1,10,5,1,1,1,1,MVP_DE_results_T_10_delta_5_scen_1_trial_1_inv_1_cap._1_cap.inc._1.json
HepB,Serum_Institute,1,2,0.0,2,0.0,1,10,5,1,1,1,1,MVP_DE_results_T_10_delta_5_scen_1_trial_1_inv_1_cap._1_cap.inc._1.json
HepB,Serum_Institute,1,2,0.0,3,0.0,1,10,5,1,1,1,1,MVP_DE_results_T_10_delta_5_scen_1_trial_1_inv_1_cap._1_cap.inc._1.json
HepB,Serum_Institute,1,2,0.0,1,0.0,1,10,5,1,1,1,1,MVP_DE_results_T_10_delta_5_scen_1_trial_1_inv_1_cap._1_cap.inc._1.json
HepB,Serum_Institute,2,1,1.0,5,0.0,1,10,5,1,1,1,1,MVP_DE_results_T_10_delta_5_scen_1_trial_1_inv_1_cap._1_cap.inc._1.json
HepB,Serum_Institute,2,1,1.0,4,0.0,1,10,5,1,1,1,1,MVP_DE_results_T_10_delta_5_scen_1_trial_1_inv_1_cap._1_cap.inc._1.json
HepB,Serum_Institute,2,1,1.0,6,0.0,1,10,5,1,1,1,1,MVP_DE_results_T_10_delta_5_scen_1_trial_1_inv_1_cap._1_cap.inc._1.json
HepB,Serum_Institute,2,1,1.0,2,0.0,1,10,5,1,1,1,1,MVP_DE_results_T_10_delta_5_scen_1_trial_1_inv_1_cap._1_cap.inc._1.json
HepB,Serum_Institute,2,1,1.0,3,0.0,1,10,5,1,1,1,1,MVP_DE_results_T_10_delta_5_scen_1_trial_1_inv_1_cap._1_cap.inc._1.json
HepB,Serum_Institute,2,2,0.0,5,0.0,1,10,5,1,1,1,1,MVP_DE_results_T_10_delta_5_scen_1_trial_1_inv_1_cap._1_cap.inc._1.json
HepB,Serum_Institute,2,2,0.0,4,0.0,1,10,5,1,1,1,1,MVP_DE_results_T_10_delta_5_scen_1_trial_1_inv_1_cap._1_cap.inc._1.json
HepB,Serum_Institute,2,2,0.0,6,0.0,1,10,5,1,1,1,1,MVP_DE_results_T_10_delta_5_scen_1_trial_1_inv_1_cap._1_cap.inc._1.json
HepB,Serum_Institute,2,2,0.0,2,0.0,1,10,5,1,1,1,1,MVP_DE_results_T_10_delta_5_scen_1_trial_1_inv_1_cap._1_cap.inc._1.json
HepB,Serum_Institute,2,2,0.0,3,0.0,1,10,5,1,1,1,1,MVP_DE_results_T_10_delta_5_scen_1_trial_1_inv_1_cap._1_cap.inc._1.json
HepB,Serum_Institute,3,1,1.0,5,0.0,1,10,5,1,1,1,1,MVP_DE_results_T_10_delta_5_scen_1_trial_1_inv_1_cap._1_cap.inc._1.json
HepB,Serum_Institute,3,1,1.0,4,0.0,1,10,5,1,1,1,1,MVP_DE_results_T_10_delta_5_scen_1_trial_1_inv_1_cap._1_cap.inc._1.json
HepB,Serum_Institute,3,1,1.0,6,0.0,1,10,5,1,1,1,1,MVP_DE_results_T_10_delta_5_scen_1_trial_1_inv_1_cap._1_cap.inc._1.json
HepB,Serum_Institute,3,1,1.0,7,0.0,1,10,5,1,1,1,1,MVP_DE_results_T_10_delta_5_scen_1_trial_1_inv_1_cap._1_cap.inc._1.json
HepB,Serum_Institute,3,1,1.0,3,0.0,1,10,5,1,1,1,1,MVP_DE_results_T_10_delta_5_scen_1_trial_1_inv_1_cap._1_cap.inc._1.json
HepB,Serum_Institute,3,2,0.0,5,0.0,1,10,5,1,1,1,1,MVP_DE_results_T_10_delta_5_scen_1_trial_1_inv_1_cap._1_cap.inc._1.json
HepB,Serum_Institute,3,2,0.0,4,0.0,1,10,5,1,1,1,1,MVP_DE_results_T_10_delta_5_scen_1_trial_1_inv_1_cap._1_cap.inc._1.json
HepB,Serum_Institute,3,2,0.0,6,0.0,1,10,5,1,1,1,1,MVP_DE_results_T_10_delta_5_scen_1_trial_1_inv_1_cap._1_cap.inc._1.json
HepB,Serum_Institute,3,2,0.0,7,0.0,1,10,5,1,1,1,1,MVP_DE_results_T_10_delta_5_scen_1_trial_1_inv_1_cap._1_cap.inc._1.json
HepB,Serum_Institute,3,2,0.0,3,0.0,1,10,5,1,1,1,1,MVP_DE_results_T_10_delta_5_scen_1_trial_1_inv_1_cap._1_cap.inc._1.json
HepB,Serum_Institute,4,1,1.0,5,0.0,1,10,5,1,1,1,1,MVP_DE_results_T_10_delta_5_scen_1_trial_1_inv_1_cap._1_cap.inc._1.json
HepB,Serum_Institute,4,1,1.0,4,0.0,1,10,5,1,1,1,1,MVP_DE_results_T_10_delta_5_scen_1_trial_1_inv_1_cap._1_cap.inc._1.json
HepB,Serum_Institute,4,1,1.0,6,0.0,1,10,5,1,1,1,1,MVP_DE_results_T_10_delta_5_scen_1_trial_1_inv_1_cap._1_cap.inc._1.json
HepB,Serum_Institute,4,1,1.0,7,0.0,1,10,5,1,1,1,1,MVP_DE_results_T_10_delta_5_scen_1_trial_1_inv_1_cap._1_cap.inc._1.json
HepB,Serum_Institute,4,1,1.0,8,0.0,1,10,5,1,1,1,1,MVP_DE_results_T_10_delta_5_scen_1_trial_1_inv_1_cap._1_cap.inc._1.json
HepB,Serum_Institute,4,2,0.0,5,0.0,1,10,5,1,1,1,1,MVP_DE_results_T_10_delta_5_scen_1_trial_1_inv_1_cap._1_cap.inc._1.json
HepB,Serum_Institute,4,2,0.0,4,0.0,1,10,5,1,1,1,1,MVP_DE_results_T_10_delta_5_scen_1_trial_1_inv_1_cap._1_cap.inc._1.json
HepB,Serum_Institute,4,2,0.0,6,0.0,1,10,5,1,1,1,1,MVP_DE_results_T_10_delta_5_scen_1_trial_1_inv_1_cap._1_cap.inc._1.json
HepB,Serum_Institute,4,2,0.0,7,0.0,1,10,5,1,1,1,1,MVP_DE_results_T_10_delta_5_scen_1_trial_1_inv_1_cap._1_cap.inc._1.json
HepB,Serum_Institute,4,2,0.0,8,0.0,1,10,5,1,1,1,1,MVP_DE_results_T_10_delta_5_scen_1_trial_1_inv_1_cap._1_cap.inc._1.json
HepB,Serum_Institute,5,1,1.0,5,0.0,1,10,5,1,1,1,1,MVP_DE_results_T_10_delta_5_scen_1_trial_1_inv_1_cap._1_cap.inc._1.json
HepB,Serum_Institute,5,1,1.0,6,0.0,1,10,5,1,1,1,1,MVP_DE_results_T_10_delta_5_scen_1_trial_1_inv_1_cap._1_cap.inc._1.json
HepB,Serum_Institute,5,1,1.0,7,0.0,1,10,5,1,1,1,1,MVP_DE_results_T_10_delta_5_scen_1_trial_1_inv_1_cap._1_cap.inc._1.json
HepB,Serum_Institute,5,1,1.0,9,0.0,1,10,5,1,1,1,1,MVP_DE_results_T_10_delta_5_scen_1_trial_1_inv_1_cap._1_cap.inc._1.json
HepB,Serum_Institute,5,1,1.0,8,0.0,1,10,5,1,1,1,1,MVP_DE_results_T_10_delta_5_scen_1_trial_1_inv_1_cap._1_cap.inc._1.json
HepB,Serum_Institute,5,2,0.0,5,0.0,1,10,5,1,1,1,1,MVP_DE_results_T_10_delta_5_scen_1_trial_1_inv_1_cap._1_cap.inc._1.json
HepB,Serum_Institute,5,2,0.0,6,0.0,1,10,5,1,1,1,1,MVP_DE_results_T_10_delta_5_scen_1_trial_1_inv_1_cap._1_cap.inc._1.json
HepB,Serum_Institute,5,2,0.0,7,0.0,1,10,5,1,1,1,1,MVP_DE_results_T_10_delta_5_scen_1_trial_1_inv_1_cap._1_cap.inc._1.json
HepB,Serum_Institute,5,2,0.0,9,0.0,1,10,5,1,1,1,1,MVP_DE_results_T_10_delta_5_scen_1_trial_1_inv_1_cap._1_cap.inc._1.json
HepB,Serum_Institute,5,2,0.0,8,0.0,1,10,5,1,1,1,1,MVP_DE_results_T_10_delta_5_scen_1_trial_1_inv_1_cap._1_cap.inc._1.json
HepB,Serum_Institute,6,1,1.0,6,0.0,1,10,5,1,1,1,1,MVP_DE_results_T_10_delta_5_scen_1_trial_1_inv_1_cap._1_cap.inc._1.json
HepB,Serum_Institute,6,1,1.0,7,0.0,1,10,5,1,1,1,1,MVP_DE_results_T_10_delta_5_scen_1_trial_1_inv_1_cap._1_cap.inc._1.json
HepB,Serum_Institute,6,1,1.0,10,0.0,1,10,5,1,1,1,1,MVP_DE_results_T_10_delta_5_scen_1_trial_1_inv_1_cap._1_cap.inc._1.json
HepB,Serum_Institute,6,1,1.0,9,0.0,1,10,5,1,1,1,1,MVP_DE_results_T_10_delta_5_scen_1_trial_1_inv_1_cap._1_cap.inc._1.json
HepB,Serum_Institute,6,1,1.0,8,0.0,1,10,5,1,1,1,1,MVP_DE_results_T_10_delta_5_scen_1_trial_1_inv_1_cap._1_cap.inc._1.json
HepB,Serum_Institute,6,2,0.0,6,0.0,1,10,5,1,1,1,1,MVP_DE_results_T_10_delta_5_scen_1_trial_1_inv_1_cap._1_cap.inc._1.json
HepB,Serum_Institute,6,2,0.0,7,0.0,1,10,5,1,1,1,1,MVP_DE_results_T_10_delta_5_scen_1_trial_1_inv_1_cap._1_cap.inc._1.json
HepB,Serum_Institute,6,2,0.0,10,0.0,1,10,5,1,1,1,1,MVP_DE_results_T_10_delta_5_scen_1_trial_1_inv_1_cap._1_cap.inc._1.json
HepB,Serum_Institute,6,2,0.0,9,0.0,1,10,5,1,1,1,1,MVP_DE_results_T_10_delta_5_scen_1_trial_1_inv_1_cap._1_cap.inc._1.json
HepB,Serum_Institute,6,2,0.0,8,0.0,1,10,5,1,1,1,1,MVP_DE_results_T_10_delta_5_scen_1_trial_1_inv_1_cap._1_cap.inc._1.json
HepB,Serum_Institute,7,1,1.0,7,0.0,1,10,5,1,1,1,1,MVP_DE_results_T_10_delta_5_scen_1_trial_1_inv_1_cap._1_cap.inc._1.json
HepB,Serum_Institute,7,1,1.0,10,0.0,1,10,5,1,1,1,1,MVP_DE_results_T_10_delta_5_scen_1_trial_1_inv_1_cap._1_cap.inc._1.json
HepB,Serum_Institute,7,1,1.0,9,0.0,1,10,5,1,1,1,1,MVP_DE_results_T_10_delta_5_scen_1_trial_1_inv_1_cap._1_cap.inc._1.json
HepB,Serum_Institute,7,1,1.0,8,0.0,1,10,5,1,1,1,1,MVP_DE_results_T_10_delta_5_scen_1_trial_1_inv_1_cap._1_cap.inc._1.json
HepB,Serum_Institute,7,2,0.0,7,0.0,1,10,5,1,1,1,1,MVP_DE_results_T_10_delta_5_scen_1_trial_1_inv_1_cap._1_cap.inc._1.json
HepB,Serum_Institute,7,2,0.0,10,0.0,1,10,5,1,1,1,1,MVP_DE_results_T_10_delta_5_scen_1_trial_1_inv_1_cap._1_cap.inc._1.json
HepB,Serum_Institute,7,2,0.0,9,0.0,1,10,5,1,1,1,1,MVP_DE_results_T_10_delta_5_scen_1_trial_1_inv_1_cap._1_cap.inc._1.json
HepB,Serum_Institute,7,2,0.0,8,0.0,1,10,5,1,1,1,1,MVP_DE_results_T_10_delta_5_scen_1_trial_1_inv_1_cap._1_cap.inc._1.json
HepB,Serum_Institute,8,1,1.0,10,0.0,1,10,5,1,1,1,1,MVP_DE_results_T_10_delta_5_scen_1_trial_1_inv_1_cap._1_cap.inc._1.json
HepB,Serum_Institute,8,1,1.0,9,0.0,1,10,5,1,1,1,1,MVP_DE_results_T_10_delta_5_scen_1_trial_1_inv_1_cap._1_cap.inc._1.json
HepB,Serum_Institute,8,1,1.0,8,0.0,1,10,5,1,1,1,1,MVP_DE_results_T_10_delta_5_scen_1_trial_1_inv_1_cap._1_cap.inc._1.json
HepB,Serum_Institute,8,2,0.0,10,0.0,1,10,5,1,1,1,1,MVP_DE_results_T_10_delta_5_scen_1_trial_1_inv_1_cap._1_cap.inc._1.json
HepB,Serum_Institute,8,2,0.0,9,0.0,1,10,5,1,1,1,1,MVP_DE_results_T_10_delta_5_scen_1_trial_1_inv_1_cap._1_cap.inc._1.json
HepB,Serum_Institute,8,2,0.0,8,0.0,1,10,5,1,1,1,1,MVP_DE_results_T_10_delta_5_scen_1_trial_1_inv_1_cap._1_cap.inc._1.json
HepB,Serum_Institute,9,1,1.0,10,0.0,1,10,5,1,1,1,1,MVP_DE_results_T_10_delta_5_scen_1_trial_1_inv_1_cap._1_cap.inc._1.json
HepB,Serum_Institute,9,1,1.0,9,0.0,1,10,5,1,1,1,1,MVP_DE_results_T_10_delta_5_scen_1_trial_1_inv_1_cap._1_cap.inc._1.json
HepB,Serum_Institute,9,2,0.0,10,0.0,1,10,5,1,1,1,1,MVP_DE_results_T_10_delta_5_scen_1_trial_1_inv_1_cap._1_cap.inc._1.json
HepB,Serum_Institute,9,2,0.0,9,0.0,1,10,5,1,1,1,1,MVP_DE_results_T_10_delta_5_scen_1_trial_1_inv_1_cap._1_cap.inc._1.json
HepB,Serum_Institute,10,1,1.0,10,0.0,1,10,5,1,1,1,1,MVP_DE_results_T_10_delta_5_scen_1_trial_1_inv_1_cap._1_cap.inc._1.json
HepB,Serum_Institute,10,2,0.0,10,0.0,1,10,5,1,1,1,1,MVP_DE_results_T_10_delta_5_scen_1_trial_1_inv_1_cap._1_cap.inc._1.json
Hexa,Sanofi,1,1,1.0,5,0.0,1,10,5,1,1,1,1,MVP_DE_results_T_10_delta_5_scen_1_trial_1_inv_1_cap._1_cap.inc._1.json
Hexa,Sanofi,1,1,1.0,4,0.0,1,10,5,1,1,1,1,MVP_DE_results_T_10_delta_5_scen_1_trial_1_inv_1_cap._1_cap.inc._1.json
Hexa,Sanofi,1,1,1.0,2,0.0,1,10,5,1,1,1,1,MVP_DE_results_T_10_delta_5_scen_1_trial_1_inv_1_cap._1_cap.inc._1.json
Hexa,Sanofi,1,1,1.0,3,0.0,1,10,5,1,1,1,1,MVP_DE_results_T_10_delta_5_scen_1_trial_1_inv_1_cap._1_cap.inc._1.json
Hexa,Sanofi,1,1,1.0,1,9730.0,1,10,5,1,1,1,1,MVP_DE_results_T_10_delta_5_scen_1_trial_1_inv_1_cap._1_cap.inc._1.json
Hexa,Sanofi,1,2,0.0,5,0.0,1,10,5,1,1,1,1,MVP_DE_results_T_10_delta_5_scen_1_trial_1_inv_1_cap._1_cap.inc._1.json
Hexa,Sanofi,1,2,0.0,4,0.0,1,10,5,1,1,1,1,MVP_DE_results_T_10_delta_5_scen_1_trial_1_inv_1_cap._1_cap.inc._1.json
Hexa,Sanofi,1,2,0.0,2,0.0,1,10,5,1,1,1,1,MVP_DE_results_T_10_delta_5_scen_1_trial_1_inv_1_cap._1_cap.inc._1.json
Hexa,Sanofi,1,2,0.0,3,0.0,1,10,5,1,1,1,1,MVP_DE_results_T_10_delta_5_scen_1_trial_1_inv_1_cap._1_cap.inc._1.json
Hexa,Sanofi,1,2,0.0,1,0.0,1,10,5,1,1,1,1,MVP_DE_results_T_10_delta_5_scen_1_trial_1_inv_1_cap._1_cap.inc._1.json
Hexa,Sanofi,2,1,1.0,5,38920.0,1,10,5,1,1,1,1,MVP_DE_results_T_10_delta_5_scen_1_trial_1_inv_1_cap._1_cap.inc._1.json
Hexa,Sanofi,2,1,1.0,4,29190.0,1,10,5,1,1,1,1,MVP_DE_results_T_10_delta_5_scen_1_trial_1_inv_1_cap._1_cap.inc._1.json
Hexa,Sanofi,2,1,1.0,6,48650.0,1,10,5,1,1,1,1,MVP_DE_results_T_10_delta_5_scen_1_trial_1_inv_1_cap._1_cap.inc._1.json
Hexa,Sanofi,2,1,1.0,2,9730.0,1,10,5,1,1,1,1,MVP_DE_results_T_10_delta_5_scen_1_trial_1_inv_1_cap._1_cap.inc._1.json
Hexa,Sanofi,2,1,1.0,3,19460.0,1,10,5,1,1,1,1,MVP_DE_results_T_10_delta_5_scen_1_trial_1_inv_1_cap._1_cap.inc._1.json
Hexa,Sanofi,2,2,0.0,5,0.0,1,10,5,1,1,1,1,MVP_DE_results_T_10_delta_5_scen_1_trial_1_inv_1_cap._1_cap.inc._1.json
Hexa,Sanofi,2,2,0.0,4,0.0,1,10,5,1,1,1,1,MVP_DE_results_T_10_delta_5_scen_1_trial_1_inv_1_cap._1_cap.inc._1.json
Hexa,Sanofi,2,2,0.0,6,0.0,1,10,5,1,1,1,1,MVP_DE_results_T_10_delta_5_scen_1_trial_1_inv_1_cap._1_cap.inc._1.json
Hexa,Sanofi,2,2,0.0,2,0.0,1,10,5,1,1,1,1,MVP_DE_results_T_10_delta_5_scen_1_trial_1_inv_1_cap._1_cap.inc._1.json
Hexa,Sanofi,2,2,0.0,3,0.0,1,10,5,1,1,1,1,MVP_DE_results_T_10_delta_5_scen_1_trial_1_inv_1_cap._1_cap.inc._1.json
Hexa,Sanofi,3,1,1.0,5,29190.0,1,10,5,1,1,1,1,MVP_DE_results_T_10_delta_5_scen_1_trial_1_inv_1_cap._1_cap.inc._1.json
Hexa,Sanofi,3,1,1.0,4,19460.0,1,10,5,1,1,1,1,MVP_DE_results_T_10_delta_5_scen_1_trial_1_inv_1_cap._1_cap.inc._1.json
Hexa,Sanofi,3,1,1.0,6,38920.0,1,10,5,1,1,1,1,MVP_DE_results_T_10_delta_5_scen_1_trial_1_inv_1_cap._1_cap.inc._1.json
Hexa,Sanofi,3,1,1.0,7,46844.0,1,10,5,1,1,1,1,MVP_DE_results_T_10_delta_5_scen_1_trial_1_inv_1_cap._1_cap.inc._1.json
Hexa,Sanofi,3,1,1.0,3,9730.0,1,10,5,1,1,1,1,MVP_DE_results_T_10_delta_5_scen_1_trial_1_inv_1_cap._1_cap.inc._1.json
Hexa,Sanofi,3,2,0.0,5,0.0,1,10,5,1,1,1,1,MVP_DE_results_T_10_delta_5_scen_1_trial_1_inv_1_cap._1_cap.inc._1.json
Hexa,Sanofi,3,2,0.0,4,0.0,1,10,5,1,1,1,1,MVP_DE_results_T_10_delta_5_scen_1_trial_1_inv_1_cap._1_cap.inc._1.json
Hexa,Sanofi,3,2,0.0,6,0.0,1,10,5,1,1,1,1,MVP_DE_results_T_10_delta_5_scen_1_trial_1_inv_1_cap._1_cap.inc._1.json
Hexa,Sanofi,3,2,0.0,7,0.0,1,10,5,1,1,1,1,MVP_DE_results_T_10_delta_5_scen_1_trial_1_inv_1_cap._1_cap.inc._1.json
Hexa,Sanofi,3,2,0.0,3,0.0,1,10,5,1,1,1,1,MVP_DE_results_T_10_delta_5_scen_1_trial_1_inv_1_cap._1_cap.inc._1.json
Hexa,Sanofi,4,1,1.0,5,19460.0,1,10,5,1,1,1,1,MVP_DE_results_T_10_delta_5_scen_1_trial_1_inv_1_cap._1_cap.inc._1.json
Hexa,Sanofi,4,1,1.0,4,9730.0,1,10,5,1,1,1,1,MVP_DE_results_T_10_delta_5_scen_1_trial_1_inv_1_cap._1_cap.inc._1.json
Hexa,Sanofi,4,1,1.0,6,29190.0,1,10,5,1,1,1,1,MVP_DE_results_T_10_delta_5_scen_1_trial_1_inv_1_cap._1_cap.inc._1.json
Hexa,Sanofi,4,1,1.0,7,37114.0,1,10,5,1,1,1,1,MVP_DE_results_T_10_delta_5_scen_1_trial_1_inv_1_cap._1_cap.inc._1.json
Hexa,Sanofi,4,1,1.0,8,46011.0,1,10,5,1,1,1,1,MVP_DE_results_T_10_delta_5_scen_1_trial_1_inv_1_cap._1_cap.inc._1.json
Hexa,Sanofi,4,2,0.0,5,0.0,1,10,5,1,1,1,1,MVP_DE_results_T_10_delta_5_scen_1_trial_1_inv_1_cap._1_cap.inc._1.json
Hexa,Sanofi,4,2,0.0,4,0.0,1,10,5,1,1,1,1,MVP_DE_results_T_10_delta_5_scen_1_trial_1_inv_1_cap._1_cap.inc._1.json
Hexa,Sanofi,4,2,0.0,6,0.0,1,10,5,1,1,1,1,MVP_DE_results_T_10_delta_5_scen_1_trial_1_inv_1_cap._1_cap.inc._1.json
Hexa,Sanofi,4,2,0.0,7,0.0,1,10,5,1,1,1,1,MVP_DE_results_T_10_delta_5_scen_1_trial_1_inv_1_cap._1_cap.inc._1.json
Hexa,Sanofi,4,2,0.0,8,0.0,1,10,5,1,1,1,1,MVP_DE_results_T_10_delta_5_scen_1_trial_1_inv_1_cap._1_cap.inc._1.json
Hexa,Sanofi,5,1,1.0,5,0.0,1,10,5,1,1,1,1,MVP_DE_results_T_10_delta_5_scen_1_trial_1_inv_1_cap._1_cap.inc._1.json
Hexa,Sanofi,5,1,1.0,6,0.0,1,10,5,1,1,1,1,MVP_DE_results_T_10_delta_5_scen_1_trial_1_inv_1_cap._1_cap.inc._1.json
Hexa,Sanofi,5,1,1.0,7,0.0,1,10,5,1,1,1,1,MVP_DE_results_T_10_delta_5_scen_1_trial_1_inv_1_cap._1_cap.inc._1.json
Hexa,Sanofi,5,1,1.0,9,0.0,1,10,5,1,1,1,1,MVP_DE_results_T_10_delta_5_scen_1_trial_1_inv_1_cap._1_cap.inc._1.json
Hexa,Sanofi,5,1,1.0,8,0.0,1,10,5,1,1,1,1,MVP_DE_results_T_10_delta_5_scen_1_trial_1_inv_1_cap._1_cap.inc._1.json
Hexa,Sanofi,5,2,0.0,5,0.0,1,10,5,1,1,1,1,MVP_DE_results_T_10_delta_5_scen_1_trial_1_inv_1_cap._1_cap.inc._1.json
Hexa,Sanofi,5,2,0.0,6,0.0,1,10,5,1,1,1,1,MVP_DE_results_T_10_delta_5_scen_1_trial_1_inv_1_cap._1_cap.inc._1.json
Hexa,Sanofi,5,2,0.0,7,0.0,1,10,5,1,1,1,1,MVP_DE_results_T_10_delta_5_scen_1_trial_1_inv_1_cap._1_cap.inc._1.json
Hexa,Sanofi,5,2,0.0,9,0.0,1,10,5,1,1,1,1,MVP_DE_results_T_10_delta_5_scen_1_trial_1_inv_1_cap._1_cap.inc._1.json
Hexa,Sanofi,5,2,0.0,8,0.0,1,10,5,1,1,1,1,MVP_DE_results_T_10_delta_5_scen_1_trial_1_inv_1_cap._1_cap.inc._1.json
Hexa,Sanofi,6,1,1.0,6,0.0,1,10,5,1,1,1,1,MVP_DE_results_T_10_delta_5_scen_1_trial_1_inv_1_cap._1_cap.inc._1.json
Hexa,Sanofi,6,1,1.0,7,0.0,1,10,5,1,1,1,1,MVP_DE_results_T_10_delta_5_scen_1_trial_1_inv_1_cap._1_cap.inc._1.json
Hexa,Sanofi,6,1,1.0,10,0.0,1,10,5,1,1,1,1,MVP_DE_results_T_10_delta_5_scen_1_trial_1_inv_1_cap._1_cap.inc._1.json
Hexa,Sanofi,6,1,1.0,9,0.0,1,10,5,1,1,1,1,MVP_DE_results_T_10_delta_5_scen_1_trial_1_inv_1_cap._1_cap.inc._1.json
Hexa,Sanofi,6,1,1.0,8,0.0,1,10,5,1,1,1,1,MVP_DE_results_T_10_delta_5_scen_1_trial_1_inv_1_cap._1_cap.inc._1.json
Hexa,Sanofi,6,2,0.0,6,0.0,1,10,5,1,1,1,1,MVP_DE_results_T_10_delta_5_scen_1_trial_1_inv_1_cap._1_cap.inc._1.json
Hexa,Sanofi,6,2,0.0,7,0.0,1,10,5,1,1,1,1,MVP_DE_results_T_10_delta_5_scen_1_trial_1_inv_1_cap._1_cap.inc._1.json
Hexa,Sanofi,6,2,0.0,10,0.0,1,10,5,1,1,1,1,MVP_DE_results_T_10_delta_5_scen_1_trial_1_inv_1_cap._1_cap.inc._1.json
Hexa,Sanofi,6,2,0.0,9,0.0,1,10,5,1,1,1,1,MVP_DE_results_T_10_delta_5_scen_1_trial_1_inv_1_cap._1_cap.inc._1.json
Hexa,Sanofi,6,2,0.0,8,0.0,1,10,5,1,1,1,1,MVP_DE_results_T_10_delta_5_scen_1_trial_1_inv_1_cap._1_cap.inc._1.json
Hexa,Sanofi,7,1,1.0,7,7924.0,1,10,5,1,1,1,1,MVP_DE_results_T_10_delta_5_scen_1_trial_1_inv_1_cap._1_cap.inc._1.json
Hexa,Sanofi,7,1,1.0,10,36197.0,1,10,5,1,1,1,1,MVP_DE_results_T_10_delta_5_scen_1_trial_1_inv_1_cap._1_cap.inc._1.json
Hexa,Sanofi,7,1,1.0,9,26467.0,1,10,5,1,1,1,1,MVP_DE_results_T_10_delta_5_scen_1_trial_1_inv_1_cap._1_cap.inc._1.json
Hexa,Sanofi,7,1,1.0,8,16821.0,1,10,5,1,1,1,1,MVP_DE_results_T_10_delta_5_scen_1_trial_1_inv_1_cap._1_cap.inc._1.json
Hexa,Sanofi,7,2,0.0,7,0.0,1,10,5,1,1,1,1,MVP_DE_results_T_10_delta_5_scen_1_trial_1_inv_1_cap._1_cap.inc._1.json
Hexa,Sanofi,7,2,0.0,10,0.0,1,10,5,1,1,1,1,MVP_DE_results_T_10_delta_5_scen_1_trial_1_inv_1_cap._1_cap.inc._1.json
Hexa,Sanofi,7,2,0.0,9,0.0,1,10,5,1,1,1,1,MVP_DE_results_T_10_delta_5_scen_1_trial_1_inv_1_cap._1_cap.inc._1.json
Hexa,Sanofi,7,2,0.0,8,0.0,1,10,5,1,1,1,1,MVP_DE_results_T_10_delta_5_scen_1_trial_1_inv_1_cap._1_cap.inc._1.json
Hexa,Sanofi,8,1,1.0,10,0.0,1,10,5,1,1,1,1,MVP_DE_results_T_10_delta_5_scen_1_trial_1_inv_1_cap._1_cap.inc._1.json
Hexa,Sanofi,8,1,1.0,9,0.0,1,10,5,1,1,1,1,MVP_DE_results_T_10_delta_5_scen_1_trial_1_inv_1_cap._1_cap.inc._1.json
Hexa,Sanofi,8,1,1.0,8,0.0,1,10,5,1,1,1,1,MVP_DE_results_T_10_delta_5_scen_1_trial_1_inv_1_cap._1_cap.inc._1.json
Hexa,Sanofi,8,2,0.0,10,0.0,1,10,5,1,1,1,1,MVP_DE_results_T_10_delta_5_scen_1_trial_1_inv_1_cap._1_cap.inc._1.json
Hexa,Sanofi,8,2,0.0,9,0.0,1,10,5,1,1,1,1,MVP_DE_results_T_10_delta_5_scen_1_trial_1_inv_1_cap._1_cap.inc._1.json
Hexa,Sanofi,8,2,0.0,8,0.0,1,10,5,1,1,1,1,MVP_DE_results_T_10_delta_5_scen_1_trial_1_inv_1_cap._1_cap.inc._1.json
Hexa,Sanofi,9,1,1.0,10,19376.0,1,10,5,1,1,1,1,MVP_DE_results_T_10_delta_5_scen_1_trial_1_inv_1_cap._1_cap.inc._1.json
Hexa,Sanofi,9,1,1.0,9,9646.0,1,10,5,1,1,1,1,MVP_DE_results_T_10_delta_5_scen_1_trial_1_inv_1_cap._1_cap.inc._1.json
Hexa,Sanofi,9,2,0.0,10,0.0,1,10,5,1,1,1,1,MVP_DE_results_T_10_delta_5_scen_1_trial_1_inv_1_cap._1_cap.inc._1.json
Hexa,Sanofi,9,2,0.0,9,0.0,1,10,5,1,1,1,1,MVP_DE_results_T_10_delta_5_scen_1_trial_1_inv_1_cap._1_cap.inc._1.json
Hexa,Sanofi,10,1,1.0,10,9730.0,1,10,5,1,1,1,1,MVP_DE_results_T_10_delta_5_scen_1_trial_1_inv_1_cap._1_cap.inc._1.json
Hexa,Sanofi,10,2,0.0,10,0.0,1,10,5,1,1,1,1,MVP_DE_results_T_10_delta_5_scen_1_trial_1_inv_1_cap._1_cap.inc._1.json
IPV,AJ_Vaccines,1,1,1.0,5,0.0,1,10,5,1,1,1,1,MVP_DE_results_T_10_delta_5_scen_1_trial_1_inv_1_cap._1_cap.inc._1.json
IPV,AJ_Vaccines,1,1,1.0,4,0.0,1,10,5,1,1,1,1,MVP_DE_results_T_10_delta_5_scen_1_trial_1_inv_1_cap._1_cap.inc._1.json
IPV,AJ_Vaccines,1,1,1.0,2,0.0,1,10,5,1,1,1,1,MVP_DE_results_T_10_delta_5_scen_1_trial_1_inv_1_cap._1_cap.inc._1.json
IPV,AJ_Vaccines,1,1,1.0,3,0.0,1,10,5,1,1,1,1,MVP_DE_results_T_10_delta_5_scen_1_trial_1_inv_1_cap._1_cap.inc._1.json
IPV,AJ_Vaccines,1,1,1.0,1,60100.0,1,10,5,1,1,1,1,MVP_DE_results_T_10_delta_5_scen_1_trial_1_inv_1_cap._1_cap.inc._1.json
IPV,AJ_Vaccines,1,2,0.0,5,0.0,1,10,5,1,1,1,1,MVP_DE_results_T_10_delta_5_scen_1_trial_1_inv_1_cap._1_cap.inc._1.json
IPV,AJ_Vaccines,1,2,0.0,4,0.0,1,10,5,1,1,1,1,MVP_DE_results_T_10_delta_5_scen_1_trial_1_inv_1_cap._1_cap.inc._1.json
IPV,AJ_Vaccines,1,2,0.0,2,0.0,1,10,5,1,1,1,1,MVP_DE_results_T_10_delta_5_scen_1_trial_1_inv_1_cap._1_cap.inc._1.json
IPV,AJ_Vaccines,1,2,0.0,3,0.0,1,10,5,1,1,1,1,MVP_DE_results_T_10_delta_5_scen_1_trial_1_inv_1_cap._1_cap.inc._1.json
IPV,AJ_Vaccines,1,2,0.0,1,0.0,1,10,5,1,1,1,1,MVP_DE_results_T_10_delta_5_scen_1_trial_1_inv_1_cap._1_cap.inc._1.json
IPV,AJ_Vaccines,2,1,1.0,5,0.0,1,10,5,1,1,1,1,MVP_DE_results_T_10_delta_5_scen_1_trial_1_inv_1_cap._1_cap.inc._1.json
IPV,AJ_Vaccines,2,1,1.0,4,0.0,1,10,5,1,1,1,1,MVP_DE_results_T_10_delta_5_scen_1_trial_1_inv_1_cap._1_cap.inc._1.json
IPV,AJ_Vaccines,2,1,1.0,6,0.0,1,10,5,1,1,1,1,MVP_DE_results_T_10_delta_5_scen_1_trial_1_inv_1_cap._1_cap.inc._1.json
IPV,AJ_Vaccines,2,1,1.0,2,60100.0,1,10,5,1,1,1,1,MVP_DE_results_T_10_delta_5_scen_1_trial_1_inv_1_cap._1_cap.inc._1.json
IPV,AJ_Vaccines,2,1,1.0,3,0.0,1,10,5,1,1,1,1,MVP_DE_results_T_10_delta_5_scen_1_trial_1_inv_1_cap._1_cap.inc._1.json
IPV,AJ_Vaccines,2,2,0.0,5,0.0,1,10,5,1,1,1,1,MVP_DE_results_T_10_delta_5_scen_1_trial_1_inv_1_cap._1_cap.inc._1.json
IPV,AJ_Vaccines,2,2,0.0,4,0.0,1,10,5,1,1,1,1,MVP_DE_results_T_10_delta_5_scen_1_trial_1_inv_1_cap._1_cap.inc._1.json
IPV,AJ_Vaccines,2,2,0.0,6,0.0,1,10,5,1,1,1,1,MVP_DE_results_T_10_delta_5_scen_1_trial_1_inv_1_cap._1_cap.inc._1.json
IPV,AJ_Vaccines,2,2,0.0,2,0.0,1,10,5,1,1,1,1,MVP_DE_results_T_10_delta_5_scen_1_trial_1_inv_1_cap._1_cap.inc._1.json
IPV,AJ_Vaccines,2,2,0.0,3,0.0,1,10,5,1,1,1,1,MVP_DE_results_T_10_delta_5_scen_1_trial_1_inv_1_cap._1_cap.inc._1.json
IPV,AJ_Vaccines,3,1,1.0,5,0.0,1,10,5,1,1,1,1,MVP_DE_results_T_10_delta_5_scen_1_trial_1_inv_1_cap._1_cap.inc._1.json
IPV,AJ_Vaccines,3,1,1.0,4,0.0,1,10,5,1,1,1,1,MVP_DE_results_T_10_delta_5_scen_1_trial_1_inv_1_cap._1_cap.inc._1.json
IPV,AJ_Vaccines,3,1,1.0,6,0.0,1,10,5,1,1,1,1,MVP_DE_results_T_10_delta_5_scen_1_trial_1_inv_1_cap._1_cap.inc._1.json
IPV,AJ_Vaccines,3,1,1.0,7,0.0,1,10,5,1,1,1,1,MVP_DE_results_T_10_delta_5_scen_1_trial_1_inv_1_cap._1_cap.inc._1.json
IPV,AJ_Vaccines,3,1,1.0,3,60100.0,1,10,5,1,1,1,1,MVP_DE_results_T_10_delta_5_scen_1_trial_1_inv_1_cap._1_cap.inc._1.json
IPV,AJ_Vaccines,3,2,0.0,5,0.0,1,10,5,1,1,1,1,MVP_DE_results_T_10_delta_5_scen_1_trial_1_inv_1_cap._1_cap.inc._1.json
IPV,AJ_Vaccines,3,2,0.0,4,0.0,1,10,5,1,1,1,1,MVP_DE_results_T_10_delta_5_scen_1_trial_1_inv_1_cap._1_cap.inc._1.json
IPV,AJ_Vaccines,3,2,0.0,6,0.0,1,10,5,1,1,1,1,MVP_DE_results_T_10_delta_5_scen_1_trial_1_inv_1_cap._1_cap.inc._1.json
IPV,AJ_Vaccines,3,2,0.0,7,0.0,1,10,5,1,1,1,1,MVP_DE_results_T_10_delta_5_scen_1_trial_1_inv_1_cap._1_cap.inc._1.json
IPV,AJ_Vaccines,3,2,0.0,3,0.0,1,10,5,1,1,1,1,MVP_DE_results_T_10_delta_5_scen_1_trial_1_inv_1_cap._1_cap.inc._1.json
IPV,AJ_Vaccines,4,1,1.0,5,0.0,1,10,5,1,1,1,1,MVP_DE_results_T_10_delta_5_scen_1_trial_1_inv_1_cap._1_cap.inc._1.json
IPV,AJ_Vaccines,4,1,1.0,4,0.0,1,10,5,1,1,1,1,MVP_DE_results_T_10_delta_5_scen_1_trial_1_inv_1_cap._1_cap.inc._1.json
IPV,AJ_Vaccines,4,1,1.0,6,60100.0,1,10,5,1,1,1,1,MVP_DE_results_T_10_delta_5_scen_1_trial_1_inv_1_cap._1_cap.inc._1.json
IPV,AJ_Vaccines,4,1,1.0,7,0.0,1,10,5,1,1,1,1,MVP_DE_results_T_10_delta_5_scen_1_trial_1_inv_1_cap._1_cap.inc._1.json
IPV,AJ_Vaccines,4,1,1.0,8,0.0,1,10,5,1,1,1,1,MVP_DE_results_T_10_delta_5_scen_1_trial_1_inv_1_cap._1_cap.inc._1.json
IPV,AJ_Vaccines,4,2,0.0,5,0.0,1,10,5,1,1,1,1,MVP_DE_results_T_10_delta_5_scen_1_trial_1_inv_1_cap._1_cap.inc._1.json
IPV,AJ_Vaccines,4,2,0.0,4,0.0,1,10,5,1,1,1,1,MVP_DE_results_T_10_delta_5_scen_1_trial_1_inv_1_cap._1_cap.inc._1.json
IPV,AJ_Vaccines,4,2,0.0,6,0.0,1,10,5,1,1,1,1,MVP_DE_results_T_10_delta_5_scen_1_trial_1_inv_1_cap._1_cap.inc._1.json
IPV,AJ_Vaccines,4,2,0.0,7,0.0,1,10,5,1,1,1,1,MVP_DE_results_T_10_delta_5_scen_1_trial_1_inv_1_cap._1_cap.inc._1.json
IPV,AJ_Vaccines,4,2,0.0,8,0.0,1,10,5,1,1,1,1,MVP_DE_results_T_10_delta_5_scen_1_trial_1_inv_1_cap._1_cap.inc._1.json
IPV,AJ_Vaccines,5,1,1.0,5,0.0,1,10,5,1,1,1,1,MVP_DE_results_T_10_delta_5_scen_1_trial_1_inv_1_cap._1_cap.inc._1.json
IPV,AJ_Vaccines,5,1,1.0,6,0.0,1,10,5,1,1,1,1,MVP_DE_results_T_10_delta_5_scen_1_trial_1_inv_1_cap._1_cap.inc._1.json
IPV,AJ_Vaccines,5,1,1.0,7,0.0,1,10,5,1,1,1,1,MVP_DE_results_T_10_delta_5_scen_1_trial_1_inv_1_cap._1_cap.inc._1.json
IPV,AJ_Vaccines,5,1,1.0,9,0.0,1,10,5,1,1,1,1,MVP_DE_results_T_10_delta_5_scen_1_trial_1_inv_1_cap._1_cap.inc._1.json
IPV,AJ_Vaccines,5,1,1.0,8,0.0,1,10,5,1,1,1,1,MVP_DE_results_T_10_delta_5_scen_1_trial_1_inv_1_cap._1_cap.inc._1.json
IPV,AJ_Vaccines,5,2,0.0,5,0.0,1,10,5,1,1,1,1,MVP_DE_results_T_10_delta_5_scen_1_trial_1_inv_1_cap._1_cap.inc._1.json
IPV,AJ_Vaccines,5,2,0.0,6,0.0,1,10,5,1,1,1,1,MVP_DE_results_T_10_delta_5_scen_1_trial_1_inv_1_cap._1_cap.inc._1.json
IPV,AJ_Vaccines,5,2,0.0,7,0.0,1,10,5,1,1,1,1,MVP_DE_results_T_10_delta_5_scen_1_trial_1_inv_1_cap._1_cap.inc._1.json
IPV,AJ_Vaccines,5,2,0.0,9,0.0,1,10,5,1,1,1,1,MVP_DE_results_T_10_delta_5_scen_1_trial_1_inv_1_cap._1_cap.inc._1.json
IPV,AJ_Vaccines,5,2,0.0,8,0.0,1,10,5,1,1,1,1,MVP_DE_results_T_10_delta_5_scen_1_trial_1_inv_1_cap._1_cap.inc._1.json
IPV,AJ_Vaccines,6,1,1.0,6,0.0,1,10,5,1,1,1,1,MVP_DE_results_T_10_delta_5_scen_1_trial_1_inv_1_cap._1_cap.inc._1.json
IPV,AJ_Vaccines,6,1,1.0,7,0.0,1,10,5,1,1,1,1,MVP_DE_results_T_10_delta_5_scen_1_trial_1_inv_1_cap._1_cap.inc._1.json
IPV,AJ_Vaccines,6,1,1.0,10,0.0,1,10,5,1,1,1,1,MVP_DE_results_T_10_delta_5_scen_1_trial_1_inv_1_cap._1_cap.inc._1.json
IPV,AJ_Vaccines,6,1,1.0,9,0.0,1,10,5,1,1,1,1,MVP_DE_results_T_10_delta_5_scen_1_trial_1_inv_1_cap._1_cap.inc._1.json
IPV,AJ_Vaccines,6,1,1.0,8,0.0,1,10,5,1,1,1,1,MVP_DE_results_T_10_delta_5_scen_1_trial_1_inv_1_cap._1_cap.inc._1.json
IPV,AJ_Vaccines,6,2,0.0,6,0.0,1,10,5,1,1,1,1,MVP_DE_results_T_10_delta_5_scen_1_trial_1_inv_1_cap._1_cap.inc._1.json
IPV,AJ_Vaccines,6,2,0.0,7,0.0,1,10,5,1,1,1,1,MVP_DE_results_T_10_delta_5_scen_1_trial_1_inv_1_cap._1_cap.inc._1.json
IPV,AJ_Vaccines,6,2,0.0,10,0.0,1,10,5,1,1,1,1,MVP_DE_results_T_10_delta_5_scen_1_trial_1_inv_1_cap._1_cap.inc._1.json
IPV,AJ_Vaccines,6,2,0.0,9,0.0,1,10,5,1,1,1,1,MVP_DE_results_T_10_delta_5_scen_1_trial_1_inv_1_cap._1_cap.inc._1.json
IPV,AJ_Vaccines,6,2,0.0,8,0.0,1,10,5,1,1,1,1,MVP_DE_results_T_10_delta_5_scen_1_trial_1_inv_1_cap._1_cap.inc._1.json
IPV,AJ_Vaccines,7,1,1.0,7,0.0,1,10,5,1,1,1,1,MVP_DE_results_T_10_delta_5_scen_1_trial_1_inv_1_cap._1_cap.inc._1.json
IPV,AJ_Vaccines,7,1,1.0,10,0.0,1,10,5,1,1,1,1,MVP_DE_results_T_10_delta_5_scen_1_trial_1_inv_1_cap._1_cap.inc._1.json
IPV,AJ_Vaccines,7,1,1.0,9,0.0,1,10,5,1,1,1,1,MVP_DE_results_T_10_delta_5_scen_1_trial_1_inv_1_cap._1_cap.inc._1.json
IPV,AJ_Vaccines,7,1,1.0,8,60100.0,1,10,5,1,1,1,1,MVP_DE_results_T_10_delta_5_scen_1_trial_1_inv_1_cap._1_cap.inc._1.json
IPV,AJ_Vaccines,7,2,0.0,7,0.0,1,10,5,1,1,1,1,MVP_DE_results_T_10_delta_5_scen_1_trial_1_inv_1_cap._1_cap.inc._1.json
IPV,AJ_Vaccines,7,2,0.0,10,0.0,1,10,5,1,1,1,1,MVP_DE_results_T_10_delta_5_scen_1_trial_1_inv_1_cap._1_cap.inc._1.json
IPV,AJ_Vaccines,7,2,0.0,9,0.0,1,10,5,1,1,1,1,MVP_DE_results_T_10_delta_5_scen_1_trial_1_inv_1_cap._1_cap.inc._1.json
IPV,AJ_Vaccines,7,2,0.0,8,0.0,1,10,5,1,1,1,1,MVP_DE_results_T_10_delta_5_scen_1_trial_1_inv_1_cap._1_cap.inc._1.json
IPV,AJ_Vaccines,8,1,1.0,10,0.0,1,10,5,1,1,1,1,MVP_DE_results_T_10_delta_5_scen_1_trial_1_inv_1_cap._1_cap.inc._1.json
IPV,AJ_Vaccines,8,1,1.0,9,0.0,1,10,5,1,1,1,1,MVP_DE_results_T_10_delta_5_scen_1_trial_1_inv_1_cap._1_cap.inc._1.json
IPV,AJ_Vaccines,8,1,1.0,8,0.0,1,10,5,1,1,1,1,MVP_DE_results_T_10_delta_5_scen_1_trial_1_inv_1_cap._1_cap.inc._1.json
IPV,AJ_Vaccines,8,2,0.0,10,0.0,1,10,5,1,1,1,1,MVP_DE_results_T_10_delta_5_scen_1_trial_1_inv_1_cap._1_cap.inc._1.json
IPV,AJ_Vaccines,8,2,0.0,9,0.0,1,10,5,1,1,1,1,MVP_DE_results_T_10_delta_5_scen_1_trial_1_inv_1_cap._1_cap.inc._1.json
IPV,AJ_Vaccines,8,2,0.0,8,0.0,1,10,5,1,1,1,1,MVP_DE_results_T_10_delta_5_scen_1_trial_1_inv_1_cap._1_cap.inc._1.json
IPV,AJ_Vaccines,9,1,1.0,10,0.0,1,10,5,1,1,1,1,MVP_DE_results_T_10_delta_5_scen_1_trial_1_inv_1_cap._1_cap.inc._1.json
IPV,AJ_Vaccines,9,1,1.0,9,60100.0,1,10,5,1,1,1,1,MVP_DE_results_T_10_delta_5_scen_1_trial_1_inv_1_cap._1_cap.inc._1.json
IPV,AJ_Vaccines,9,2,0.0,10,0.0,1,10,5,1,1,1,1,MVP_DE_results_T_10_delta_5_scen_1_trial_1_inv_1_cap._1_cap.inc._1.json
IPV,AJ_Vaccines,9,2,0.0,9,0.0,1,10,5,1,1,1,1,MVP_DE_results_T_10_delta_5_scen_1_trial_1_inv_1_cap._1_cap.inc._1.json
IPV,AJ_Vaccines,10,1,0.0,10,0.0,1,10,5,1,1,1,1,MVP_DE_results_T_10_delta_5_scen_1_trial_1_inv_1_cap._1_cap.inc._1.json
IPV,AJ_Vaccines,10,2,1.0,10,345227.35441,1,10,5,1,1,1,1,MVP_DE_results_T_10_delta_5_scen_1_trial_1_inv_1_cap._1_cap.inc._1.json
IPV,Bilthoven,1,1,1.0,5,0.0,1,10,5,1,1,1,1,MVP_DE_results_T_10_delta_5_scen_1_trial_1_inv_1_cap._1_cap.inc._1.json
IPV,Bilthoven,1,1,1.0,4,0.0,1,10,5,1,1,1,1,MVP_DE_results_T_10_delta_5_scen_1_trial_1_inv_1_cap._1_cap.inc._1.json
IPV,Bilthoven,1,1,1.0,2,0.0,1,10,5,1,1,1,1,MVP_DE_results_T_10_delta_5_scen_1_trial_1_inv_1_cap._1_cap.inc._1.json
IPV,Bilthoven,1,1,1.0,3,0.0,1,10,5,1,1,1,1,MVP_DE_results_T_10_delta_5_scen_1_trial_1_inv_1_cap._1_cap.inc._1.json
IPV,Bilthoven,1,1,1.0,1,60100.0,1,10,5,1,1,1,1,MVP_DE_results_T_10_delta_5_scen_1_trial_1_inv_1_cap._1_cap.inc._1.json
IPV,Bilthoven,1,2,0.0,5,0.0,1,10,5,1,1,1,1,MVP_DE_results_T_10_delta_5_scen_1_trial_1_inv_1_cap._1_cap.inc._1.json
IPV,Bilthoven,1,2,0.0,4,0.0,1,10,5,1,1,1,1,MVP_DE_results_T_10_delta_5_scen_1_trial_1_inv_1_cap._1_cap.inc._1.json
IPV,Bilthoven,1,2,0.0,2,0.0,1,10,5,1,1,1,1,MVP_DE_results_T_10_delta_5_scen_1_trial_1_inv_1_cap._1_cap.inc._1.json
IPV,Bilthoven,1,2,0.0,3,0.0,1,10,5,1,1,1,1,MVP_DE_results_T_10_delta_5_scen_1_trial_1_inv_1_cap._1_cap.inc._1.json
IPV,Bilthoven,1,2,0.0,1,0.0,1,10,5,1,1,1,1,MVP_DE_results_T_10_delta_5_scen_1_trial_1_inv_1_cap._1_cap.inc._1.json
IPV,Bilthoven,2,1,1.0,5,0.0,1,10,5,1,1,1,1,MVP_DE_results_T_10_delta_5_scen_1_trial_1_inv_1_cap._1_cap.inc._1.json
IPV,Bilthoven,2,1,1.0,4,0.0,1,10,5,1,1,1,1,MVP_DE_results_T_10_delta_5_scen_1_trial_1_inv_1_cap._1_cap.inc._1.json
IPV,Bilthoven,2,1,1.0,6,0.0,1,10,5,1,1,1,1,MVP_DE_results_T_10_delta_5_scen_1_trial_1_inv_1_cap._1_cap.inc._1.json
IPV,Bilthoven,2,1,1.0,2,60100.0,1,10,5,1,1,1,1,MVP_DE_results_T_10_delta_5_scen_1_trial_1_inv_1_cap._1_cap.inc._1.json
IPV,Bilthoven,2,1,1.0,3,0.0,1,10,5,1,1,1,1,MVP_DE_results_T_10_delta_5_scen_1_trial_1_inv_1_cap._1_cap.inc._1.json
IPV,Bilthoven,2,2,0.0,5,0.0,1,10,5,1,1,1,1,MVP_DE_results_T_10_delta_5_scen_1_trial_1_inv_1_cap._1_cap.inc._1.json
IPV,Bilthoven,2,2,0.0,4,0.0,1,10,5,1,1,1,1,MVP_DE_results_T_10_delta_5_scen_1_trial_1_inv_1_cap._1_cap.inc._1.json
IPV,Bilthoven,2,2,0.0,6,0.0,1,10,5,1,1,1,1,MVP_DE_results_T_10_delta_5_scen_1_trial_1_inv_1_cap._1_cap.inc._1.json
IPV,Bilthoven,2,2,0.0,2,0.0,1,10,5,1,1,1,1,MVP_DE_results_T_10_delta_5_scen_1_trial_1_inv_1_cap._1_cap.inc._1.json
IPV,Bilthoven,2,2,0.0,3,0.0,1,10,5,1,1,1,1,MVP_DE_results_T_10_delta_5_scen_1_trial_1_inv_1_cap._1_cap.inc._1.json
IPV,Bilthoven,3,1,1.0,5,0.0,1,10,5,1,1,1,1,MVP_DE_results_T_10_delta_5_scen_1_trial_1_inv_1_cap._1_cap.inc._1.json
IPV,Bilthoven,3,1,1.0,4,0.0,1,10,5,1,1,1,1,MVP_DE_results_T_10_delta_5_scen_1_trial_1_inv_1_cap._1_cap.inc._1.json
IPV,Bilthoven,3,1,1.0,6,0.0,1,10,5,1,1,1,1,MVP_DE_results_T_10_delta_5_scen_1_trial_1_inv_1_cap._1_cap.inc._1.json
IPV,Bilthoven,3,1,1.0,7,0.0,1,10,5,1,1,1,1,MVP_DE_results_T_10_delta_5_scen_1_trial_1_inv_1_cap._1_cap.inc._1.json
IPV,Bilthoven,3,1,1.0,3,60100.0,1,10,5,1,1,1,1,MVP_DE_results_T_10_delta_5_scen_1_trial_1_inv_1_cap._1_cap.inc._1.json
IPV,Bilthoven,3,2,0.0,5,0.0,1,10,5,1,1,1,1,MVP_DE_results_T_10_delta_5_scen_1_trial_1_inv_1_cap._1_cap.inc._1.json
IPV,Bilthoven,3,2,0.0,4,0.0,1,10,5,1,1,1,1,MVP_DE_results_T_10_delta_5_scen_1_trial_1_inv_1_cap._1_cap.inc._1.json
IPV,Bilthoven,3,2,0.0,6,0.0,1,10,5,1,1,1,1,MVP_DE_results_T_10_delta_5_scen_1_trial_1_inv_1_cap._1_cap.inc._1.json
IPV,Bilthoven,3,2,0.0,7,0.0,1,10,5,1,1,1,1,MVP_DE_results_T_10_delta_5_scen_1_trial_1_inv_1_cap._1_cap.inc._1.json
IPV,Bilthoven,3,2,0.0,3,0.0,1,10,5,1,1,1,1,MVP_DE_results_T_10_delta_5_scen_1_trial_1_inv_1_cap._1_cap.inc._1.json
IPV,Bilthoven,4,1,1.0,5,0.0,1,10,5,1,1,1,1,MVP_DE_results_T_10_delta_5_scen_1_trial_1_inv_1_cap._1_cap.inc._1.json
IPV,Bilthoven,4,1,1.0,4,0.0,1,10,5,1,1,1,1,MVP_DE_results_T_10_delta_5_scen_1_trial_1_inv_1_cap._1_cap.inc._1.json
IPV,Bilthoven,4,1,1.0,6,60100.0,1,10,5,1,1,1,1,MVP_DE_results_T_10_delta_5_scen_1_trial_1_inv_1_cap._1_cap.inc._1.json
IPV,Bilthoven,4,1,1.0,7,0.0,1,10,5,1,1,1,1,MVP_DE_results_T_10_delta_5_scen_1_trial_1_inv_1_cap._1_cap.inc._1.json
IPV,Bilthoven,4,1,1.0,8,0.0,1,10,5,1,1,1,1,MVP_DE_results_T_10_delta_5_scen_1_trial_1_inv_1_cap._1_cap.inc._1.json
IPV,Bilthoven,4,2,0.0,5,0.0,1,10,5,1,1,1,1,MVP_DE_results_T_10_delta_5_scen_1_trial_1_inv_1_cap._1_cap.inc._1.json
IPV,Bilthoven,4,2,0.0,4,0.0,1,10,5,1,1,1,1,MVP_DE_results_T_10_delta_5_scen_1_trial_1_inv_1_cap._1_cap.inc._1.json
IPV,Bilthoven,4,2,0.0,6,0.0,1,10,5,1,1,1,1,MVP_DE_results_T_10_delta_5_scen_1_trial_1_inv_1_cap._1_cap.inc._1.json
IPV,Bilthoven,4,2,0.0,7,0.0,1,10,5,1,1,1,1,MVP_DE_results_T_10_delta_5_scen_1_trial_1_inv_1_cap._1_cap.inc._1.json
IPV,Bilthoven,4,2,0.0,8,0.0,1,10,5,1,1,1,1,MVP_DE_results_T_10_delta_5_scen_1_trial_1_inv_1_cap._1_cap.inc._1.json
IPV,Bilthoven,5,1,1.0,5,0.0,1,10,5,1,1,1,1,MVP_DE_results_T_10_delta_5_scen_1_trial_1_inv_1_cap._1_cap.inc._1.json
IPV,Bilthoven,5,1,1.0,6,0.0,1,10,5,1,1,1,1,MVP_DE_results_T_10_delta_5_scen_1_trial_1_inv_1_cap._1_cap.inc._1.json
IPV,Bilthoven,5,1,1.0,7,0.0,1,10,5,1,1,1,1,MVP_DE_results_T_10_delta_5_scen_1_trial_1_inv_1_cap._1_cap.inc._1.json
IPV,Bilthoven,5,1,1.0,9,0.0,1,10,5,1,1,1,1,MVP_DE_results_T_10_delta_5_scen_1_trial_1_inv_1_cap._1_cap.inc._1.json
IPV,Bilthoven,5,1,1.0,8,0.0,1,10,5,1,1,1,1,MVP_DE_results_T_10_delta_5_scen_1_trial_1_inv_1_cap._1_cap.inc._1.json
IPV,Bilthoven,5,2,0.0,5,0.0,1,10,5,1,1,1,1,MVP_DE_results_T_10_delta_5_scen_1_trial_1_inv_1_cap._1_cap.inc._1.json
IPV,Bilthoven,5,2,0.0,6,0.0,1,10,5,1,1,1,1,MVP_DE_results_T_10_delta_5_scen_1_trial_1_inv_1_cap._1_cap.inc._1.json
IPV,Bilthoven,5,2,0.0,7,0.0,1,10,5,1,1,1,1,MVP_DE_results_T_10_delta_5_scen_1_trial_1_inv_1_cap._1_cap.inc._1.json
IPV,Bilthoven,5,2,0.0,9,0.0,1,10,5,1,1,1,1,MVP_DE_results_T_10_delta_5_scen_1_trial_1_inv_1_cap._1_cap.inc._1.json
IPV,Bilthoven,5,2,0.0,8,0.0,1,10,5,1,1,1,1,MVP_DE_results_T_10_delta_5_scen_1_trial_1_inv_1_cap._1_cap.inc._1.json
IPV,Bilthoven,6,1,1.0,6,0.0,1,10,5,1,1,1,1,MVP_DE_results_T_10_delta_5_scen_1_trial_1_inv_1_cap._1_cap.inc._1.json
IPV,Bilthoven,6,1,1.0,7,0.0,1,10,5,1,1,1,1,MVP_DE_results_T_10_delta_5_scen_1_trial_1_inv_1_cap._1_cap.inc._1.json
IPV,Bilthoven,6,1,1.0,10,0.0,1,10,5,1,1,1,1,MVP_DE_results_T_10_delta_5_scen_1_trial_1_inv_1_cap._1_cap.inc._1.json
IPV,Bilthoven,6,1,1.0,9,0.0,1,10,5,1,1,1,1,MVP_DE_results_T_10_delta_5_scen_1_trial_1_inv_1_cap._1_cap.inc._1.json
IPV,Bilthoven,6,1,1.0,8,0.0,1,10,5,1,1,1,1,MVP_DE_results_T_10_delta_5_scen_1_trial_1_inv_1_cap._1_cap.inc._1.json
IPV,Bilthoven,6,2,0.0,6,0.0,1,10,5,1,1,1,1,MVP_DE_results_T_10_delta_5_scen_1_trial_1_inv_1_cap._1_cap.inc._1.json
IPV,Bilthoven,6,2,0.0,7,0.0,1,10,5,1,1,1,1,MVP_DE_results_T_10_delta_5_scen_1_trial_1_inv_1_cap._1_cap.inc._1.json
IPV,Bilthoven,6,2,0.0,10,0.0,1,10,5,1,1,1,1,MVP_DE_results_T_10_delta_5_scen_1_trial_1_inv_1_cap._1_cap.inc._1.json
IPV,Bilthoven,6,2,0.0,9,0.0,1,10,5,1,1,1,1,MVP_DE_results_T_10_delta_5_scen_1_trial_1_inv_1_cap._1_cap.inc._1.json
IPV,Bilthoven,6,2,0.0,8,0.0,1,10,5,1,1,1,1,MVP_DE_results_T_10_delta_5_scen_1_trial_1_inv_1_cap._1_cap.inc._1.json
IPV,Bilthoven,7,1,1.0,7,0.0,1,10,5,1,1,1,1,MVP_DE_results_T_10_delta_5_scen_1_trial_1_inv_1_cap._1_cap.inc._1.json
IPV,Bilthoven,7,1,1.0,10,0.0,1,10,5,1,1,1,1,MVP_DE_results_T_10_delta_5_scen_1_trial_1_inv_1_cap._1_cap.inc._1.json
IPV,Bilthoven,7,1,1.0,9,0.0,1,10,5,1,1,1,1,MVP_DE_results_T_10_delta_5_scen_1_trial_1_inv_1_cap._1_cap.inc._1.json
IPV,Bilthoven,7,1,1.0,8,60100.0,1,10,5,1,1,1,1,MVP_DE_results_T_10_delta_5_scen_1_trial_1_inv_1_cap._1_cap.inc._1.json
IPV,Bilthoven,7,2,0.0,7,0.0,1,10,5,1,1,1,1,MVP_DE_results_T_10_delta_5_scen_1_trial_1_inv_1_cap._1_cap.inc._1.json
IPV,Bilthoven,7,2,0.0,10,0.0,1,10,5,1,1,1,1,MVP_DE_results_T_10_delta_5_scen_1_trial_1_inv_1_cap._1_cap.inc._1.json
IPV,Bilthoven,7,2,0.0,9,0.0,1,10,5,1,1,1,1,MVP_DE_results_T_10_delta_5_scen_1_trial_1_inv_1_cap._1_cap.inc._1.json
IPV,Bilthoven,7,2,0.0,8,0.0,1,10,5,1,1,1,1,MVP_DE_results_T_10_delta_5_scen_1_trial_1_inv_1_cap._1_cap.inc._1.json
IPV,Bilthoven,8,1,1.0,10,0.0,1,10,5,1,1,1,1,MVP_DE_results_T_10_delta_5_scen_1_trial_1_inv_1_cap._1_cap.inc._1.json
IPV,Bilthoven,8,1,1.0,9,0.0,1,10,5,1,1,1,1,MVP_DE_results_T_10_delta_5_scen_1_trial_1_inv_1_cap._1_cap.inc._1.json
IPV,Bilthoven,8,1,1.0,8,0.0,1,10,5,1,1,1,1,MVP_DE_results_T_10_delta_5_scen_1_trial_1_inv_1_cap._1_cap.inc._1.json
IPV,Bilthoven,8,2,0.0,10,0.0,1,10,5,1,1,1,1,MVP_DE_results_T_10_delta_5_scen_1_trial_1_inv_1_cap._1_cap.inc._1.json
IPV,Bilthoven,8,2,0.0,9,0.0,1,10,5,1,1,1,1,MVP_DE_results_T_10_delta_5_scen_1_trial_1_inv_1_cap._1_cap.inc._1.json
IPV,Bilthoven,8,2,0.0,8,0.0,1,10,5,1,1,1,1,MVP_DE_results_T_10_delta_5_scen_1_trial_1_inv_1_cap._1_cap.inc._1.json
IPV,Bilthoven,9,1,1.0,10,0.0,1,10,5,1,1,1,1,MVP_DE_results_T_10_delta_5_scen_1_trial_1_inv_1_cap._1_cap.inc._1.json
IPV,Bilthoven,9,1,1.0,9,60100.0,1,10,5,1,1,1,1,MVP_DE_results_T_10_delta_5_scen_1_trial_1_inv_1_cap._1_cap.inc._1.json
IPV,Bilthoven,9,2,0.0,10,0.0,1,10,5,1,1,1,1,MVP_DE_results_T_10_delta_5_scen_1_trial_1_inv_1_cap._1_cap.inc._1.json
IPV,Bilthoven,9,2,0.0,9,0.0,1,10,5,1,1,1,1,MVP_DE_results_T_10_delta_5_scen_1_trial_1_inv_1_cap._1_cap.inc._1.json
IPV,Bilthoven,10,1,0.0,10,0.0,1,10,5,1,1,1,1,MVP_DE_results_T_10_delta_5_scen_1_trial_1_inv_1_cap._1_cap.inc._1.json
IPV,Bilthoven,10,2,1.0,10,63350.0,1,10,5,1,1,1,1,MVP_DE_results_T_10_delta_5_scen_1_trial_1_inv_1_cap._1_cap.inc._1.json
IPV,LG_Chem,1,1,1.0,5,0.0,1,10,5,1,1,1,1,MVP_DE_results_T_10_delta_5_scen_1_trial_1_inv_1_cap._1_cap.inc._1.json
IPV,LG_Chem,1,1,1.0,4,0.0,1,10,5,1,1,1,1,MVP_DE_results_T_10_delta_5_scen_1_trial_1_inv_1_cap._1_cap.inc._1.json
IPV,LG_Chem,1,1,1.0,2,0.0,1,10,5,1,1,1,1,MVP_DE_results_T_10_delta_5_scen_1_trial_1_inv_1_cap._1_cap.inc._1.json
IPV,LG_Chem,1,1,1.0,3,0.0,1,10,5,1,1,1,1,MVP_DE_results_T_10_delta_5_scen_1_trial_1_inv_1_cap._1_cap.inc._1.json
IPV,LG_Chem,1,1,1.0,1,60100.0,1,10,5,1,1,1,1,MVP_DE_results_T_10_delta_5_scen_1_trial_1_inv_1_cap._1_cap.inc._1.json
IPV,LG_Chem,1,2,0.0,5,0.0,1,10,5,1,1,1,1,MVP_DE_results_T_10_delta_5_scen_1_trial_1_inv_1_cap._1_cap.inc._1.json
IPV,LG_Chem,1,2,0.0,4,0.0,1,10,5,1,1,1,1,MVP_DE_results_T_10_delta_5_scen_1_trial_1_inv_1_cap._1_cap.inc._1.json
IPV,LG_Chem,1,2,0.0,2,0.0,1,10,5,1,1,1,1,MVP_DE_results_T_10_delta_5_scen_1_trial_1_inv_1_cap._1_cap.inc._1.json
IPV,LG_Chem,1,2,0.0,3,0.0,1,10,5,1,1,1,1,MVP_DE_results_T_10_delta_5_scen_1_trial_1_inv_1_cap._1_cap.inc._1.json
IPV,LG_Chem,1,2,0.0,1,0.0,1,10,5,1,1,1,1,MVP_DE_results_T_10_delta_5_scen_1_trial_1_inv_1_cap._1_cap.inc._1.json
IPV,LG_Chem,2,1,0.0,5,0.0,1,10,5,1,1,1,1,MVP_DE_results_T_10_delta_5_scen_1_trial_1_inv_1_cap._1_cap.inc._1.json
IPV,LG_Chem,2,1,0.0,4,0.0,1,10,5,1,1,1,1,MVP_DE_results_T_10_delta_5_scen_1_trial_1_inv_1_cap._1_cap.inc._1.json
IPV,LG_Chem,2,1,0.0,6,0.0,1,10,5,1,1,1,1,MVP_DE_results_T_10_delta_5_scen_1_trial_1_inv_1_cap._1_cap.inc._1.json
IPV,LG_Chem,2,1,0.0,2,0.0,1,10,5,1,1,1,1,MVP_DE_results_T_10_delta_5_scen_1_trial_1_inv_1_cap._1_cap.inc._1.json
IPV,LG_Chem,2,1,0.0,3,0.0,1,10,5,1,1,1,1,MVP_DE_results_T_10_delta_5_scen_1_trial_1_inv_1_cap._1_cap.inc._1.json
IPV,LG_Chem,2,2,1.0,5,329640.0,1,10,5,1,1,1,1,MVP_DE_results_T_10_delta_5_scen_1_trial_1_inv_1_cap._1_cap.inc._1.json
IPV,LG_Chem,2,2,1.0,4,217290.0,1,10,5,1,1,1,1,MVP_DE_results_T_10_delta_5_scen_1_trial_1_inv_1_cap._1_cap.inc._1.json
IPV,LG_Chem,2,2,1.0,6,464460.0,1,10,5,1,1,1,1,MVP_DE_results_T_10_delta_5_scen_1_trial_1_inv_1_cap._1_cap.inc._1.json
IPV,LG_Chem,2,2,1.0,2,60000.0,1,10,5,1,1,1,1,MVP_DE_results_T_10_delta_5_scen_1_trial_1_inv_1_cap._1_cap.inc._1.json
IPV,LG_Chem,2,2,1.0,3,127410.0,1,10,5,1,1,1,1,MVP_DE_results_T_10_delta_5_scen_1_trial_1_inv_1_cap._1_cap.inc._1.json
IPV,LG_Chem,3,1,0.0,5,0.0,1,10,5,1,1,1,1,MVP_DE_results_T_10_delta_5_scen_1_trial_1_inv_1_cap._1_cap.inc._1.json
IPV,LG_Chem,3,1,0.0,4,0.0,1,10,5,1,1,1,1,MVP_DE_results_T_10_delta_5_scen_1_trial_1_inv_1_cap._1_cap.inc._1.json
IPV,LG_Chem,3,1,0.0,6,0.0,1,10,5,1,1,1,1,MVP_DE_results_T_10_delta_5_scen_1_trial_1_inv_1_cap._1_cap.inc._1.json
IPV,LG_Chem,3,1,0.0,7,0.0,1,10,5,1,1,1,1,MVP_DE_results_T_10_delta_5_scen_1_trial_1_inv_1_cap._1_cap.inc._1.json
IPV,LG_Chem,3,1,0.0,3,0.0,1,10,5,1,1,1,1,MVP_DE_results_T_10_delta_5_scen_1_trial_1_inv_1_cap._1_cap.inc._1.json
IPV,LG_Chem,3,2,1.0,5,269640.0,1,10,5,1,1,1,1,MVP_DE_results_T_10_delta_5_scen_1_trial_1_inv_1_cap._1_cap.inc._1.json
IPV,LG_Chem,3,2,1.0,4,157290.0,1,10,5,1,1,1,1,MVP_DE_results_T_10_delta_5_scen_1_trial_1_inv_1_cap._1_cap.inc._1.json
IPV,LG_Chem,3,2,1.0,6,404460.0,1,10,5,1,1,1,1,MVP_DE_results_T_10_delta_5_scen_1_trial_1_inv_1_cap._1_cap.inc._1.json
IPV,LG_Chem,3,2,1.0,7,561750.0,1,10,5,1,1,1,1,MVP_DE_results_T_10_delta_5_scen_1_trial_1_inv_1_cap._1_cap.inc._1.json
IPV,LG_Chem,3,2,1.0,3,67410.0,1,10,5,1,1,1,1,MVP_DE_results_T_10_delta_5_scen_1_trial_1_inv_1_cap._1_cap.inc._1.json
IPV,LG_Chem,4,1,0.0,5,0.0,1,10,5,1,1,1,1,MVP_DE_results_T_10_delta_5_scen_1_trial_1_inv_1_cap._1_cap.inc._1.json
IPV,LG_Chem,4,1,0.0,4,0.0,1,10,5,1,1,1,1,MVP_DE_results_T_10_delta_5_scen_1_trial_1_inv_1_cap._1_cap.inc._1.json
IPV,LG_Chem,4,1,0.0,6,0.0,1,10,5,1,1,1,1,MVP_DE_results_T_10_delta_5_scen_1_trial_1_inv_1_cap._1_cap.inc._1.json
IPV,LG_Chem,4,1,0.0,7,0.0,1,10,5,1,1,1,1,MVP_DE_results_T_10_delta_5_scen_1_trial_1_inv_1_cap._1_cap.inc._1.json
IPV,LG_Chem,4,1,0.0,8,0.0,1,10,5,1,1,1,1,MVP_DE_results_T_10_delta_5_scen_1_trial_1_inv_1_cap._1_cap.inc._1.json
IPV,LG_Chem,4,2,1.0,5,202230.0,1,10,5,1,1,1,1,MVP_DE_results_T_10_delta_5_scen_1_trial_1_inv_1_cap._1_cap.inc._1.json
IPV,LG_Chem,4,2,1.0,4,89880.0,1,10,5,1,1,1,1,MVP_DE_results_T_10_delta_5_scen_1_trial_1_inv_1_cap._1_cap.inc._1.json
IPV,LG_Chem,4,2,1.0,6,337050.0,1,10,5,1,1,1,1,MVP_DE_results_T_10_delta_5_scen_1_trial_1_inv_1_cap._1_cap.inc._1.json
IPV,LG_Chem,4,2,1.0,7,494340.0,1,10,5,1,1,1,1,MVP_DE_results_T_10_delta_5_scen_1_trial_1_inv_1_cap._1_cap.inc._1.json
IPV,LG_Chem,4,2,1.0,8,674100.0,1,10,5,1,1,1,1,MVP_DE_results_T_10_delta_5_scen_1_trial_1_inv_1_cap._1_cap.inc._1.json
IPV,LG_Chem,5,1,1.0,5,0.0,1,10,5,1,1,1,1,MVP_DE_results_T_10_delta_5_scen_1_trial_1_inv_1_cap._1_cap.inc._1.json
IPV,LG_Chem,5,1,1.0,6,0.0,1,10,5,1,1,1,1,MVP_DE_results_T_10_delta_5_scen_1_trial_1_inv_1_cap._1_cap.inc._1.json
IPV,LG_Chem,5,1,1.0,7,0.0,1,10,5,1,1,1,1,MVP_DE_results_T_10_delta_5_scen_1_trial_1_inv_1_cap._1_cap.inc._1.json
IPV,LG_Chem,5,1,1.0,9,0.0,1,10,5,1,1,1,1,MVP_DE_results_T_10_delta_5_scen_1_trial_1_inv_1_cap._1_cap.inc._1.json
IPV,LG_Chem,5,1,1.0,8,0.0,1,10,5,1,1,1,1,MVP_DE_results_T_10_delta_5_scen_1_trial_1_inv_1_cap._1_cap.inc._1.json
IPV,LG_Chem,5,2,-0.0,5,0.0,1,10,5,1,1,1,1,MVP_DE_results_T_10_delta_5_scen_1_trial_1_inv_1_cap._1_cap.inc._1.json
IPV,LG_Chem,5,2,-0.0,6,0.0,1,10,5,1,1,1,1,MVP_DE_results_T_10_delta_5_scen_1_trial_1_inv_1_cap._1_cap.inc._1.json
IPV,LG_Chem,5,2,-0.0,7,0.0,1,10,5,1,1,1,1,MVP_DE_results_T_10_delta_5_scen_1_trial_1_inv_1_cap._1_cap.inc._1.json
IPV,LG_Chem,5,2,-0.0,9,0.0,1,10,5,1,1,1,1,MVP_DE_results_T_10_delta_5_scen_1_trial_1_inv_1_cap._1_cap.inc._1.json
IPV,LG_Chem,5,2,-0.0,8,0.0,1,10,5,1,1,1,1,MVP_DE_results_T_10_delta_5_scen_1_trial_1_inv_1_cap._1_cap.inc._1.json
IPV,LG_Chem,6,1,1.0,6,0.0,1,10,5,1,1,1,1,MVP_DE_results_T_10_delta_5_scen_1_trial_1_inv_1_cap._1_cap.inc._1.json
IPV,LG_Chem,6,1,1.0,7,0.0,1,10,5,1,1,1,1,MVP_DE_results_T_10_delta_5_scen_1_trial_1_inv_1_cap._1_cap.inc._1.json
IPV,LG_Chem,6,1,1.0,10,0.0,1,10,5,1,1,1,1,MVP_DE_results_T_10_delta_5_scen_1_trial_1_inv_1_cap._1_cap.inc._1.json
IPV,LG_Chem,6,1,1.0,9,0.0,1,10,5,1,1,1,1,MVP_DE_results_T_10_delta_5_scen_1_trial_1_inv_1_cap._1_cap.inc._1.json
IPV,LG_Chem,6,1,1.0,8,0.0,1,10,5,1,1,1,1,MVP_DE_results_T_10_delta_5_scen_1_trial_1_inv_1_cap._1_cap.inc._1.json
IPV,LG_Chem,6,2,-0.0,6,0.0,1,10,5,1,1,1,1,MVP_DE_results_T_10_delta_5_scen_1_trial_1_inv_1_cap._1_cap.inc._1.json
IPV,LG_Chem,6,2,-0.0,7,0.0,1,10,5,1,1,1,1,MVP_DE_results_T_10_delta_5_scen_1_trial_1_inv_1_cap._1_cap.inc._1.json
IPV,LG_Chem,6,2,-0.0,10,0.0,1,10,5,1,1,1,1,MVP_DE_results_T_10_delta_5_scen_1_trial_1_inv_1_cap._1_cap.inc._1.json
IPV,LG_Chem,6,2,-0.0,9,0.0,1,10,5,1,1,1,1,MVP_DE_results_T_10_delta_5_scen_1_trial_1_inv_1_cap._1_cap.inc._1.json
IPV,LG_Chem,6,2,-0.0,8,0.0,1,10,5,1,1,1,1,MVP_DE_results_T_10_delta_5_scen_1_trial_1_inv_1_cap._1_cap.inc._1.json
IPV,LG_Chem,7,1,0.0,7,0.0,1,10,5,1,1,1,1,MVP_DE_results_T_10_delta_5_scen_1_trial_1_inv_1_cap._1_cap.inc._1.json
IPV,LG_Chem,7,1,0.0,10,0.0,1,10,5,1,1,1,1,MVP_DE_results_T_10_delta_5_scen_1_trial_1_inv_1_cap._1_cap.inc._1.json
IPV,LG_Chem,7,1,0.0,9,0.0,1,10,5,1,1,1,1,MVP_DE_results_T_10_delta_5_scen_1_trial_1_inv_1_cap._1_cap.inc._1.json
IPV,LG_Chem,7,1,0.0,8,0.0,1,10,5,1,1,1,1,MVP_DE_results_T_10_delta_5_scen_1_trial_1_inv_1_cap._1_cap.inc._1.json
IPV,LG_Chem,7,2,1.0,7,157290.0,1,10,5,1,1,1,1,MVP_DE_results_T_10_delta_5_scen_1_trial_1_inv_1_cap._1_cap.inc._1.json
IPV,LG_Chem,7,2,1.0,10,539280.0,1,10,5,1,1,1,1,MVP_DE_results_T_10_delta_5_scen_1_trial_1_inv_1_cap._1_cap.inc._1.json
IPV,LG_Chem,7,2,1.0,9,539280.0,1,10,5,1,1,1,1,MVP_DE_results_T_10_delta_5_scen_1_trial_1_inv_1_cap._1_cap.inc._1.json
IPV,LG_Chem,7,2,1.0,8,337050.0,1,10,5,1,1,1,1,MVP_DE_results_T_10_delta_5_scen_1_trial_1_inv_1_cap._1_cap.inc._1.json
IPV,LG_Chem,8,1,1.0,10,0.0,1,10,5,1,1,1,1,MVP_DE_results_T_10_delta_5_scen_1_trial_1_inv_1_cap._1_cap.inc._1.json
IPV,LG_Chem,8,1,1.0,9,0.0,1,10,5,1,1,1,1,MVP_DE_results_T_10_delta_5_scen_1_trial_1_inv_1_cap._1_cap.inc._1.json
IPV,LG_Chem,8,1,1.0,8,0.0,1,10,5,1,1,1,1,MVP_DE_results_T_10_delta_5_scen_1_trial_1_inv_1_cap._1_cap.inc._1.json
IPV,LG_Chem,8,2,-0.0,10,0.0,1,10,5,1,1,1,1,MVP_DE_results_T_10_delta_5_scen_1_trial_1_inv_1_cap._1_cap.inc._1.json
IPV,LG_Chem,8,2,-0.0,9,0.0,1,10,5,1,1,1,1,MVP_DE_results_T_10_delta_5_scen_1_trial_1_inv_1_cap._1_cap.inc._1.json
IPV,LG_Chem,8,2,-0.0,8,0.0,1,10,5,1,1,1,1,MVP_DE_results_T_10_delta_5_scen_1_trial_1_inv_1_cap._1_cap.inc._1.json
IPV,LG_Chem,9,1,0.0,10,0.0,1,10,5,1,1,1,1,MVP_DE_results_T_10_delta_5_scen_1_trial_1_inv_1_cap._1_cap.inc._1.json
IPV,LG_Chem,9,1,0.0,9,0.0,1,10,5,1,1,1,1,MVP_DE_results_T_10_delta_5_scen_1_trial_1_inv_1_cap._1_cap.inc._1.json
IPV,LG_Chem,9,2,1.0,10,202230.0,1,10,5,1,1,1,1,MVP_DE_results_T_10_delta_5_scen_1_trial_1_inv_1_cap._1_cap.inc._1.json
IPV,LG_Chem,9,2,1.0,9,202230.0,1,10,5,1,1,1,1,MVP_DE_results_T_10_delta_5_scen_1_trial_1_inv_1_cap._1_cap.inc._1.json
IPV,LG_Chem,10,1,1.0,10,0.0,1,10,5,1,1,1,1,MVP_DE_results_T_10_delta_5_scen_1_trial_1_inv_1_cap._1_cap.inc._1.json
IPV,LG_Chem,10,2,-0.0,10,0.0,1,10,5,1,1,1,1,MVP_DE_results_T_10_delta_5_scen_1_trial_1_inv_1_cap._1_cap.inc._1.json
IPV,Sanofi,1,1,1.0,5,0.0,1,10,5,1,1,1,1,MVP_DE_results_T_10_delta_5_scen_1_trial_1_inv_1_cap._1_cap.inc._1.json
IPV,Sanofi,1,1,1.0,4,0.0,1,10,5,1,1,1,1,MVP_DE_results_T_10_delta_5_scen_1_trial_1_inv_1_cap._1_cap.inc._1.json
IPV,Sanofi,1,1,1.0,2,0.0,1,10,5,1,1,1,1,MVP_DE_results_T_10_delta_5_scen_1_trial_1_inv_1_cap._1_cap.inc._1.json
IPV,Sanofi,1,1,1.0,3,0.0,1,10,5,1,1,1,1,MVP_DE_results_T_10_delta_5_scen_1_trial_1_inv_1_cap._1_cap.inc._1.json
IPV,Sanofi,1,1,1.0,1,0.0,1,10,5,1,1,1,1,MVP_DE_results_T_10_delta_5_scen_1_trial_1_inv_1_cap._1_cap.inc._1.json
IPV,Sanofi,1,2,0.0,5,0.0,1,10,5,1,1,1,1,MVP_DE_results_T_10_delta_5_scen_1_trial_1_inv_1_cap._1_cap.inc._1.json
IPV,Sanofi,1,2,0.0,4,0.0,1,10,5,1,1,1,1,MVP_DE_results_T_10_delta_5_scen_1_trial_1_inv_1_cap._1_cap.inc._1.json
IPV,Sanofi,1,2,0.0,2,0.0,1,10,5,1,1,1,1,MVP_DE_results_T_10_delta_5_scen_1_trial_1_inv_1_cap._1_cap.inc._1.json
IPV,Sanofi,1,2,0.0,3,0.0,1,10,5,1,1,1,1,MVP_DE_results_T_10_delta_5_scen_1_trial_1_inv_1_cap._1_cap.inc._1.json
IPV,Sanofi,1,2,0.0,1,0.0,1,10,5,1,1,1,1,MVP_DE_results_T_10_delta_5_scen_1_trial_1_inv_1_cap._1_cap.inc._1.json
IPV,Sanofi,2,1,1.0,5,0.0,1,10,5,1,1,1,1,MVP_DE_results_T_10_delta_5_scen_1_trial_1_inv_1_cap._1_cap.inc._1.json
IPV,Sanofi,2,1,1.0,4,0.0,1,10,5,1,1,1,1,MVP_DE_results_T_10_delta_5_scen_1_trial_1_inv_1_cap._1_cap.inc._1.json
IPV,Sanofi,2,1,1.0,6,0.0,1,10,5,1,1,1,1,MVP_DE_results_T_10_delta_5_scen_1_trial_1_inv_1_cap._1_cap.inc._1.json
IPV,Sanofi,2,1,1.0,2,0.0,1,10,5,1,1,1,1,MVP_DE_results_T_10_delta_5_scen_1_trial_1_inv_1_cap._1_cap.inc._1.json
IPV,Sanofi,2,1,1.0,3,0.0,1,10,5,1,1,1,1,MVP_DE_results_T_10_delta_5_scen_1_trial_1_inv_1_cap._1_cap.inc._1.json
IPV,Sanofi,2,2,0.0,5,0.0,1,10,5,1,1,1,1,MVP_DE_results_T_10_delta_5_scen_1_trial_1_inv_1_cap._1_cap.inc._1.json
IPV,Sanofi,2,2,0.0,4,0.0,1,10,5,1,1,1,1,MVP_DE_results_T_10_delta_5_scen_1_trial_1_inv_1_cap._1_cap.inc._1.json
IPV,Sanofi,2,2,0.0,6,0.0,1,10,5,1,1,1,1,MVP_DE_results_T_10_delta_5_scen_1_trial_1_inv_1_cap._1_cap.inc._1.json
IPV,Sanofi,2,2,0.0,2,0.0,1,10,5,1,1,1,1,MVP_DE_results_T_10_delta_5_scen_1_trial_1_inv_1_cap._1_cap.inc._1.json
IPV,Sanofi,2,2,0.0,3,0.0,1,10,5,1,1,1,1,MVP_DE_results_T_10_delta_5_scen_1_trial_1_inv_1_cap._1_cap.inc._1.json
IPV,Sanofi,3,1,1.0,5,0.0,1,10,5,1,1,1,1,MVP_DE_results_T_10_delta_5_scen_1_trial_1_inv_1_cap._1_cap.inc._1.json
IPV,Sanofi,3,1,1.0,4,0.0,1,10,5,1,1,1,1,MVP_DE_results_T_10_delta_5_scen_1_trial_1_inv_1_cap._1_cap.inc._1.json
IPV,Sanofi,3,1,1.0,6,0.0,1,10,5,1,1,1,1,MVP_DE_results_T_10_delta_5_scen_1_trial_1_inv_1_cap._1_cap.inc._1.json
IPV,Sanofi,3,1,1.0,7,0.0,1,10,5,1,1,1,1,MVP_DE_results_T_10_delta_5_scen_1_trial_1_inv_1_cap._1_cap.inc._1.json
IPV,Sanofi,3,1,1.0,3,0.0,1,10,5,1,1,1,1,MVP_DE_results_T_10_delta_5_scen_1_trial_1_inv_1_cap._1_cap.inc._1.json
IPV,Sanofi,3,2,0.0,5,0.0,1,10,5,1,1,1,1,MVP_DE_results_T_10_delta_5_scen_1_trial_1_inv_1_cap._1_cap.inc._1.json
IPV,Sanofi,3,2,0.0,4,0.0,1,10,5,1,1,1,1,MVP_DE_results_T_10_delta_5_scen_1_trial_1_inv_1_cap._1_cap.inc._1.json
IPV,Sanofi,3,2,0.0,6,0.0,1,10,5,1,1,1,1,MVP_DE_results_T_10_delta_5_scen_1_trial_1_inv_1_cap._1_cap.inc._1.json
IPV,Sanofi,3,2,0.0,7,0.0,1,10,5,1,1,1,1,MVP_DE_results_T_10_delta_5_scen_1_trial_1_inv_1_cap._1_cap.inc._1.json
IPV,Sanofi,3,2,0.0,3,0.0,1,10,5,1,1,1,1,MVP_DE_results_T_10_delta_5_scen_1_trial_1_inv_1_cap._1_cap.inc._1.json
IPV,Sanofi,4,1,1.0,5,0.0,1,10,5,1,1,1,1,MVP_DE_results_T_10_delta_5_scen_1_trial_1_inv_1_cap._1_cap.inc._1.json
IPV,Sanofi,4,1,1.0,4,0.0,1,10,5,1,1,1,1,MVP_DE_results_T_10_delta_5_scen_1_trial_1_inv_1_cap._1_cap.inc._1.json
IPV,Sanofi,4,1,1.0,6,0.0,1,10,5,1,1,1,1,MVP_DE_results_T_10_delta_5_scen_1_trial_1_inv_1_cap._1_cap.inc._1.json
IPV,Sanofi,4,1,1.0,7,0.0,1,10,5,1,1,1,1,MVP_DE_results_T_10_delta_5_scen_1_trial_1_inv_1_cap._1_cap.inc._1.json
IPV,Sanofi,4,1,1.0,8,0.0,1,10,5,1,1,1,1,MVP_DE_results_T_10_delta_5_scen_1_trial_1_inv_1_cap._1_cap.inc._1.json
IPV,Sanofi,4,2,0.0,5,0.0,1,10,5,1,1,1,1,MVP_DE_results_T_10_delta_5_scen_1_trial_1_inv_1_cap._1_cap.inc._1.json
IPV,Sanofi,4,2,0.0,4,0.0,1,10,5,1,1,1,1,MVP_DE_results_T_10_delta_5_scen_1_trial_1_inv_1_cap._1_cap.inc._1.json
IPV,Sanofi,4,2,0.0,6,0.0,1,10,5,1,1,1,1,MVP_DE_results_T_10_delta_5_scen_1_trial_1_inv_1_cap._1_cap.inc._1.json
IPV,Sanofi,4,2,0.0,7,0.0,1,10,5,1,1,1,1,MVP_DE_results_T_10_delta_5_scen_1_trial_1_inv_1_cap._1_cap.inc._1.json
IPV,Sanofi,4,2,0.0,8,0.0,1,10,5,1,1,1,1,MVP_DE_results_T_10_delta_5_scen_1_trial_1_inv_1_cap._1_cap.inc._1.json
IPV,Sanofi,5,1,1.0,5,0.0,1,10,5,1,1,1,1,MVP_DE_results_T_10_delta_5_scen_1_trial_1_inv_1_cap._1_cap.inc._1.json
IPV,Sanofi,5,1,1.0,6,0.0,1,10,5,1,1,1,1,MVP_DE_results_T_10_delta_5_scen_1_trial_1_inv_1_cap._1_cap.inc._1.json
IPV,Sanofi,5,1,1.0,7,0.0,1,10,5,1,1,1,1,MVP_DE_results_T_10_delta_5_scen_1_trial_1_inv_1_cap._1_cap.inc._1.json
IPV,Sanofi,5,1,1.0,9,0.0,1,10,5,1,1,1,1,MVP_DE_results_T_10_delta_5_scen_1_trial_1_inv_1_cap._1_cap.inc._1.json
IPV,Sanofi,5,1,1.0,8,0.0,1,10,5,1,1,1,1,MVP_DE_results_T_10_delta_5_scen_1_trial_1_inv_1_cap._1_cap.inc._1.json
IPV,Sanofi,5,2,0.0,5,0.0,1,10,5,1,1,1,1,MVP_DE_results_T_10_delta_5_scen_1_trial_1_inv_1_cap._1_cap.inc._1.json
IPV,Sanofi,5,2,0.0,6,0.0,1,10,5,1,1,1,1,MVP_DE_results_T_10_delta_5_scen_1_trial_1_inv_1_cap._1_cap.inc._1.json
IPV,Sanofi,5,2,0.0,7,0.0,1,10,5,1,1,1,1,MVP_DE_results_T_10_delta_5_scen_1_trial_1_inv_1_cap._1_cap.inc._1.json
IPV,Sanofi,5,2,0.0,9,0.0,1,10,5,1,1,1,1,MVP_DE_results_T_10_delta_5_scen_1_trial_1_inv_1_cap._1_cap.inc._1.json
IPV,Sanofi,5,2,0.0,8,0.0,1,10,5,1,1,1,1,MVP_DE_results_T_10_delta_5_scen_1_trial_1_inv_1_cap._1_cap.inc._1.json
IPV,Sanofi,6,1,1.0,6,0.0,1,10,5,1,1,1,1,MVP_DE_results_T_10_delta_5_scen_1_trial_1_inv_1_cap._1_cap.inc._1.json
IPV,Sanofi,6,1,1.0,7,0.0,1,10,5,1,1,1,1,MVP_DE_results_T_10_delta_5_scen_1_trial_1_inv_1_cap._1_cap.inc._1.json
IPV,Sanofi,6,1,1.0,10,0.0,1,10,5,1,1,1,1,MVP_DE_results_T_10_delta_5_scen_1_trial_1_inv_1_cap._1_cap.inc._1.json
IPV,Sanofi,6,1,1.0,9,0.0,1,10,5,1,1,1,1,MVP_DE_results_T_10_delta_5_scen_1_trial_1_inv_1_cap._1_cap.inc._1.json
IPV,Sanofi,6,1,1.0,8,0.0,1,10,5,1,1,1,1,MVP_DE_results_T_10_delta_5_scen_1_trial_1_inv_1_cap._1_cap.inc._1.json
IPV,Sanofi,6,2,0.0,6,0.0,1,10,5,1,1,1,1,MVP_DE_results_T_10_delta_5_scen_1_trial_1_inv_1_cap._1_cap.inc._1.json
IPV,Sanofi,6,2,0.0,7,0.0,1,10,5,1,1,1,1,MVP_DE_results_T_10_delta_5_scen_1_trial_1_inv_1_cap._1_cap.inc._1.json
IPV,Sanofi,6,2,0.0,10,0.0,1,10,5,1,1,1,1,MVP_DE_results_T_10_delta_5_scen_1_trial_1_inv_1_cap._1_cap.inc._1.json
IPV,Sanofi,6,2,0.0,9,0.0,1,10,5,1,1,1,1,MVP_DE_results_T_10_delta_5_scen_1_trial_1_inv_1_cap._1_cap.inc._1.json
IPV,Sanofi,6,2,0.0,8,0.0,1,10,5,1,1,1,1,MVP_DE_results_T_10_delta_5_scen_1_trial_1_inv_1_cap._1_cap.inc._1.json
IPV,Sanofi,7,1,1.0,7,0.0,1,10,5,1,1,1,1,MVP_DE_results_T_10_delta_5_scen_1_trial_1_inv_1_cap._1_cap.inc._1.json
IPV,Sanofi,7,1,1.0,10,0.0,1,10,5,1,1,1,1,MVP_DE_results_T_10_delta_5_scen_1_trial_1_inv_1_cap._1_cap.inc._1.json
IPV,Sanofi,7,1,1.0,9,0.0,1,10,5,1,1,1,1,MVP_DE_results_T_10_delta_5_scen_1_trial_1_inv_1_cap._1_cap.inc._1.json
IPV,Sanofi,7,1,1.0,8,0.0,1,10,5,1,1,1,1,MVP_DE_results_T_10_delta_5_scen_1_trial_1_inv_1_cap._1_cap.inc._1.json
IPV,Sanofi,7,2,0.0,7,0.0,1,10,5,1,1,1,1,MVP_DE_results_T_10_delta_5_scen_1_trial_1_inv_1_cap._1_cap.inc._1.json
IPV,Sanofi,7,2,0.0,10,0.0,1,10,5,1,1,1,1,MVP_DE_results_T_10_delta_5_scen_1_trial_1_inv_1_cap._1_cap.inc._1.json
IPV,Sanofi,7,2,0.0,9,0.0,1,10,5,1,1,1,1,MVP_DE_results_T_10_delta_5_scen_1_trial_1_inv_1_cap._1_cap.inc._1.json
IPV,Sanofi,7,2,0.0,8,0.0,1,10,5,1,1,1,1,MVP_DE_results_T_10_delta_5_scen_1_trial_1_inv_1_cap._1_cap.inc._1.json
IPV,Sanofi,8,1,1.0,10,0.0,1,10,5,1,1,1,1,MVP_DE_results_T_10_delta_5_scen_1_trial_1_inv_1_cap._1_cap.inc._1.json
IPV,Sanofi,8,1,1.0,9,0.0,1,10,5,1,1,1,1,MVP_DE_results_T_10_delta_5_scen_1_trial_1_inv_1_cap._1_cap.inc._1.json
IPV,Sanofi,8,1,1.0,8,0.0,1,10,5,1,1,1,1,MVP_DE_results_T_10_delta_5_scen_1_trial_1_inv_1_cap._1_cap.inc._1.json
IPV,Sanofi,8,2,0.0,10,0.0,1,10,5,1,1,1,1,MVP_DE_results_T_10_delta_5_scen_1_trial_1_inv_1_cap._1_cap.inc._1.json
IPV,Sanofi,8,2,0.0,9,0.0,1,10,5,1,1,1,1,MVP_DE_results_T_10_delta_5_scen_1_trial_1_inv_1_cap._1_cap.inc._1.json
IPV,Sanofi,8,2,0.0,8,0.0,1,10,5,1,1,1,1,MVP_DE_results_T_10_delta_5_scen_1_trial_1_inv_1_cap._1_cap.inc._1.json
IPV,Sanofi,9,1,1.0,10,0.0,1,10,5,1,1,1,1,MVP_DE_results_T_10_delta_5_scen_1_trial_1_inv_1_cap._1_cap.inc._1.json
IPV,Sanofi,9,1,1.0,9,0.0,1,10,5,1,1,1,1,MVP_DE_results_T_10_delta_5_scen_1_trial_1_inv_1_cap._1_cap.inc._1.json
IPV,Sanofi,9,2,0.0,10,0.0,1,10,5,1,1,1,1,MVP_DE_results_T_10_delta_5_scen_1_trial_1_inv_1_cap._1_cap.inc._1.json
IPV,Sanofi,9,2,0.0,9,0.0,1,10,5,1,1,1,1,MVP_DE_results_T_10_delta_5_scen_1_trial_1_inv_1_cap._1_cap.inc._1.json
IPV,Sanofi,10,1,1.0,10,0.0,1,10,5,1,1,1,1,MVP_DE_results_T_10_delta_5_scen_1_trial_1_inv_1_cap._1_cap.inc._1.json
IPV,Sanofi,10,2,0.0,10,0.0,1,10,5,1,1,1,1,MVP_DE_results_T_10_delta_5_scen_1_trial_1_inv_1_cap._1_cap.inc._1.json
OPV,Bharat_Biotech,1,1,1.0,5,0.0,1,10,5,1,1,1,1,MVP_DE_results_T_10_delta_5_scen_1_trial_1_inv_1_cap._1_cap.inc._1.json
OPV,Bharat_Biotech,1,1,1.0,4,0.0,1,10,5,1,1,1,1,MVP_DE_results_T_10_delta_5_scen_1_trial_1_inv_1_cap._1_cap.inc._1.json
OPV,Bharat_Biotech,1,1,1.0,2,0.0,1,10,5,1,1,1,1,MVP_DE_results_T_10_delta_5_scen_1_trial_1_inv_1_cap._1_cap.inc._1.json
OPV,Bharat_Biotech,1,1,1.0,3,0.0,1,10,5,1,1,1,1,MVP_DE_results_T_10_delta_5_scen_1_trial_1_inv_1_cap._1_cap.inc._1.json
OPV,Bharat_Biotech,1,1,1.0,1,18440.0,1,10,5,1,1,1,1,MVP_DE_results_T_10_delta_5_scen_1_trial_1_inv_1_cap._1_cap.inc._1.json
OPV,Bharat_Biotech,1,2,0.0,5,0.0,1,10,5,1,1,1,1,MVP_DE_results_T_10_delta_5_scen_1_trial_1_inv_1_cap._1_cap.inc._1.json
OPV,Bharat_Biotech,1,2,0.0,4,0.0,1,10,5,1,1,1,1,MVP_DE_results_T_10_delta_5_scen_1_trial_1_inv_1_cap._1_cap.inc._1.json
OPV,Bharat_Biotech,1,2,0.0,2,0.0,1,10,5,1,1,1,1,MVP_DE_results_T_10_delta_5_scen_1_trial_1_inv_1_cap._1_cap.inc._1.json
OPV,Bharat_Biotech,1,2,0.0,3,0.0,1,10,5,1,1,1,1,MVP_DE_results_T_10_delta_5_scen_1_trial_1_inv_1_cap._1_cap.inc._1.json
OPV,Bharat_Biotech,1,2,0.0,1,0.0,1,10,5,1,1,1,1,MVP_DE_results_T_10_delta_5_scen_1_trial_1_inv_1_cap._1_cap.inc._1.json
OPV,Bharat_Biotech,2,1,1.0,5,0.0,1,10,5,1,1,1,1,MVP_DE_results_T_10_delta_5_scen_1_trial_1_inv_1_cap._1_cap.inc._1.json
OPV,Bharat_Biotech,2,1,1.0,4,0.0,1,10,5,1,1,1,1,MVP_DE_results_T_10_delta_5_scen_1_trial_1_inv_1_cap._1_cap.inc._1.json
OPV,Bharat_Biotech,2,1,1.0,6,0.0,1,10,5,1,1,1,1,MVP_DE_results_T_10_delta_5_scen_1_trial_1_inv_1_cap._1_cap.inc._1.json
OPV,Bharat_Biotech,2,1,1.0,2,25580.0,1,10,5,1,1,1,1,MVP_DE_results_T_10_delta_5_scen_1_trial_1_inv_1_cap._1_cap.inc._1.json
OPV,Bharat_Biotech,2,1,1.0,3,0.0,1,10,5,1,1,1,1,MVP_DE_results_T_10_delta_5_scen_1_trial_1_inv_1_cap._1_cap.inc._1.json
OPV,Bharat_Biotech,2,2,-0.0,5,0.0,1,10,5,1,1,1,1,MVP_DE_results_T_10_delta_5_scen_1_trial_1_inv_1_cap._1_cap.inc._1.json
OPV,Bharat_Biotech,2,2,-0.0,4,0.0,1,10,5,1,1,1,1,MVP_DE_results_T_10_delta_5_scen_1_trial_1_inv_1_cap._1_cap.inc._1.json
OPV,Bharat_Biotech,2,2,-0.0,6,0.0,1,10,5,1,1,1,1,MVP_DE_results_T_10_delta_5_scen_1_trial_1_inv_1_cap._1_cap.inc._1.json
OPV,Bharat_Biotech,2,2,-0.0,2,0.0,1,10,5,1,1,1,1,MVP_DE_results_T_10_delta_5_scen_1_trial_1_inv_1_cap._1_cap.inc._1.json
OPV,Bharat_Biotech,2,2,-0.0,3,0.0,1,10,5,1,1,1,1,MVP_DE_results_T_10_delta_5_scen_1_trial_1_inv_1_cap._1_cap.inc._1.json
OPV,Bharat_Biotech,3,1,1.0,5,0.0,1,10,5,1,1,1,1,MVP_DE_results_T_10_delta_5_scen_1_trial_1_inv_1_cap._1_cap.inc._1.json
OPV,Bharat_Biotech,3,1,1.0,4,0.0,1,10,5,1,1,1,1,MVP_DE_results_T_10_delta_5_scen_1_trial_1_inv_1_cap._1_cap.inc._1.json
OPV,Bharat_Biotech,3,1,1.0,6,0.0,1,10,5,1,1,1,1,MVP_DE_results_T_10_delta_5_scen_1_trial_1_inv_1_cap._1_cap.inc._1.json
OPV,Bharat_Biotech,3,1,1.0,7,0.0,1,10,5,1,1,1,1,MVP_DE_results_T_10_delta_5_scen_1_trial_1_inv_1_cap._1_cap.inc._1.json
OPV,Bharat_Biotech,3,1,1.0,3,32720.0,1,10,5,1,1,1,1,MVP_DE_results_T_10_delta_5_scen_1_trial_1_inv_1_cap._1_cap.inc._1.json
OPV,Bharat_Biotech,3,2,-0.0,5,0.0,1,10,5,1,1,1,1,MVP_DE_results_T_10_delta_5_scen_1_trial_1_inv_1_cap._1_cap.inc._1.json
OPV,Bharat_Biotech,3,2,-0.0,4,0.0,1,10,5,1,1,1,1,MVP_DE_results_T_10_delta_5_scen_1_trial_1_inv_1_cap._1_cap.inc._1.json
OPV,Bharat_Biotech,3,2,-0.0,6,0.0,1,10,5,1,1,1,1,MVP_DE_results_T_10_delta_5_scen_1_trial_1_inv_1_cap._1_cap.inc._1.json
OPV,Bharat_Biotech,3,2,-0.0,7,0.0,1,10,5,1,1,1,1,MVP_DE_results_T_10_delta_5_scen_1_trial_1_inv_1_cap._1_cap.inc._1.json
OPV,Bharat_Biotech,3,2,-0.0,3,0.0,1,10,5,1,1,1,1,MVP_DE_results_T_10_delta_5_scen_1_trial_1_inv_1_cap._1_cap.inc._1.json
OPV,Bharat_Biotech,4,1,1.0,5,0.0,1,10,5,1,1,1,1,MVP_DE_results_T_10_delta_5_scen_1_trial_1_inv_1_cap._1_cap.inc._1.json
OPV,Bharat_Biotech,4,1,1.0,4,0.0,1,10,5,1,1,1,1,MVP_DE_results_T_10_delta_5_scen_1_trial_1_inv_1_cap._1_cap.inc._1.json
OPV,Bharat_Biotech,4,1,1.0,6,60100.0,1,10,5,1,1,1,1,MVP_DE_results_T_10_delta_5_scen_1_trial_1_inv_1_cap._1_cap.inc._1.json
OPV,Bharat_Biotech,4,1,1.0,7,0.0,1,10,5,1,1,1,1,MVP_DE_results_T_10_delta_5_scen_1_trial_1_inv_1_cap._1_cap.inc._1.json
OPV,Bharat_Biotech,4,1,1.0,8,0.0,1,10,5,1,1,1,1,MVP_DE_results_T_10_delta_5_scen_1_trial_1_inv_1_cap._1_cap.inc._1.json
OPV,Bharat_Biotech,4,2,-0.0,5,0.0,1,10,5,1,1,1,1,MVP_DE_results_T_10_delta_5_scen_1_trial_1_inv_1_cap._1_cap.inc._1.json
OPV,Bharat_Biotech,4,2,-0.0,4,0.0,1,10,5,1,1,1,1,MVP_DE_results_T_10_delta_5_scen_1_trial_1_inv_1_cap._1_cap.inc._1.json
OPV,Bharat_Biotech,4,2,-0.0,6,0.0,1,10,5,1,1,1,1,MVP_DE_results_T_10_delta_5_scen_1_trial_1_inv_1_cap._1_cap.inc._1.json
OPV,Bharat_Biotech,4,2,-0.0,7,0.0,1,10,5,1,1,1,1,MVP_DE_results_T_10_delta_5_scen_1_trial_1_inv_1_cap._1_cap.inc._1.json
OPV,Bharat_Biotech,4,2,-0.0,8,0.0,1,10,5,1,1,1,1,MVP_DE_results_T_10_delta_5_scen_1_trial_1_inv_1_cap._1_cap.inc._1.json
OPV,Bharat_Biotech,5,1,1.0,5,0.0,1,10,5,1,1,1,1,MVP_DE_results_T_10_delta_5_scen_1_trial_1_inv_1_cap._1_cap.inc._1.json
OPV,Bharat_Biotech,5,1,1.0,6,0.0,1,10,5,1,1,1,1,MVP_DE_results_T_10_delta_5_scen_1_trial_1_inv_1_cap._1_cap.inc._1.json
OPV,Bharat_Biotech,5,1,1.0,7,0.0,1,10,5,1,1,1,1,MVP_DE_results_T_10_delta_5_scen_1_trial_1_inv_1_cap._1_cap.inc._1.json
OPV,Bharat_Biotech,5,1,1.0,9,0.0,1,10,5,1,1,1,1,MVP_DE_results_T_10_delta_5_scen_1_trial_1_inv_1_cap._1_cap.inc._1.json
OPV,Bharat_Biotech,5,1,1.0,8,0.0,1,10,5,1,1,1,1,MVP_DE_results_T_10_delta_5_scen_1_trial_1_inv_1_cap._1_cap.inc._1.json
OPV,Bharat_Biotech,5,2,-0.0,5,0.0,1,10,5,1,1,1,1,MVP_DE_results_T_10_delta_5_scen_1_trial_1_inv_1_cap._1_cap.inc._1.json
OPV,Bharat_Biotech,5,2,-0.0,6,0.0,1,10,5,1,1,1,1,MVP_DE_results_T_10_delta_5_scen_1_trial_1_inv_1_cap._1_cap.inc._1.json
OPV,Bharat_Biotech,5,2,-0.0,7,0.0,1,10,5,1,1,1,1,MVP_DE_results_T_10_delta_5_scen_1_trial_1_inv_1_cap._1_cap.inc._1.json
OPV,Bharat_Biotech,5,2,-0.0,9,0.0,1,10,5,1,1,1,1,MVP_DE_results_T_10_delta_5_scen_1_trial_1_inv_1_cap._1_cap.inc._1.json
OPV,Bharat_Biotech,5,2,-0.0,8,0.0,1,10,5,1,1,1,1,MVP_DE_results_T_10_delta_5_scen_1_trial_1_inv_1_cap._1_cap.inc._1.json
OPV,Bharat_Biotech,6,1,1.0,6,0.0,1,10,5,1,1,1,1,MVP_DE_results_T_10_delta_5_scen_1_trial_1_inv_1_cap._1_cap.inc._1.json
OPV,Bharat_Biotech,6,1,1.0,7,0.0,1,10,5,1,1,1,1,MVP_DE_results_T_10_delta_5_scen_1_trial_1_inv_1_cap._1_cap.inc._1.json
OPV,Bharat_Biotech,6,1,1.0,10,0.0,1,10,5,1,1,1,1,MVP_DE_results_T_10_delta_5_scen_1_trial_1_inv_1_cap._1_cap.inc._1.json
OPV,Bharat_Biotech,6,1,1.0,9,0.0,1,10,5,1,1,1,1,MVP_DE_results_T_10_delta_5_scen_1_trial_1_inv_1_cap._1_cap.inc._1.json
OPV,Bharat_Biotech,6,1,1.0,8,0.0,1,10,5,1,1,1,1,MVP_DE_results_T_10_delta_5_scen_1_trial_1_inv_1_cap._1_cap.inc._1.json
OPV,Bharat_Biotech,6,2,-0.0,6,0.0,1,10,5,1,1,1,1,MVP_DE_results_T_10_delta_5_scen_1_trial_1_inv_1_cap._1_cap.inc._1.json
OPV,Bharat_Biotech,6,2,-0.0,7,0.0,1,10,5,1,1,1,1,MVP_DE_results_T_10_delta_5_scen_1_trial_1_inv_1_cap._1_cap.inc._1.json
OPV,Bharat_Biotech,6,2,-0.0,10,0.0,1,10,5,1,1,1,1,MVP_DE_results_T_10_delta_5_scen_1_trial_1_inv_1_cap._1_cap.inc._1.json
OPV,Bharat_Biotech,6,2,-0.0,9,0.0,1,10,5,1,1,1,1,MVP_DE_results_T_10_delta_5_scen_1_trial_1_inv_1_cap._1_cap.inc._1.json
OPV,Bharat_Biotech,6,2,-0.0,8,0.0,1,10,5,1,1,1,1,MVP_DE_results_T_10_delta_5_scen_1_trial_1_inv_1_cap._1_cap.inc._1.json
OPV,Bharat_Biotech,7,1,1.0,7,0.0,1,10,5,1,1,1,1,MVP_DE_results_T_10_delta_5_scen_1_trial_1_inv_1_cap._1_cap.inc._1.json
OPV,Bharat_Biotech,7,1,1.0,10,0.0,1,10,5,1,1,1,1,MVP_DE_results_T_10_delta_5_scen_1_trial_1_inv_1_cap._1_cap.inc._1.json
OPV,Bharat_Biotech,7,1,1.0,9,0.0,1,10,5,1,1,1,1,MVP_DE_results_T_10_delta_5_scen_1_trial_1_inv_1_cap._1_cap.inc._1.json
OPV,Bharat_Biotech,7,1,1.0,8,60100.0,1,10,5,1,1,1,1,MVP_DE_results_T_10_delta_5_scen_1_trial_1_inv_1_cap._1_cap.inc._1.json
OPV,Bharat_Biotech,7,2,-0.0,7,0.0,1,10,5,1,1,1,1,MVP_DE_results_T_10_delta_5_scen_1_trial_1_inv_1_cap._1_cap.inc._1.json
OPV,Bharat_Biotech,7,2,-0.0,10,0.0,1,10,5,1,1,1,1,MVP_DE_results_T_10_delta_5_scen_1_trial_1_inv_1_cap._1_cap.inc._1.json
OPV,Bharat_Biotech,7,2,-0.0,9,0.0,1,10,5,1,1,1,1,MVP_DE_results_T_10_delta_5_scen_1_trial_1_inv_1_cap._1_cap.inc._1.json
OPV,Bharat_Biotech,7,2,-0.0,8,0.0,1,10,5,1,1,1,1,MVP_DE_results_T_10_delta_5_scen_1_trial_1_inv_1_cap._1_cap.inc._1.json
OPV,Bharat_Biotech,8,1,1.0,10,0.0,1,10,5,1,1,1,1,MVP_DE_results_T_10_delta_5_scen_1_trial_1_inv_1_cap._1_cap.inc._1.json
OPV,Bharat_Biotech,8,1,1.0,9,0.0,1,10,5,1,1,1,1,MVP_DE_results_T_10_delta_5_scen_1_trial_1_inv_1_cap._1_cap.inc._1.json
OPV,Bharat_Biotech,8,1,1.0,8,0.0,1,10,5,1,1,1,1,MVP_DE_results_T_10_delta_5_scen_1_trial_1_inv_1_cap._1_cap.inc._1.json
OPV,Bharat_Biotech,8,2,-0.0,10,0.0,1,10,5,1,1,1,1,MVP_DE_results_T_10_delta_5_scen_1_trial_1_inv_1_cap._1_cap.inc._1.json
OPV,Bharat_Biotech,8,2,-0.0,9,0.0,1,10,5,1,1,1,1,MVP_DE_results_T_10_delta_5_scen_1_trial_1_inv_1_cap._1_cap.inc._1.json
OPV,Bharat_Biotech,8,2,-0.0,8,0.0,1,10,5,1,1,1,1,MVP_DE_results_T_10_delta_5_scen_1_trial_1_inv_1_cap._1_cap.inc._1.json
OPV,Bharat_Biotech,9,1,1.0,10,0.0,1,10,5,1,1,1,1,MVP_DE_results_T_10_delta_5_scen_1_trial_1_inv_1_cap._1_cap.inc._1.json
OPV,Bharat_Biotech,9,1,1.0,9,11580.0,1,10,5,1,1,1,1,MVP_DE_results_T_10_delta_5_scen_1_trial_1_inv_1_cap._1_cap.inc._1.json
OPV,Bharat_Biotech,9,2,0.0,10,0.0,1,10,5,1,1,1,1,MVP_DE_results_T_10_delta_5_scen_1_trial_1_inv_1_cap._1_cap.inc._1.json
OPV,Bharat_Biotech,9,2,0.0,9,0.0,1,10,5,1,1,1,1,MVP_DE_results_T_10_delta_5_scen_1_trial_1_inv_1_cap._1_cap.inc._1.json
OPV,Bharat_Biotech,10,1,1.0,10,7420.0,1,10,5,1,1,1,1,MVP_DE_results_T_10_delta_5_scen_1_trial_1_inv_1_cap._1_cap.inc._1.json
OPV,Bharat_Biotech,10,2,0.0,10,0.0,1,10,5,1,1,1,1,MVP_DE_results_T_10_delta_5_scen_1_trial_1_inv_1_cap._1_cap.inc._1.json
OPV,China_National,1,1,1.0,5,60100.0,1,10,5,1,1,1,1,MVP_DE_results_T_10_delta_5_scen_1_trial_1_inv_1_cap._1_cap.inc._1.json
OPV,China_National,1,1,1.0,4,0.0,1,10,5,1,1,1,1,MVP_DE_results_T_10_delta_5_scen_1_trial_1_inv_1_cap._1_cap.inc._1.json
OPV,China_National,1,1,1.0,2,0.0,1,10,5,1,1,1,1,MVP_DE_results_T_10_delta_5_scen_1_trial_1_inv_1_cap._1_cap.inc._1.json
OPV,China_National,1,1,1.0,3,0.0,1,10,5,1,1,1,1,MVP_DE_results_T_10_delta_5_scen_1_trial_1_inv_1_cap._1_cap.inc._1.json
OPV,China_National,1,1,1.0,1,16560.0,1,10,5,1,1,1,1,MVP_DE_results_T_10_delta_5_scen_1_trial_1_inv_1_cap._1_cap.inc._1.json
OPV,China_National,1,2,0.0,5,0.0,1,10,5,1,1,1,1,MVP_DE_results_T_10_delta_5_scen_1_trial_1_inv_1_cap._1_cap.inc._1.json
OPV,China_National,1,2,0.0,4,0.0,1,10,5,1,1,1,1,MVP_DE_results_T_10_delta_5_scen_1_trial_1_inv_1_cap._1_cap.inc._1.json
OPV,China_National,1,2,0.0,2,0.0,1,10,5,1,1,1,1,MVP_DE_results_T_10_delta_5_scen_1_trial_1_inv_1_cap._1_cap.inc._1.json
OPV,China_National,1,2,0.0,3,0.0,1,10,5,1,1,1,1,MVP_DE_results_T_10_delta_5_scen_1_trial_1_inv_1_cap._1_cap.inc._1.json
OPV,China_National,1,2,0.0,1,0.0,1,10,5,1,1,1,1,MVP_DE_results_T_10_delta_5_scen_1_trial_1_inv_1_cap._1_cap.inc._1.json
OPV,China_National,2,1,1.0,5,0.0,1,10,5,1,1,1,1,MVP_DE_results_T_10_delta_5_scen_1_trial_1_inv_1_cap._1_cap.inc._1.json
OPV,China_National,2,1,1.0,4,0.0,1,10,5,1,1,1,1,MVP_DE_results_T_10_delta_5_scen_1_trial_1_inv_1_cap._1_cap.inc._1.json
OPV,China_National,2,1,1.0,6,0.0,1,10,5,1,1,1,1,MVP_DE_results_T_10_delta_5_scen_1_trial_1_inv_1_cap._1_cap.inc._1.json
OPV,China_National,2,1,1.0,2,43540.0,1,10,5,1,1,1,1,MVP_DE_results_T_10_delta_5_scen_1_trial_1_inv_1_cap._1_cap.inc._1.json
OPV,China_National,2,1,1.0,3,0.0,1,10,5,1,1,1,1,MVP_DE_results_T_10_delta_5_scen_1_trial_1_inv_1_cap._1_cap.inc._1.json
OPV,China_National,2,2,0.0,5,0.0,1,10,5,1,1,1,1,MVP_DE_results_T_10_delta_5_scen_1_trial_1_inv_1_cap._1_cap.inc._1.json
OPV,China_National,2,2,0.0,4,0.0,1,10,5,1,1,1,1,MVP_DE_results_T_10_delta_5_scen_1_trial_1_inv_1_cap._1_cap.inc._1.json
OPV,China_National,2,2,0.0,6,0.0,1,10,5,1,1,1,1,MVP_DE_results_T_10_delta_5_scen_1_trial_1_inv_1_cap._1_cap.inc._1.json
OPV,China_National,2,2,0.0,2,0.0,1,10,5,1,1,1,1,MVP_DE_results_T_10_delta_5_scen_1_trial_1_inv_1_cap._1_cap.inc._1.json
OPV,China_National,2,2,0.0,3,0.0,1,10,5,1,1,1,1,MVP_DE_results_T_10_delta_5_scen_1_trial_1_inv_1_cap._1_cap.inc._1.json
OPV,China_National,3,1,1.0,5,0.0,1,10,5,1,1,1,1,MVP_DE_results_T_10_delta_5_scen_1_trial_1_inv_1_cap._1_cap.inc._1.json
OPV,China_National,3,1,1.0,4,0.0,1,10,5,1,1,1,1,MVP_DE_results_T_10_delta_5_scen_1_trial_1_inv_1_cap._1_cap.inc._1.json
OPV,China_National,3,1,1.0,6,43540.0,1,10,5,1,1,1,1,MVP_DE_results_T_10_delta_5_scen_1_trial_1_inv_1_cap._1_cap.inc._1.json
OPV,China_National,3,1,1.0,7,0.0,1,10,5,1,1,1,1,MVP_DE_results_T_10_delta_5_scen_1_trial_1_inv_1_cap._1_cap.inc._1.json
OPV,China_National,3,1,1.0,3,0.3262385026682897,1,10,5,1,1,1,1,MVP_DE_results_T_10_delta_5_scen_1_trial_1_inv_1_cap._1_cap.inc._1.json
OPV,China_National,3,2,0.0,5,0.0,1,10,5,1,1,1,1,MVP_DE_results_T_10_delta_5_scen_1_trial_1_inv_1_cap._1_cap.inc._1.json
OPV,China_National,3,2,0.0,4,0.0,1,10,5,1,1,1,1,MVP_DE_results_T_10_delta_5_scen_1_trial_1_inv_1_cap._1_cap.inc._1.json
OPV,China_National,3,2,0.0,6,0.0,1,10,5,1,1,1,1,MVP_DE_results_T_10_delta_5_scen_1_trial_1_inv_1_cap._1_cap.inc._1.json
OPV,China_National,3,2,0.0,7,0.0,1,10,5,1,1,1,1,MVP_DE_results_T_10_delta_5_scen_1_trial_1_inv_1_cap._1_cap.inc._1.json
OPV,China_National,3,2,0.0,3,0.0,1,10,5,1,1,1,1,MVP_DE_results_T_10_delta_5_scen_1_trial_1_inv_1_cap._1_cap.inc._1.json
OPV,China_National,4,1,1.0,5,0.0,1,10,5,1,1,1,1,MVP_DE_results_T_10_delta_5_scen_1_trial_1_inv_1_cap._1_cap.inc._1.json
OPV,China_National,4,1,1.0,4,0.0,1,10,5,1,1,1,1,MVP_DE_results_T_10_delta_5_scen_1_trial_1_inv_1_cap._1_cap.inc._1.json
OPV,China_National,4,1,1.0,6,43540.0,1,10,5,1,1,1,1,MVP_DE_results_T_10_delta_5_scen_1_trial_1_inv_1_cap._1_cap.inc._1.json
OPV,China_National,4,1,1.0,7,0.0,1,10,5,1,1,1,1,MVP_DE_results_T_10_delta_5_scen_1_trial_1_inv_1_cap._1_cap.inc._1.json
OPV,China_National,4,1,1.0,8,0.0,1,10,5,1,1,1,1,MVP_DE_results_T_10_delta_5_scen_1_trial_1_inv_1_cap._1_cap.inc._1.json
OPV,China_National,4,2,0.0,5,0.0,1,10,5,1,1,1,1,MVP_DE_results_T_10_delta_5_scen_1_trial_1_inv_1_cap._1_cap.inc._1.json
OPV,China_National,4,2,0.0,4,0.0,1,10,5,1,1,1,1,MVP_DE_results_T_10_delta_5_scen_1_trial_1_inv_1_cap._1_cap.inc._1.json
OPV,China_National,4,2,0.0,6,0.0,1,10,5,1,1,1,1,MVP_DE_results_T_10_delta_5_scen_1_trial_1_inv_1_cap._1_cap.inc._1.json
OPV,China_National,4,2,0.0,7,0.0,1,10,5,1,1,1,1,MVP_DE_results_T_10_delta_5_scen_1_trial_1_inv_1_cap._1_cap.inc._1.json
OPV,China_National,4,2,0.0,8,0.0,1,10,5,1,1,1,1,MVP_DE_results_T_10_delta_5_scen_1_trial_1_inv_1_cap._1_cap.inc._1.json
OPV,China_National,5,1,1.0,5,0.0,1,10,5,1,1,1,1,MVP_DE_results_T_10_delta_5_scen_1_trial_1_inv_1_cap._1_cap.inc._1.json
OPV,China_National,5,1,1.0,6,0.0,1,10,5,1,1,1,1,MVP_DE_results_T_10_delta_5_scen_1_trial_1_inv_1_cap._1_cap.inc._1.json
OPV,China_National,5,1,1.0,7,0.0,1,10,5,1,1,1,1,MVP_DE_results_T_10_delta_5_scen_1_trial_1_inv_1_cap._1_cap.inc._1.json
OPV,China_National,5,1,1.0,9,0.0,1,10,5,1,1,1,1,MVP_DE_results_T_10_delta_5_scen_1_trial_1_inv_1_cap._1_cap.inc._1.json
OPV,China_National,5,1,1.0,8,0.0,1,10,5,1,1,1,1,MVP_DE_results_T_10_delta_5_scen_1_trial_1_inv_1_cap._1_cap.inc._1.json
OPV,China_National,5,2,0.0,5,0.0,1,10,5,1,1,1,1,MVP_DE_results_T_10_delta_5_scen_1_trial_1_inv_1_cap._1_cap.inc._1.json
OPV,China_National,5,2,0.0,6,0.0,1,10,5,1,1,1,1,MVP_DE_results_T_10_delta_5_scen_1_trial_1_inv_1_cap._1_cap.inc._1.json
OPV,China_National,5,2,0.0,7,0.0,1,10,5,1,1,1,1,MVP_DE_results_T_10_delta_5_scen_1_trial_1_inv_1_cap._1_cap.inc._1.json
OPV,China_National,5,2,0.0,9,0.0,1,10,5,1,1,1,1,MVP_DE_results_T_10_delta_5_scen_1_trial_1_inv_1_cap._1_cap.inc._1.json
OPV,China_National,5,2,0.0,8,0.0,1,10,5,1,1,1,1,MVP_DE_results_T_10_delta_5_scen_1_trial_1_inv_1_cap._1_cap.inc._1.json
OPV,China_National,6,1,1.0,6,0.0,1,10,5,1,1,1,1,MVP_DE_results_T_10_delta_5_scen_1_trial_1_inv_1_cap._1_cap.inc._1.json
OPV,China_National,6,1,1.0,7,0.0,1,10,5,1,1,1,1,MVP_DE_results_T_10_delta_5_scen_1_trial_1_inv_1_cap._1_cap.inc._1.json
OPV,China_National,6,1,1.0,10,0.0,1,10,5,1,1,1,1,MVP_DE_results_T_10_delta_5_scen_1_trial_1_inv_1_cap._1_cap.inc._1.json
OPV,China_National,6,1,1.0,9,0.0,1,10,5,1,1,1,1,MVP_DE_results_T_10_delta_5_scen_1_trial_1_inv_1_cap._1_cap.inc._1.json
OPV,China_National,6,1,1.0,8,0.0,1,10,5,1,1,1,1,MVP_DE_results_T_10_delta_5_scen_1_trial_1_inv_1_cap._1_cap.inc._1.json
OPV,China_National,6,2,-0.0,6,0.0,1,10,5,1,1,1,1,MVP_DE_results_T_10_delta_5_scen_1_trial_1_inv_1_cap._1_cap.inc._1.json
OPV,China_National,6,2,-0.0,7,0.0,1,10,5,1,1,1,1,MVP_DE_results_T_10_delta_5_scen_1_trial_1_inv_1_cap._1_cap.inc._1.json
OPV,China_National,6,2,-0.0,10,0.0,1,10,5,1,1,1,1,MVP_DE_results_T_10_delta_5_scen_1_trial_1_inv_1_cap._1_cap.inc._1.json
OPV,China_National,6,2,-0.0,9,0.0,1,10,5,1,1,1,1,MVP_DE_results_T_10_delta_5_scen_1_trial_1_inv_1_cap._1_cap.inc._1.json
OPV,China_National,6,2,-0.0,8,0.0,1,10,5,1,1,1,1,MVP_DE_results_T_10_delta_5_scen_1_trial_1_inv_1_cap._1_cap.inc._1.json
OPV,China_National,7,1,1.0,7,0.0,1,10,5,1,1,1,1,MVP_DE_results_T_10_delta_5_scen_1_trial_1_inv_1_cap._1_cap.inc._1.json
OPV,China_National,7,1,1.0,10,0.0,1,10,5,1,1,1,1,MVP_DE_results_T_10_delta_5_scen_1_trial_1_inv_1_cap._1_cap.inc._1.json
OPV,China_National,7,1,1.0,9,0.0,1,10,5,1,1,1,1,MVP_DE_results_T_10_delta_5_scen_1_trial_1_inv_1_cap._1_cap.inc._1.json
OPV,China_National,7,1,1.0,8,60100.0,1,10,5,1,1,1,1,MVP_DE_results_T_10_delta_5_scen_1_trial_1_inv_1_cap._1_cap.inc._1.json
OPV,China_National,7,2,0.0,7,0.0,1,10,5,1,1,1,1,MVP_DE_results_T_10_delta_5_scen_1_trial_1_inv_1_cap._1_cap.inc._1.json
OPV,China_National,7,2,0.0,10,0.0,1,10,5,1,1,1,1,MVP_DE_results_T_10_delta_5_scen_1_trial_1_inv_1_cap._1_cap.inc._1.json
OPV,China_National,7,2,0.0,9,0.0,1,10,5,1,1,1,1,MVP_DE_results_T_10_delta_5_scen_1_trial_1_inv_1_cap._1_cap.inc._1.json
OPV,China_National,7,2,0.0,8,0.0,1,10,5,1,1,1,1,MVP_DE_results_T_10_delta_5_scen_1_trial_1_inv_1_cap._1_cap.inc._1.json
OPV,China_National,8,1,1.0,10,0.0,1,10,5,1,1,1,1,MVP_DE_results_T_10_delta_5_scen_1_trial_1_inv_1_cap._1_cap.inc._1.json
OPV,China_National,8,1,1.0,9,0.0,1,10,5,1,1,1,1,MVP_DE_results_T_10_delta_5_scen_1_trial_1_inv_1_cap._1_cap.inc._1.json
OPV,China_National,8,1,1.0,8,0.0,1,10,5,1,1,1,1,MVP_DE_results_T_10_delta_5_scen_1_trial_1_inv_1_cap._1_cap.inc._1.json
OPV,China_National,8,2,-0.0,10,0.0,1,10,5,1,1,1,1,MVP_DE_results_T_10_delta_5_scen_1_trial_1_inv_1_cap._1_cap.inc._1.json
OPV,China_National,8,2,-0.0,9,0.0,1,10,5,1,1,1,1,MVP_DE_results_T_10_delta_5_scen_1_trial_1_inv_1_cap._1_cap.inc._1.json
OPV,China_National,8,2,-0.0,8,-0.0,1,10,5,1,1,1,1,MVP_DE_results_T_10_delta_5_scen_1_trial_1_inv_1_cap._1_cap.inc._1.json
OPV,China_National,9,1,1.0,10,0.0,1,10,5,1,1,1,1,MVP_DE_results_T_10_delta_5_scen_1_trial_1_inv_1_cap._1_cap.inc._1.json
OPV,China_National,9,1,1.0,9,43540.0,1,10,5,1,1,1,1,MVP_DE_results_T_10_delta_5_scen_1_trial_1_inv_1_cap._1_cap.inc._1.json
OPV,China_National,9,2,0.0,10,0.0,1,10,5,1,1,1,1,MVP_DE_results_T_10_delta_5_scen_1_trial_1_inv_1_cap._1_cap.inc._1.json
OPV,China_National,9,2,0.0,9,0.0,1,10,5,1,1,1,1,MVP_DE_results_T_10_delta_5_scen_1_trial_1_inv_1_cap._1_cap.inc._1.json
OPV,China_National,10,1,1.0,10,43540.0,1,10,5,1,1,1,1,MVP_DE_results_T_10_delta_5_scen_1_trial_1_inv_1_cap._1_cap.inc._1.json
OPV,China_National,10,2,-0.0,10,-0.0,1,10,5,1,1,1,1,MVP_DE_results_T_10_delta_5_scen_1_trial_1_inv_1_cap._1_cap.inc._1.json
OPV,GSK,1,1,1.0,5,60100.0,1,10,5,1,1,1,1,MVP_DE_results_T_10_delta_5_scen_1_trial_1_inv_1_cap._1_cap.inc._1.json
OPV,GSK,1,1,1.0,4,0.0,1,10,5,1,1,1,1,MVP_DE_results_T_10_delta_5_scen_1_trial_1_inv_1_cap._1_cap.inc._1.json
OPV,GSK,1,1,1.0,2,0.0,1,10,5,1,1,1,1,MVP_DE_results_T_10_delta_5_scen_1_trial_1_inv_1_cap._1_cap.inc._1.json
OPV,GSK,1,1,1.0,3,60100.0,1,10,5,1,1,1,1,MVP_DE_results_T_10_delta_5_scen_1_trial_1_inv_1_cap._1_cap.inc._1.json
OPV,GSK,1,1,1.0,1,700.0,1,10,5,1,1,1,1,MVP_DE_results_T_10_delta_5_scen_1_trial_1_inv_1_cap._1_cap.inc._1.json
OPV,GSK,1,2,0.0,5,0.0,1,10,5,1,1,1,1,MVP_DE_results_T_10_delta_5_scen_1_trial_1_inv_1_cap._1_cap.inc._1.json
OPV,GSK,1,2,0.0,4,0.0,1,10,5,1,1,1,1,MVP_DE_results_T_10_delta_5_scen_1_trial_1_inv_1_cap._1_cap.inc._1.json
OPV,GSK,1,2,0.0,2,0.0,1,10,5,1,1,1,1,MVP_DE_results_T_10_delta_5_scen_1_trial_1_inv_1_cap._1_cap.inc._1.json
OPV,GSK,1,2,0.0,3,0.0,1,10,5,1,1,1,1,MVP_DE_results_T_10_delta_5_scen_1_trial_1_inv_1_cap._1_cap.inc._1.json
OPV,GSK,1,2,0.0,1,0.0,1,10,5,1,1,1,1,MVP_DE_results_T_10_delta_5_scen_1_trial_1_inv_1_cap._1_cap.inc._1.json
OPV,GSK,2,1,1.0,5,0.0,1,10,5,1,1,1,1,MVP_DE_results_T_10_delta_5_scen_1_trial_1_inv_1_cap._1_cap.inc._1.json
OPV,GSK,2,1,1.0,4,0.0,1,10,5,1,1,1,1,MVP_DE_results_T_10_delta_5_scen_1_trial_1_inv_1_cap._1_cap.inc._1.json
OPV,GSK,2,1,1.0,6,0.0,1,10,5,1,1,1,1,MVP_DE_results_T_10_delta_5_scen_1_trial_1_inv_1_cap._1_cap.inc._1.json
OPV,GSK,2,1,1.0,2,27740.0,1,10,5,1,1,1,1,MVP_DE_results_T_10_delta_5_scen_1_trial_1_inv_1_cap._1_cap.inc._1.json
OPV,GSK,2,1,1.0,3,0.0,1,10,5,1,1,1,1,MVP_DE_results_T_10_delta_5_scen_1_trial_1_inv_1_cap._1_cap.inc._1.json
OPV,GSK,2,2,0.0,5,0.0,1,10,5,1,1,1,1,MVP_DE_results_T_10_delta_5_scen_1_trial_1_inv_1_cap._1_cap.inc._1.json
OPV,GSK,2,2,0.0,4,0.0,1,10,5,1,1,1,1,MVP_DE_results_T_10_delta_5_scen_1_trial_1_inv_1_cap._1_cap.inc._1.json
OPV,GSK,2,2,0.0,6,0.0,1,10,5,1,1,1,1,MVP_DE_results_T_10_delta_5_scen_1_trial_1_inv_1_cap._1_cap.inc._1.json
OPV,GSK,2,2,0.0,2,0.0,1,10,5,1,1,1,1,MVP_DE_results_T_10_delta_5_scen_1_trial_1_inv_1_cap._1_cap.inc._1.json
OPV,GSK,2,2,0.0,3,0.0,1,10,5,1,1,1,1,MVP_DE_results_T_10_delta_5_scen_1_trial_1_inv_1_cap._1_cap.inc._1.json
OPV,GSK,3,1,1.0,5,0.0,1,10,5,1,1,1,1,MVP_DE_results_T_10_delta_5_scen_1_trial_1_inv_1_cap._1_cap.inc._1.json
OPV,GSK,3,1,1.0,4,0.0,1,10,5,1,1,1,1,MVP_DE_results_T_10_delta_5_scen_1_trial_1_inv_1_cap._1_cap.inc._1.json
OPV,GSK,3,1,1.0,6,57950.0,1,10,5,1,1,1,1,MVP_DE_results_T_10_delta_5_scen_1_trial_1_inv_1_cap._1_cap.inc._1.json
OPV,GSK,3,1,1.0,7,0.0,1,10,5,1,1,1,1,MVP_DE_results_T_10_delta_5_scen_1_trial_1_inv_1_cap._1_cap.inc._1.json
OPV,GSK,3,1,1.0,3,31660.0,1,10,5,1,1,1,1,MVP_DE_results_T_10_delta_5_scen_1_trial_1_inv_1_cap._1_cap.inc._1.json
OPV,GSK,3,2,0.0,5,0.0,1,10,5,1,1,1,1,MVP_DE_results_T_10_delta_5_scen_1_trial_1_inv_1_cap._1_cap.inc._1.json
OPV,GSK,3,2,0.0,4,0.0,1,10,5,1,1,1,1,MVP_DE_results_T_10_delta_5_scen_1_trial_1_inv_1_cap._1_cap.inc._1.json
OPV,GSK,3,2,0.0,6,0.0,1,10,5,1,1,1,1,MVP_DE_results_T_10_delta_5_scen_1_trial_1_inv_1_cap._1_cap.inc._1.json
OPV,GSK,3,2,0.0,7,0.0,1,10,5,1,1,1,1,MVP_DE_results_T_10_delta_5_scen_1_trial_1_inv_1_cap._1_cap.inc._1.json
OPV,GSK,3,2,0.0,3,0.0,1,10,5,1,1,1,1,MVP_DE_results_T_10_delta_5_scen_1_trial_1_inv_1_cap._1_cap.inc._1.json
OPV,GSK,4,1,1.0,5,0.0,1,10,5,1,1,1,1,MVP_DE_results_T_10_delta_5_scen_1_trial_1_inv_1_cap._1_cap.inc._1.json
OPV,GSK,4,1,1.0,4,0.0,1,10,5,1,1,1,1,MVP_DE_results_T_10_delta_5_scen_1_trial_1_inv_1_cap._1_cap.inc._1.json
OPV,GSK,4,1,1.0,6,26290.0,1,10,5,1,1,1,1,MVP_DE_results_T_10_delta_5_scen_1_trial_1_inv_1_cap._1_cap.inc._1.json
OPV,GSK,4,1,1.0,7,0.0,1,10,5,1,1,1,1,MVP_DE_results_T_10_delta_5_scen_1_trial_1_inv_1_cap._1_cap.inc._1.json
OPV,GSK,4,1,1.0,8,0.0,1,10,5,1,1,1,1,MVP_DE_results_T_10_delta_5_scen_1_trial_1_inv_1_cap._1_cap.inc._1.json
OPV,GSK,4,2,0.0,5,0.0,1,10,5,1,1,1,1,MVP_DE_results_T_10_delta_5_scen_1_trial_1_inv_1_cap._1_cap.inc._1.json
OPV,GSK,4,2,0.0,4,0.0,1,10,5,1,1,1,1,MVP_DE_results_T_10_delta_5_scen_1_trial_1_inv_1_cap._1_cap.inc._1.json
OPV,GSK,4,2,0.0,6,0.0,1,10,5,1,1,1,1,MVP_DE_results_T_10_delta_5_scen_1_trial_1_inv_1_cap._1_cap.inc._1.json
OPV,GSK,4,2,0.0,7,0.0,1,10,5,1,1,1,1,MVP_DE_results_T_10_delta_5_scen_1_trial_1_inv_1_cap._1_cap.inc._1.json
OPV,GSK,4,2,0.0,8,0.0,1,10,5,1,1,1,1,MVP_DE_results_T_10_delta_5_scen_1_trial_1_inv_1_cap._1_cap.inc._1.json
OPV,GSK,5,1,1.0,5,0.0,1,10,5,1,1,1,1,MVP_DE_results_T_10_delta_5_scen_1_trial_1_inv_1_cap._1_cap.inc._1.json
OPV,GSK,5,1,1.0,6,0.0,1,10,5,1,1,1,1,MVP_DE_results_T_10_delta_5_scen_1_trial_1_inv_1_cap._1_cap.inc._1.json
OPV,GSK,5,1,1.0,7,0.0,1,10,5,1,1,1,1,MVP_DE_results_T_10_delta_5_scen_1_trial_1_inv_1_cap._1_cap.inc._1.json
OPV,GSK,5,1,1.0,9,0.0,1,10,5,1,1,1,1,MVP_DE_results_T_10_delta_5_scen_1_trial_1_inv_1_cap._1_cap.inc._1.json
OPV,GSK,5,1,1.0,8,0.0,1,10,5,1,1,1,1,MVP_DE_results_T_10_delta_5_scen_1_trial_1_inv_1_cap._1_cap.inc._1.json
OPV,GSK,5,2,0.0,5,0.0,1,10,5,1,1,1,1,MVP_DE_results_T_10_delta_5_scen_1_trial_1_inv_1_cap._1_cap.inc._1.json
OPV,GSK,5,2,0.0,6,0.0,1,10,5,1,1,1,1,MVP_DE_results_T_10_delta_5_scen_1_trial_1_inv_1_cap._1_cap.inc._1.json
OPV,GSK,5,2,0.0,7,0.0,1,10,5,1,1,1,1,MVP_DE_results_T_10_delta_5_scen_1_trial_1_inv_1_cap._1_cap.inc._1.json
OPV,GSK,5,2,0.0,9,0.0,1,10,5,1,1,1,1,MVP_DE_results_T_10_delta_5_scen_1_trial_1_inv_1_cap._1_cap.inc._1.json
OPV,GSK,5,2,0.0,8,0.0,1,10,5,1,1,1,1,MVP_DE_results_T_10_delta_5_scen_1_trial_1_inv_1_cap._1_cap.inc._1.json
OPV,GSK,6,1,1.0,6,0.0,1,10,5,1,1,1,1,MVP_DE_results_T_10_delta_5_scen_1_trial_1_inv_1_cap._1_cap.inc._1.json
OPV,GSK,6,1,1.0,7,43800.0,1,10,5,1,1,1,1,MVP_DE_results_T_10_delta_5_scen_1_trial_1_inv_1_cap._1_cap.inc._1.json
OPV,GSK,6,1,1.0,10,0.0,1,10,5,1,1,1,1,MVP_DE_results_T_10_delta_5_scen_1_trial_1_inv_1_cap._1_cap.inc._1.json
OPV,GSK,6,1,1.0,9,0.0,1,10,5,1,1,1,1,MVP_DE_results_T_10_delta_5_scen_1_trial_1_inv_1_cap._1_cap.inc._1.json
OPV,GSK,6,1,1.0,8,0.0,1,10,5,1,1,1,1,MVP_DE_results_T_10_delta_5_scen_1_trial_1_inv_1_cap._1_cap.inc._1.json
OPV,GSK,6,2,0.0,6,0.0,1,10,5,1,1,1,1,MVP_DE_results_T_10_delta_5_scen_1_trial_1_inv_1_cap._1_cap.inc._1.json
OPV,GSK,6,2,0.0,7,0.0,1,10,5,1,1,1,1,MVP_DE_results_T_10_delta_5_scen_1_trial_1_inv_1_cap._1_cap.inc._1.json
OPV,GSK,6,2,0.0,10,0.0,1,10,5,1,1,1,1,MVP_DE_results_T_10_delta_5_scen_1_trial_1_inv_1_cap._1_cap.inc._1.json
OPV,GSK,6,2,0.0,9,0.0,1,10,5,1,1,1,1,MVP_DE_results_T_10_delta_5_scen_1_trial_1_inv_1_cap._1_cap.inc._1.json
OPV,GSK,6,2,0.0,8,0.0,1,10,5,1,1,1,1,MVP_DE_results_T_10_delta_5_scen_1_trial_1_inv_1_cap._1_cap.inc._1.json
OPV,GSK,7,1,1.0,7,0.0,1,10,5,1,1,1,1,MVP_DE_results_T_10_delta_5_scen_1_trial_1_inv_1_cap._1_cap.inc._1.json
OPV,GSK,7,1,1.0,10,0.0,1,10,5,1,1,1,1,MVP_DE_results_T_10_delta_5_scen_1_trial_1_inv_1_cap._1_cap.inc._1.json
OPV,GSK,7,1,1.0,9,0.0,1,10,5,1,1,1,1,MVP_DE_results_T_10_delta_5_scen_1_trial_1_inv_1_cap._1_cap.inc._1.json
OPV,GSK,7,1,1.0,8,41080.0,1,10,5,1,1,1,1,MVP_DE_results_T_10_delta_5_scen_1_trial_1_inv_1_cap._1_cap.inc._1.json
OPV,GSK,7,2,-0.0,7,-0.0,1,10,5,1,1,1,1,MVP_DE_results_T_10_delta_5_scen_1_trial_1_inv_1_cap._1_cap.inc._1.json
OPV,GSK,7,2,-0.0,10,0.0,1,10,5,1,1,1,1,MVP_DE_results_T_10_delta_5_scen_1_trial_1_inv_1_cap._1_cap.inc._1.json
OPV,GSK,7,2,-0.0,9,0.0,1,10,5,1,1,1,1,MVP_DE_results_T_10_delta_5_scen_1_trial_1_inv_1_cap._1_cap.inc._1.json
OPV,GSK,7,2,-0.0,8,0.0,1,10,5,1,1,1,1,MVP_DE_results_T_10_delta_5_scen_1_trial_1_inv_1_cap._1_cap.inc._1.json
OPV,GSK,8,1,1.0,10,0.0,1,10,5,1,1,1,1,MVP_DE_results_T_10_delta_5_scen_1_trial_1_inv_1_cap._1_cap.inc._1.json
OPV,GSK,8,1,1.0,9,48570.0,1,10,5,1,1,1,1,MVP_DE_results_T_10_delta_5_scen_1_trial_1_inv_1_cap._1_cap.inc._1.json
OPV,GSK,8,1,1.0,8,0.0,1,10,5,1,1,1,1,MVP_DE_results_T_10_delta_5_scen_1_trial_1_inv_1_cap._1_cap.inc._1.json
OPV,GSK,8,2,-0.0,10,0.0,1,10,5,1,1,1,1,MVP_DE_results_T_10_delta_5_scen_1_trial_1_inv_1_cap._1_cap.inc._1.json
OPV,GSK,8,2,-0.0,9,0.0,1,10,5,1,1,1,1,MVP_DE_results_T_10_delta_5_scen_1_trial_1_inv_1_cap._1_cap.inc._1.json
OPV,GSK,8,2,-0.0,8,0.0,1,10,5,1,1,1,1,MVP_DE_results_T_10_delta_5_scen_1_trial_1_inv_1_cap._1_cap.inc._1.json
OPV,GSK,9,1,1.0,10,0.0,1,10,5,1,1,1,1,MVP_DE_results_T_10_delta_5_scen_1_trial_1_inv_1_cap._1_cap.inc._1.json
OPV,GSK,9,1,1.0,9,25000.0,1,10,5,1,1,1,1,MVP_DE_results_T_10_delta_5_scen_1_trial_1_inv_1_cap._1_cap.inc._1.json
OPV,GSK,9,2,-0.0,10,0.0,1,10,5,1,1,1,1,MVP_DE_results_T_10_delta_5_scen_1_trial_1_inv_1_cap._1_cap.inc._1.json
OPV,GSK,9,2,-0.0,9,0.0,1,10,5,1,1,1,1,MVP_DE_results_T_10_delta_5_scen_1_trial_1_inv_1_cap._1_cap.inc._1.json
OPV,GSK,10,1,1.0,10,29060.0,1,10,5,1,1,1,1,MVP_DE_results_T_10_delta_5_scen_1_trial_1_inv_1_cap._1_cap.inc._1.json
OPV,GSK,10,2,-0.0,10,-0.0,1,10,5,1,1,1,1,MVP_DE_results_T_10_delta_5_scen_1_trial_1_inv_1_cap._1_cap.inc._1.json
OPV,Haffkine_Bio,1,1,1.0,5,0.0,1,10,5,1,1,1,1,MVP_DE_results_T_10_delta_5_scen_1_trial_1_inv_1_cap._1_cap.inc._1.json
OPV,Haffkine_Bio,1,1,1.0,4,0.0,1,10,5,1,1,1,1,MVP_DE_results_T_10_delta_5_scen_1_trial_1_inv_1_cap._1_cap.inc._1.json
OPV,Haffkine_Bio,1,1,1.0,2,0.0,1,10,5,1,1,1,1,MVP_DE_results_T_10_delta_5_scen_1_trial_1_inv_1_cap._1_cap.inc._1.json
OPV,Haffkine_Bio,1,1,1.0,3,0.0,1,10,5,1,1,1,1,MVP_DE_results_T_10_delta_5_scen_1_trial_1_inv_1_cap._1_cap.inc._1.json
OPV,Haffkine_Bio,1,1,1.0,1,8120.0,1,10,5,1,1,1,1,MVP_DE_results_T_10_delta_5_scen_1_trial_1_inv_1_cap._1_cap.inc._1.json
OPV,Haffkine_Bio,1,2,0.0,5,0.0,1,10,5,1,1,1,1,MVP_DE_results_T_10_delta_5_scen_1_trial_1_inv_1_cap._1_cap.inc._1.json
OPV,Haffkine_Bio,1,2,0.0,4,0.0,1,10,5,1,1,1,1,MVP_DE_results_T_10_delta_5_scen_1_trial_1_inv_1_cap._1_cap.inc._1.json
OPV,Haffkine_Bio,1,2,0.0,2,0.0,1,10,5,1,1,1,1,MVP_DE_results_T_10_delta_5_scen_1_trial_1_inv_1_cap._1_cap.inc._1.json
OPV,Haffkine_Bio,1,2,0.0,3,0.0,1,10,5,1,1,1,1,MVP_DE_results_T_10_delta_5_scen_1_trial_1_inv_1_cap._1_cap.inc._1.json
OPV,Haffkine_Bio,1,2,0.0,1,0.0,1,10,5,1,1,1,1,MVP_DE_results_T_10_delta_5_scen_1_trial_1_inv_1_cap._1_cap.inc._1.json
OPV,Haffkine_Bio,2,1,1.0,5,0.0,1,10,5,1,1,1,1,MVP_DE_results_T_10_delta_5_scen_1_trial_1_inv_1_cap._1_cap.inc._1.json
OPV,Haffkine_Bio,2,1,1.0,4,0.0,1,10,5,1,1,1,1,MVP_DE_results_T_10_delta_5_scen_1_trial_1_inv_1_cap._1_cap.inc._1.json
OPV,Haffkine_Bio,2,1,1.0,6,0.0,1,10,5,1,1,1,1,MVP_DE_results_T_10_delta_5_scen_1_trial_1_inv_1_cap._1_cap.inc._1.json
OPV,Haffkine_Bio,2,1,1.0,2,8120.0,1,10,5,1,1,1,1,MVP_DE_results_T_10_delta_5_scen_1_trial_1_inv_1_cap._1_cap.inc._1.json
OPV,Haffkine_Bio,2,1,1.0,3,0.0,1,10,5,1,1,1,1,MVP_DE_results_T_10_delta_5_scen_1_trial_1_inv_1_cap._1_cap.inc._1.json
OPV,Haffkine_Bio,2,2,0.0,5,0.0,1,10,5,1,1,1,1,MVP_DE_results_T_10_delta_5_scen_1_trial_1_inv_1_cap._1_cap.inc._1.json
OPV,Haffkine_Bio,2,2,0.0,4,0.0,1,10,5,1,1,1,1,MVP_DE_results_T_10_delta_5_scen_1_trial_1_inv_1_cap._1_cap.inc._1.json
OPV,Haffkine_Bio,2,2,0.0,6,0.0,1,10,5,1,1,1,1,MVP_DE_results_T_10_delta_5_scen_1_trial_1_inv_1_cap._1_cap.inc._1.json
OPV,Haffkine_Bio,2,2,0.0,2,0.0,1,10,5,1,1,1,1,MVP_DE_results_T_10_delta_5_scen_1_trial_1_inv_1_cap._1_cap.inc._1.json
OPV,Haffkine_Bio,2,2,0.0,3,0.0,1,10,5,1,1,1,1,MVP_DE_results_T_10_delta_5_scen_1_trial_1_inv_1_cap._1_cap.inc._1.json
OPV,Haffkine_Bio,3,1,1.0,5,0.0,1,10,5,1,1,1,1,MVP_DE_results_T_10_delta_5_scen_1_trial_1_inv_1_cap._1_cap.inc._1.json
OPV,Haffkine_Bio,3,1,1.0,4,0.0,1,10,5,1,1,1,1,MVP_DE_results_T_10_delta_5_scen_1_trial_1_inv_1_cap._1_cap.inc._1.json
OPV,Haffkine_Bio,3,1,1.0,6,0.0,1,10,5,1,1,1,1,MVP_DE_results_T_10_delta_5_scen_1_trial_1_inv_1_cap._1_cap.inc._1.json
OPV,Haffkine_Bio,3,1,1.0,7,0.0,1,10,5,1,1,1,1,MVP_DE_results_T_10_delta_5_scen_1_trial_1_inv_1_cap._1_cap.inc._1.json
OPV,Haffkine_Bio,3,1,1.0,3,8120.0,1,10,5,1,1,1,1,MVP_DE_results_T_10_delta_5_scen_1_trial_1_inv_1_cap._1_cap.inc._1.json
OPV,Haffkine_Bio,3,2,0.0,5,0.0,1,10,5,1,1,1,1,MVP_DE_results_T_10_delta_5_scen_1_trial_1_inv_1_cap._1_cap.inc._1.json
OPV,Haffkine_Bio,3,2,0.0,4,0.0,1,10,5,1,1,1,1,MVP_DE_results_T_10_delta_5_scen_1_trial_1_inv_1_cap._1_cap.inc._1.json
OPV,Haffkine_Bio,3,2,0.0,6,0.0,1,10,5,1,1,1,1,MVP_DE_results_T_10_delta_5_scen_1_trial_1_inv_1_cap._1_cap.inc._1.json
OPV,Haffkine_Bio,3,2,0.0,7,0.0,1,10,5,1,1,1,1,MVP_DE_results_T_10_delta_5_scen_1_trial_1_inv_1_cap._1_cap.inc._1.json
OPV,Haffkine_Bio,3,2,0.0,3,0.0,1,10,5,1,1,1,1,MVP_DE_results_T_10_delta_5_scen_1_trial_1_inv_1_cap._1_cap.inc._1.json
OPV,Haffkine_Bio,4,1,1.0,5,0.0,1,10,5,1,1,1,1,MVP_DE_results_T_10_delta_5_scen_1_trial_1_inv_1_cap._1_cap.inc._1.json
OPV,Haffkine_Bio,4,1,1.0,4,0.0,1,10,5,1,1,1,1,MVP_DE_results_T_10_delta_5_scen_1_trial_1_inv_1_cap._1_cap.inc._1.json
OPV,Haffkine_Bio,4,1,1.0,6,24360.0,1,10,5,1,1,1,1,MVP_DE_results_T_10_delta_5_scen_1_trial_1_inv_1_cap._1_cap.inc._1.json
OPV,Haffkine_Bio,4,1,1.0,7,0.0,1,10,5,1,1,1,1,MVP_DE_results_T_10_delta_5_scen_1_trial_1_inv_1_cap._1_cap.inc._1.json
OPV,Haffkine_Bio,4,1,1.0,8,0.0,1,10,5,1,1,1,1,MVP_DE_results_T_10_delta_5_scen_1_trial_1_inv_1_cap._1_cap.inc._1.json
OPV,Haffkine_Bio,4,2,0.0,5,0.0,1,10,5,1,1,1,1,MVP_DE_results_T_10_delta_5_scen_1_trial_1_inv_1_cap._1_cap.inc._1.json
OPV,Haffkine_Bio,4,2,0.0,4,0.0,1,10,5,1,1,1,1,MVP_DE_results_T_10_delta_5_scen_1_trial_1_inv_1_cap._1_cap.inc._1.json
OPV,Haffkine_Bio,4,2,0.0,6,0.0,1,10,5,1,1,1,1,MVP_DE_results_T_10_delta_5_scen_1_trial_1_inv_1_cap._1_cap.inc._1.json
OPV,Haffkine_Bio,4,2,0.0,7,0.0,1,10,5,1,1,1,1,MVP_DE_results_T_10_delta_5_scen_1_trial_1_inv_1_cap._1_cap.inc._1.json
OPV,Haffkine_Bio,4,2,0.0,8,0.0,1,10,5,1,1,1,1,MVP_DE_results_T_10_delta_5_scen_1_trial_1_inv_1_cap._1_cap.inc._1.json
OPV,Haffkine_Bio,5,1,1.0,5,0.0,1,10,5,1,1,1,1,MVP_DE_results_T_10_delta_5_scen_1_trial_1_inv_1_cap._1_cap.inc._1.json
OPV,Haffkine_Bio,5,1,1.0,6,0.0,1,10,5,1,1,1,1,MVP_DE_results_T_10_delta_5_scen_1_trial_1_inv_1_cap._1_cap.inc._1.json
OPV,Haffkine_Bio,5,1,1.0,7,0.0,1,10,5,1,1,1,1,MVP_DE_results_T_10_delta_5_scen_1_trial_1_inv_1_cap._1_cap.inc._1.json
OPV,Haffkine_Bio,5,1,1.0,9,0.0,1,10,5,1,1,1,1,MVP_DE_results_T_10_delta_5_scen_1_trial_1_inv_1_cap._1_cap.inc._1.json
OPV,Haffkine_Bio,5,1,1.0,8,0.0,1,10,5,1,1,1,1,MVP_DE_results_T_10_delta_5_scen_1_trial_1_inv_1_cap._1_cap.inc._1.json
OPV,Haffkine_Bio,5,2,0.0,5,0.0,1,10,5,1,1,1,1,MVP_DE_results_T_10_delta_5_scen_1_trial_1_inv_1_cap._1_cap.inc._1.json
OPV,Haffkine_Bio,5,2,0.0,6,0.0,1,10,5,1,1,1,1,MVP_DE_results_T_10_delta_5_scen_1_trial_1_inv_1_cap._1_cap.inc._1.json
OPV,Haffkine_Bio,5,2,0.0,7,0.0,1,10,5,1,1,1,1,MVP_DE_results_T_10_delta_5_scen_1_trial_1_inv_1_cap._1_cap.inc._1.json
OPV,Haffkine_Bio,5,2,0.0,9,0.0,1,10,5,1,1,1,1,MVP_DE_results_T_10_delta_5_scen_1_trial_1_inv_1_cap._1_cap.inc._1.json
OPV,Haffkine_Bio,5,2,0.0,8,0.0,1,10,5,1,1,1,1,MVP_DE_results_T_10_delta_5_scen_1_trial_1_inv_1_cap._1_cap.inc._1.json
OPV,Haffkine_Bio,6,1,1.0,6,0.0,1,10,5,1,1,1,1,MVP_DE_results_T_10_delta_5_scen_1_trial_1_inv_1_cap._1_cap.inc._1.json
OPV,Haffkine_Bio,6,1,1.0,7,0.0,1,10,5,1,1,1,1,MVP_DE_results_T_10_delta_5_scen_1_trial_1_inv_1_cap._1_cap.inc._1.json
OPV,Haffkine_Bio,6,1,1.0,10,0.0,1,10,5,1,1,1,1,MVP_DE_results_T_10_delta_5_scen_1_trial_1_inv_1_cap._1_cap.inc._1.json
OPV,Haffkine_Bio,6,1,1.0,9,0.0,1,10,5,1,1,1,1,MVP_DE_results_T_10_delta_5_scen_1_trial_1_inv_1_cap._1_cap.inc._1.json
OPV,Haffkine_Bio,6,1,1.0,8,0.0,1,10,5,1,1,1,1,MVP_DE_results_T_10_delta_5_scen_1_trial_1_inv_1_cap._1_cap.inc._1.json
OPV,Haffkine_Bio,6,2,0.0,6,0.0,1,10,5,1,1,1,1,MVP_DE_results_T_10_delta_5_scen_1_trial_1_inv_1_cap._1_cap.inc._1.json
OPV,Haffkine_Bio,6,2,0.0,7,0.0,1,10,5,1,1,1,1,MVP_DE_results_T_10_delta_5_scen_1_trial_1_inv_1_cap._1_cap.inc._1.json
OPV,Haffkine_Bio,6,2,0.0,10,0.0,1,10,5,1,1,1,1,MVP_DE_results_T_10_delta_5_scen_1_trial_1_inv_1_cap._1_cap.inc._1.json
OPV,Haffkine_Bio,6,2,0.0,9,0.0,1,10,5,1,1,1,1,MVP_DE_results_T_10_delta_5_scen_1_trial_1_inv_1_cap._1_cap.inc._1.json
OPV,Haffkine_Bio,6,2,0.0,8,0.0,1,10,5,1,1,1,1,MVP_DE_results_T_10_delta_5_scen_1_trial_1_inv_1_cap._1_cap.inc._1.json
OPV,Haffkine_Bio,7,1,1.0,7,0.0,1,10,5,1,1,1,1,MVP_DE_results_T_10_delta_5_scen_1_trial_1_inv_1_cap._1_cap.inc._1.json
OPV,Haffkine_Bio,7,1,1.0,10,0.0,1,10,5,1,1,1,1,MVP_DE_results_T_10_delta_5_scen_1_trial_1_inv_1_cap._1_cap.inc._1.json
OPV,Haffkine_Bio,7,1,1.0,9,0.0,1,10,5,1,1,1,1,MVP_DE_results_T_10_delta_5_scen_1_trial_1_inv_1_cap._1_cap.inc._1.json
OPV,Haffkine_Bio,7,1,1.0,8,16240.0,1,10,5,1,1,1,1,MVP_DE_results_T_10_delta_5_scen_1_trial_1_inv_1_cap._1_cap.inc._1.json
OPV,Haffkine_Bio,7,2,0.0,7,0.0,1,10,5,1,1,1,1,MVP_DE_results_T_10_delta_5_scen_1_trial_1_inv_1_cap._1_cap.inc._1.json
OPV,Haffkine_Bio,7,2,0.0,10,0.0,1,10,5,1,1,1,1,MVP_DE_results_T_10_delta_5_scen_1_trial_1_inv_1_cap._1_cap.inc._1.json
OPV,Haffkine_Bio,7,2,0.0,9,0.0,1,10,5,1,1,1,1,MVP_DE_results_T_10_delta_5_scen_1_trial_1_inv_1_cap._1_cap.inc._1.json
OPV,Haffkine_Bio,7,2,0.0,8,0.0,1,10,5,1,1,1,1,MVP_DE_results_T_10_delta_5_scen_1_trial_1_inv_1_cap._1_cap.inc._1.json
OPV,Haffkine_Bio,8,1,1.0,10,0.0,1,10,5,1,1,1,1,MVP_DE_results_T_10_delta_5_scen_1_trial_1_inv_1_cap._1_cap.inc._1.json
OPV,Haffkine_Bio,8,1,1.0,9,0.0,1,10,5,1,1,1,1,MVP_DE_results_T_10_delta_5_scen_1_trial_1_inv_1_cap._1_cap.inc._1.json
OPV,Haffkine_Bio,8,1,1.0,8,0.0,1,10,5,1,1,1,1,MVP_DE_results_T_10_delta_5_scen_1_trial_1_inv_1_cap._1_cap.inc._1.json
OPV,Haffkine_Bio,8,2,0.0,10,0.0,1,10,5,1,1,1,1,MVP_DE_results_T_10_delta_5_scen_1_trial_1_inv_1_cap._1_cap.inc._1.json
OPV,Haffkine_Bio,8,2,0.0,9,0.0,1,10,5,1,1,1,1,MVP_DE_results_T_10_delta_5_scen_1_trial_1_inv_1_cap._1_cap.inc._1.json
OPV,Haffkine_Bio,8,2,0.0,8,0.0,1,10,5,1,1,1,1,MVP_DE_results_T_10_delta_5_scen_1_trial_1_inv_1_cap._1_cap.inc._1.json
OPV,Haffkine_Bio,9,1,1.0,10,0.0,1,10,5,1,1,1,1,MVP_DE_results_T_10_delta_5_scen_1_trial_1_inv_1_cap._1_cap.inc._1.json
OPV,Haffkine_Bio,9,1,1.0,9,8120.0,1,10,5,1,1,1,1,MVP_DE_results_T_10_delta_5_scen_1_trial_1_inv_1_cap._1_cap.inc._1.json
OPV,Haffkine_Bio,9,2,0.0,10,0.0,1,10,5,1,1,1,1,MVP_DE_results_T_10_delta_5_scen_1_trial_1_inv_1_cap._1_cap.inc._1.json
OPV,Haffkine_Bio,9,2,0.0,9,0.0,1,10,5,1,1,1,1,MVP_DE_results_T_10_delta_5_scen_1_trial_1_inv_1_cap._1_cap.inc._1.json
OPV,Haffkine_Bio,10,1,1.0,10,8120.0,1,10,5,1,1,1,1,MVP_DE_results_T_10_delta_5_scen_1_trial_1_inv_1_cap._1_cap.inc._1.json
OPV,Haffkine_Bio,10,2,0.0,10,0.0,1,10,5,1,1,1,1,MVP_DE_results_T_10_delta_5_scen_1_trial_1_inv_1_cap._1_cap.inc._1.json
OPV,PT_Bio,1,1,1.0,5,0.0,1,10,5,1,1,1,1,MVP_DE_results_T_10_delta_5_scen_1_trial_1_inv_1_cap._1_cap.inc._1.json
OPV,PT_Bio,1,1,1.0,4,0.0,1,10,5,1,1,1,1,MVP_DE_results_T_10_delta_5_scen_1_trial_1_inv_1_cap._1_cap.inc._1.json
OPV,PT_Bio,1,1,1.0,2,0.0,1,10,5,1,1,1,1,MVP_DE_results_T_10_delta_5_scen_1_trial_1_inv_1_cap._1_cap.inc._1.json
OPV,PT_Bio,1,1,1.0,3,0.0,1,10,5,1,1,1,1,MVP_DE_results_T_10_delta_5_scen_1_trial_1_inv_1_cap._1_cap.inc._1.json
OPV,PT_Bio,1,1,1.0,1,0.0,1,10,5,1,1,1,1,MVP_DE_results_T_10_delta_5_scen_1_trial_1_inv_1_cap._1_cap.inc._1.json
OPV,PT_Bio,1,2,0.0,5,0.0,1,10,5,1,1,1,1,MVP_DE_results_T_10_delta_5_scen_1_trial_1_inv_1_cap._1_cap.inc._1.json
OPV,PT_Bio,1,2,0.0,4,0.0,1,10,5,1,1,1,1,MVP_DE_results_T_10_delta_5_scen_1_trial_1_inv_1_cap._1_cap.inc._1.json
OPV,PT_Bio,1,2,0.0,2,0.0,1,10,5,1,1,1,1,MVP_DE_results_T_10_delta_5_scen_1_trial_1_inv_1_cap._1_cap.inc._1.json
OPV,PT_Bio,1,2,0.0,3,0.0,1,10,5,1,1,1,1,MVP_DE_results_T_10_delta_5_scen_1_trial_1_inv_1_cap._1_cap.inc._1.json
OPV,PT_Bio,1,2,0.0,1,0.0,1,10,5,1,1,1,1,MVP_DE_results_T_10_delta_5_scen_1_trial_1_inv_1_cap._1_cap.inc._1.json
OPV,PT_Bio,2,1,1.0,5,0.0,1,10,5,1,1,1,1,MVP_DE_results_T_10_delta_5_scen_1_trial_1_inv_1_cap._1_cap.inc._1.json
OPV,PT_Bio,2,1,1.0,4,0.0,1,10,5,1,1,1,1,MVP_DE_results_T_10_delta_5_scen_1_trial_1_inv_1_cap._1_cap.inc._1.json
OPV,PT_Bio,2,1,1.0,6,0.0,1,10,5,1,1,1,1,MVP_DE_results_T_10_delta_5_scen_1_trial_1_inv_1_cap._1_cap.inc._1.json
OPV,PT_Bio,2,1,1.0,2,0.0,1,10,5,1,1,1,1,MVP_DE_results_T_10_delta_5_scen_1_trial_1_inv_1_cap._1_cap.inc._1.json
OPV,PT_Bio,2,1,1.0,3,0.0,1,10,5,1,1,1,1,MVP_DE_results_T_10_delta_5_scen_1_trial_1_inv_1_cap._1_cap.inc._1.json
OPV,PT_Bio,2,2,0.0,5,0.0,1,10,5,1,1,1,1,MVP_DE_results_T_10_delta_5_scen_1_trial_1_inv_1_cap._1_cap.inc._1.json
OPV,PT_Bio,2,2,0.0,4,0.0,1,10,5,1,1,1,1,MVP_DE_results_T_10_delta_5_scen_1_trial_1_inv_1_cap._1_cap.inc._1.json
OPV,PT_Bio,2,2,0.0,6,0.0,1,10,5,1,1,1,1,MVP_DE_results_T_10_delta_5_scen_1_trial_1_inv_1_cap._1_cap.inc._1.json
OPV,PT_Bio,2,2,0.0,2,0.0,1,10,5,1,1,1,1,MVP_DE_results_T_10_delta_5_scen_1_trial_1_inv_1_cap._1_cap.inc._1.json
OPV,PT_Bio,2,2,0.0,3,0.0,1,10,5,1,1,1,1,MVP_DE_results_T_10_delta_5_scen_1_trial_1_inv_1_cap._1_cap.inc._1.json
OPV,PT_Bio,3,1,1.0,5,0.0,1,10,5,1,1,1,1,MVP_DE_results_T_10_delta_5_scen_1_trial_1_inv_1_cap._1_cap.inc._1.json
OPV,PT_Bio,3,1,1.0,4,0.0,1,10,5,1,1,1,1,MVP_DE_results_T_10_delta_5_scen_1_trial_1_inv_1_cap._1_cap.inc._1.json
OPV,PT_Bio,3,1,1.0,6,0.0,1,10,5,1,1,1,1,MVP_DE_results_T_10_delta_5_scen_1_trial_1_inv_1_cap._1_cap.inc._1.json
OPV,PT_Bio,3,1,1.0,7,0.0,1,10,5,1,1,1,1,MVP_DE_results_T_10_delta_5_scen_1_trial_1_inv_1_cap._1_cap.inc._1.json
OPV,PT_Bio,3,1,1.0,3,0.0,1,10,5,1,1,1,1,MVP_DE_results_T_10_delta_5_scen_1_trial_1_inv_1_cap._1_cap.inc._1.json
OPV,PT_Bio,3,2,-0.0,5,0.0,1,10,5,1,1,1,1,MVP_DE_results_T_10_delta_5_scen_1_trial_1_inv_1_cap._1_cap.inc._1.json
OPV,PT_Bio,3,2,-0.0,4,0.0,1,10,5,1,1,1,1,MVP_DE_results_T_10_delta_5_scen_1_trial_1_inv_1_cap._1_cap.inc._1.json
OPV,PT_Bio,3,2,-0.0,6,0.0,1,10,5,1,1,1,1,MVP_DE_results_T_10_delta_5_scen_1_trial_1_inv_1_cap._1_cap.inc._1.json
OPV,PT_Bio,3,2,-0.0,7,0.0,1,10,5,1,1,1,1,MVP_DE_results_T_10_delta_5_scen_1_trial_1_inv_1_cap._1_cap.inc._1.json
OPV,PT_Bio,3,2,-0.0,3,0.0,1,10,5,1,1,1,1,MVP_DE_results_T_10_delta_5_scen_1_trial_1_inv_1_cap._1_cap.inc._1.json
OPV,PT_Bio,4,1,1.0,5,0.0,1,10,5,1,1,1,1,MVP_DE_results_T_10_delta_5_scen_1_trial_1_inv_1_cap._1_cap.inc._1.json
OPV,PT_Bio,4,1,1.0,4,0.0,1,10,5,1,1,1,1,MVP_DE_results_T_10_delta_5_scen_1_trial_1_inv_1_cap._1_cap.inc._1.json
OPV,PT_Bio,4,1,1.0,6,0.0,1,10,5,1,1,1,1,MVP_DE_results_T_10_delta_5_scen_1_trial_1_inv_1_cap._1_cap.inc._1.json
OPV,PT_Bio,4,1,1.0,7,0.0,1,10,5,1,1,1,1,MVP_DE_results_T_10_delta_5_scen_1_trial_1_inv_1_cap._1_cap.inc._1.json
OPV,PT_Bio,4,1,1.0,8,9960.0,1,10,5,1,1,1,1,MVP_DE_results_T_10_delta_5_scen_1_trial_1_inv_1_cap._1_cap.inc._1.json
OPV,PT_Bio,4,2,0.0,5,0.0,1,10,5,1,1,1,1,MVP_DE_results_T_10_delta_5_scen_1_trial_1_inv_1_cap._1_cap.inc._1.json
OPV,PT_Bio,4,2,0.0,4,0.0,1,10,5,1,1,1,1,MVP_DE_results_T_10_delta_5_scen_1_trial_1_inv_1_cap._1_cap.inc._1.json
OPV,PT_Bio,4,2,0.0,6,0.0,1,10,5,1,1,1,1,MVP_DE_results_T_10_delta_5_scen_1_trial_1_inv_1_cap._1_cap.inc._1.json
OPV,PT_Bio,4,2,0.0,7,0.0,1,10,5,1,1,1,1,MVP_DE_results_T_10_delta_5_scen_1_trial_1_inv_1_cap._1_cap.inc._1.json
OPV,PT_Bio,4,2,0.0,8,0.0,1,10,5,1,1,1,1,MVP_DE_results_T_10_delta_5_scen_1_trial_1_inv_1_cap._1_cap.inc._1.json
OPV,PT_Bio,5,1,1.0,5,0.0,1,10,5,1,1,1,1,MVP_DE_results_T_10_delta_5_scen_1_trial_1_inv_1_cap._1_cap.inc._1.json
OPV,PT_Bio,5,1,1.0,6,0.0,1,10,5,1,1,1,1,MVP_DE_results_T_10_delta_5_scen_1_trial_1_inv_1_cap._1_cap.inc._1.json
OPV,PT_Bio,5,1,1.0,7,0.0,1,10,5,1,1,1,1,MVP_DE_results_T_10_delta_5_scen_1_trial_1_inv_1_cap._1_cap.inc._1.json
OPV,PT_Bio,5,1,1.0,9,0.0,1,10,5,1,1,1,1,MVP_DE_results_T_10_delta_5_scen_1_trial_1_inv_1_cap._1_cap.inc._1.json
OPV,PT_Bio,5,1,1.0,8,0.0,1,10,5,1,1,1,1,MVP_DE_results_T_10_delta_5_scen_1_trial_1_inv_1_cap._1_cap.inc._1.json
OPV,PT_Bio,5,2,-0.0,5,0.0,1,10,5,1,1,1,1,MVP_DE_results_T_10_delta_5_scen_1_trial_1_inv_1_cap._1_cap.inc._1.json
OPV,PT_Bio,5,2,-0.0,6,0.0,1,10,5,1,1,1,1,MVP_DE_results_T_10_delta_5_scen_1_trial_1_inv_1_cap._1_cap.inc._1.json
OPV,PT_Bio,5,2,-0.0,7,0.0,1,10,5,1,1,1,1,MVP_DE_results_T_10_delta_5_scen_1_trial_1_inv_1_cap._1_cap.inc._1.json
OPV,PT_Bio,5,2,-0.0,9,0.0,1,10,5,1,1,1,1,MVP_DE_results_T_10_delta_5_scen_1_trial_1_inv_1_cap._1_cap.inc._1.json
OPV,PT_Bio,5,2,-0.0,8,0.0,1,10,5,1,1,1,1,MVP_DE_results_T_10_delta_5_scen_1_trial_1_inv_1_cap._1_cap.inc._1.json
OPV,PT_Bio,6,1,1.0,6,0.0,1,10,5,1,1,1,1,MVP_DE_results_T_10_delta_5_scen_1_trial_1_inv_1_cap._1_cap.inc._1.json
OPV,PT_Bio,6,1,1.0,7,0.0,1,10,5,1,1,1,1,MVP_DE_results_T_10_delta_5_scen_1_trial_1_inv_1_cap._1_cap.inc._1.json
OPV,PT_Bio,6,1,1.0,10,0.0,1,10,5,1,1,1,1,MVP_DE_results_T_10_delta_5_scen_1_trial_1_inv_1_cap._1_cap.inc._1.json
OPV,PT_Bio,6,1,1.0,9,0.0,1,10,5,1,1,1,1,MVP_DE_results_T_10_delta_5_scen_1_trial_1_inv_1_cap._1_cap.inc._1.json
OPV,PT_Bio,6,1,1.0,8,0.0,1,10,5,1,1,1,1,MVP_DE_results_T_10_delta_5_scen_1_trial_1_inv_1_cap._1_cap.inc._1.json
OPV,PT_Bio,6,2,0.0,6,0.0,1,10,5,1,1,1,1,MVP_DE_results_T_10_delta_5_scen_1_trial_1_inv_1_cap._1_cap.inc._1.json
OPV,PT_Bio,6,2,0.0,7,0.0,1,10,5,1,1,1,1,MVP_DE_results_T_10_delta_5_scen_1_trial_1_inv_1_cap._1_cap.inc._1.json
OPV,PT_Bio,6,2,0.0,10,0.0,1,10,5,1,1,1,1,MVP_DE_results_T_10_delta_5_scen_1_trial_1_inv_1_cap._1_cap.inc._1.json
OPV,PT_Bio,6,2,0.0,9,0.0,1,10,5,1,1,1,1,MVP_DE_results_T_10_delta_5_scen_1_trial_1_inv_1_cap._1_cap.inc._1.json
OPV,PT_Bio,6,2,0.0,8,0.0,1,10,5,1,1,1,1,MVP_DE_results_T_10_delta_5_scen_1_trial_1_inv_1_cap._1_cap.inc._1.json
OPV,PT_Bio,7,1,1.0,7,0.0,1,10,5,1,1,1,1,MVP_DE_results_T_10_delta_5_scen_1_trial_1_inv_1_cap._1_cap.inc._1.json
OPV,PT_Bio,7,1,1.0,10,35328.0,1,10,5,1,1,1,1,MVP_DE_results_T_10_delta_5_scen_1_trial_1_inv_1_cap._1_cap.inc._1.json
OPV,PT_Bio,7,1,1.0,9,9960.0,1,10,5,1,1,1,1,MVP_DE_results_T_10_delta_5_scen_1_trial_1_inv_1_cap._1_cap.inc._1.json
OPV,PT_Bio,7,1,1.0,8,9960.0,1,10,5,1,1,1,1,MVP_DE_results_T_10_delta_5_scen_1_trial_1_inv_1_cap._1_cap.inc._1.json
OPV,PT_Bio,7,2,0.0,7,0.0,1,10,5,1,1,1,1,MVP_DE_results_T_10_delta_5_scen_1_trial_1_inv_1_cap._1_cap.inc._1.json
OPV,PT_Bio,7,2,0.0,10,0.0,1,10,5,1,1,1,1,MVP_DE_results_T_10_delta_5_scen_1_trial_1_inv_1_cap._1_cap.inc._1.json
OPV,PT_Bio,7,2,0.0,9,0.0,1,10,5,1,1,1,1,MVP_DE_results_T_10_delta_5_scen_1_trial_1_inv_1_cap._1_cap.inc._1.json
OPV,PT_Bio,7,2,0.0,8,0.0,1,10,5,1,1,1,1,MVP_DE_results_T_10_delta_5_scen_1_trial_1_inv_1_cap._1_cap.inc._1.json
OPV,PT_Bio,8,1,1.0,10,0.0,1,10,5,1,1,1,1,MVP_DE_results_T_10_delta_5_scen_1_trial_1_inv_1_cap._1_cap.inc._1.json
OPV,PT_Bio,8,1,1.0,9,0.0,1,10,5,1,1,1,1,MVP_DE_results_T_10_delta_5_scen_1_trial_1_inv_1_cap._1_cap.inc._1.json
OPV,PT_Bio,8,1,1.0,8,0.0,1,10,5,1,1,1,1,MVP_DE_results_T_10_delta_5_scen_1_trial_1_inv_1_cap._1_cap.inc._1.json
OPV,PT_Bio,8,2,0.0,10,0.0,1,10,5,1,1,1,1,MVP_DE_results_T_10_delta_5_scen_1_trial_1_inv_1_cap._1_cap.inc._1.json
OPV,PT_Bio,8,2,0.0,9,0.0,1,10,5,1,1,1,1,MVP_DE_results_T_10_delta_5_scen_1_trial_1_inv_1_cap._1_cap.inc._1.json
OPV,PT_Bio,8,2,0.0,8,0.0,1,10,5,1,1,1,1,MVP_DE_results_T_10_delta_5_scen_1_trial_1_inv_1_cap._1_cap.inc._1.json
OPV,PT_Bio,9,1,1.0,10,25368.0,1,10,5,1,1,1,1,MVP_DE_results_T_10_delta_5_scen_1_trial_1_inv_1_cap._1_cap.inc._1.json
OPV,PT_Bio,9,1,1.0,9,0.0,1,10,5,1,1,1,1,MVP_DE_results_T_10_delta_5_scen_1_trial_1_inv_1_cap._1_cap.inc._1.json
OPV,PT_Bio,9,2,0.0,10,0.0,1,10,5,1,1,1,1,MVP_DE_results_T_10_delta_5_scen_1_trial_1_inv_1_cap._1_cap.inc._1.json
OPV,PT_Bio,9,2,0.0,9,0.0,1,10,5,1,1,1,1,MVP_DE_results_T_10_delta_5_scen_1_trial_1_inv_1_cap._1_cap.inc._1.json
OPV,PT_Bio,10,1,1.0,10,25368.0,1,10,5,1,1,1,1,MVP_DE_results_T_10_delta_5_scen_1_trial_1_inv_1_cap._1_cap.inc._1.json
OPV,PT_Bio,10,2,0.0,10,0.0,1,10,5,1,1,1,1,MVP_DE_results_T_10_delta_5_scen_1_trial_1_inv_1_cap._1_cap.inc._1.json
OPV,Panacea_Biotec,1,1,1.0,5,0.0,1,10,5,1,1,1,1,MVP_DE_results_T_10_delta_5_scen_1_trial_1_inv_1_cap._1_cap.inc._1.json
OPV,Panacea_Biotec,1,1,1.0,4,0.0,1,10,5,1,1,1,1,MVP_DE_results_T_10_delta_5_scen_1_trial_1_inv_1_cap._1_cap.inc._1.json
OPV,Panacea_Biotec,1,1,1.0,2,0.0,1,10,5,1,1,1,1,MVP_DE_results_T_10_delta_5_scen_1_trial_1_inv_1_cap._1_cap.inc._1.json
OPV,Panacea_Biotec,1,1,1.0,3,0.0,1,10,5,1,1,1,1,MVP_DE_results_T_10_delta_5_scen_1_trial_1_inv_1_cap._1_cap.inc._1.json
OPV,Panacea_Biotec,1,1,1.0,1,48490.0,1,10,5,1,1,1,1,MVP_DE_results_T_10_delta_5_scen_1_trial_1_inv_1_cap._1_cap.inc._1.json
OPV,Panacea_Biotec,1,2,0.0,5,0.0,1,10,5,1,1,1,1,MVP_DE_results_T_10_delta_5_scen_1_trial_1_inv_1_cap._1_cap.inc._1.json
OPV,Panacea_Biotec,1,2,0.0,4,0.0,1,10,5,1,1,1,1,MVP_DE_results_T_10_delta_5_scen_1_trial_1_inv_1_cap._1_cap.inc._1.json
OPV,Panacea_Biotec,1,2,0.0,2,0.0,1,10,5,1,1,1,1,MVP_DE_results_T_10_delta_5_scen_1_trial_1_inv_1_cap._1_cap.inc._1.json
OPV,Panacea_Biotec,1,2,0.0,3,0.0,1,10,5,1,1,1,1,MVP_DE_results_T_10_delta_5_scen_1_trial_1_inv_1_cap._1_cap.inc._1.json
OPV,Panacea_Biotec,1,2,0.0,1,0.0,1,10,5,1,1,1,1,MVP_DE_results_T_10_delta_5_scen_1_trial_1_inv_1_cap._1_cap.inc._1.json
OPV,Panacea_Biotec,2,1,1.0,5,60100.0,1,10,5,1,1,1,1,MVP_DE_results_T_10_delta_5_scen_1_trial_1_inv_1_cap._1_cap.inc._1.json
OPV,Panacea_Biotec,2,1,1.0,4,60100.0,1,10,5,1,1,1,1,MVP_DE_results_T_10_delta_5_scen_1_trial_1_inv_1_cap._1_cap.inc._1.json
OPV,Panacea_Biotec,2,1,1.0,6,60100.0,1,10,5,1,1,1,1,MVP_DE_results_T_10_delta_5_scen_1_trial_1_inv_1_cap._1_cap.inc._1.json
OPV,Panacea_Biotec,2,1,1.0,2,16680.0,1,10,5,1,1,1,1,MVP_DE_results_T_10_delta_5_scen_1_trial_1_inv_1_cap._1_cap.inc._1.json
OPV,Panacea_Biotec,2,1,1.0,3,46450.0,1,10,5,1,1,1,1,MVP_DE_results_T_10_delta_5_scen_1_trial_1_inv_1_cap._1_cap.inc._1.json
OPV,Panacea_Biotec,2,2,0.0,5,0.0,1,10,5,1,1,1,1,MVP_DE_results_T_10_delta_5_scen_1_trial_1_inv_1_cap._1_cap.inc._1.json
OPV,Panacea_Biotec,2,2,0.0,4,0.0,1,10,5,1,1,1,1,MVP_DE_results_T_10_delta_5_scen_1_trial_1_inv_1_cap._1_cap.inc._1.json
OPV,Panacea_Biotec,2,2,0.0,6,0.0,1,10,5,1,1,1,1,MVP_DE_results_T_10_delta_5_scen_1_trial_1_inv_1_cap._1_cap.inc._1.json
OPV,Panacea_Biotec,2,2,0.0,2,0.0,1,10,5,1,1,1,1,MVP_DE_results_T_10_delta_5_scen_1_trial_1_inv_1_cap._1_cap.inc._1.json
OPV,Panacea_Biotec,2,2,0.0,3,0.0,1,10,5,1,1,1,1,MVP_DE_results_T_10_delta_5_scen_1_trial_1_inv_1_cap._1_cap.inc._1.json
OPV,Panacea_Biotec,3,1,1.0,5,43420.0,1,10,5,1,1,1,1,MVP_DE_results_T_10_delta_5_scen_1_trial_1_inv_1_cap._1_cap.inc._1.json
OPV,Panacea_Biotec,3,1,1.0,4,43420.0,1,10,5,1,1,1,1,MVP_DE_results_T_10_delta_5_scen_1_trial_1_inv_1_cap._1_cap.inc._1.json
OPV,Panacea_Biotec,3,1,1.0,6,43420.0,1,10,5,1,1,1,1,MVP_DE_results_T_10_delta_5_scen_1_trial_1_inv_1_cap._1_cap.inc._1.json
OPV,Panacea_Biotec,3,1,1.0,7,60100.0,1,10,5,1,1,1,1,MVP_DE_results_T_10_delta_5_scen_1_trial_1_inv_1_cap._1_cap.inc._1.json
OPV,Panacea_Biotec,3,1,1.0,3,29770.0,1,10,5,1,1,1,1,MVP_DE_results_T_10_delta_5_scen_1_trial_1_inv_1_cap._1_cap.inc._1.json
OPV,Panacea_Biotec,3,2,0.0,5,0.0,1,10,5,1,1,1,1,MVP_DE_results_T_10_delta_5_scen_1_trial_1_inv_1_cap._1_cap.inc._1.json
OPV,Panacea_Biotec,3,2,0.0,4,0.0,1,10,5,1,1,1,1,MVP_DE_results_T_10_delta_5_scen_1_trial_1_inv_1_cap._1_cap.inc._1.json
OPV,Panacea_Biotec,3,2,0.0,6,0.0,1,10,5,1,1,1,1,MVP_DE_results_T_10_delta_5_scen_1_trial_1_inv_1_cap._1_cap.inc._1.json
OPV,Panacea_Biotec,3,2,0.0,7,0.0,1,10,5,1,1,1,1,MVP_DE_results_T_10_delta_5_scen_1_trial_1_inv_1_cap._1_cap.inc._1.json
OPV,Panacea_Biotec,3,2,0.0,3,0.0,1,10,5,1,1,1,1,MVP_DE_results_T_10_delta_5_scen_1_trial_1_inv_1_cap._1_cap.inc._1.json
OPV,Panacea_Biotec,4,1,1.0,5,13650.0,1,10,5,1,1,1,1,MVP_DE_results_T_10_delta_5_scen_1_trial_1_inv_1_cap._1_cap.inc._1.json
OPV,Panacea_Biotec,4,1,1.0,4,13650.0,1,10,5,1,1,1,1,MVP_DE_results_T_10_delta_5_scen_1_trial_1_inv_1_cap._1_cap.inc._1.json
OPV,Panacea_Biotec,4,1,1.0,6,13650.0,1,10,5,1,1,1,1,MVP_DE_results_T_10_delta_5_scen_1_trial_1_inv_1_cap._1_cap.inc._1.json
OPV,Panacea_Biotec,4,1,1.0,7,30330.0,1,10,5,1,1,1,1,MVP_DE_results_T_10_delta_5_scen_1_trial_1_inv_1_cap._1_cap.inc._1.json
OPV,Panacea_Biotec,4,1,1.0,8,60100.0,1,10,5,1,1,1,1,MVP_DE_results_T_10_delta_5_scen_1_trial_1_inv_1_cap._1_cap.inc._1.json
OPV,Panacea_Biotec,4,2,0.0,5,0.0,1,10,5,1,1,1,1,MVP_DE_results_T_10_delta_5_scen_1_trial_1_inv_1_cap._1_cap.inc._1.json
OPV,Panacea_Biotec,4,2,0.0,4,0.0,1,10,5,1,1,1,1,MVP_DE_results_T_10_delta_5_scen_1_trial_1_inv_1_cap._1_cap.inc._1.json
OPV,Panacea_Biotec,4,2,0.0,6,0.0,1,10,5,1,1,1,1,MVP_DE_results_T_10_delta_5_scen_1_trial_1_inv_1_cap._1_cap.inc._1.json
OPV,Panacea_Biotec,4,2,0.0,7,0.0,1,10,5,1,1,1,1,MVP_DE_results_T_10_delta_5_scen_1_trial_1_inv_1_cap._1_cap.inc._1.json
OPV,Panacea_Biotec,4,2,0.0,8,0.0,1,10,5,1,1,1,1,MVP_DE_results_T_10_delta_5_scen_1_trial_1_inv_1_cap._1_cap.inc._1.json
OPV,Panacea_Biotec,5,1,1.0,5,0.0,1,10,5,1,1,1,1,MVP_DE_results_T_10_delta_5_scen_1_trial_1_inv_1_cap._1_cap.inc._1.json
OPV,Panacea_Biotec,5,1,1.0,6,0.0,1,10,5,1,1,1,1,MVP_DE_results_T_10_delta_5_scen_1_trial_1_inv_1_cap._1_cap.inc._1.json
OPV,Panacea_Biotec,5,1,1.0,7,0.0,1,10,5,1,1,1,1,MVP_DE_results_T_10_delta_5_scen_1_trial_1_inv_1_cap._1_cap.inc._1.json
OPV,Panacea_Biotec,5,1,1.0,9,0.0,1,10,5,1,1,1,1,MVP_DE_results_T_10_delta_5_scen_1_trial_1_inv_1_cap._1_cap.inc._1.json
OPV,Panacea_Biotec,5,1,1.0,8,0.0,1,10,5,1,1,1,1,MVP_DE_results_T_10_delta_5_scen_1_trial_1_inv_1_cap._1_cap.inc._1.json
OPV,Panacea_Biotec,5,2,-0.0,5,0.0,1,10,5,1,1,1,1,MVP_DE_results_T_10_delta_5_scen_1_trial_1_inv_1_cap._1_cap.inc._1.json
OPV,Panacea_Biotec,5,2,-0.0,6,0.0,1,10,5,1,1,1,1,MVP_DE_results_T_10_delta_5_scen_1_trial_1_inv_1_cap._1_cap.inc._1.json
OPV,Panacea_Biotec,5,2,-0.0,7,0.0,1,10,5,1,1,1,1,MVP_DE_results_T_10_delta_5_scen_1_trial_1_inv_1_cap._1_cap.inc._1.json
OPV,Panacea_Biotec,5,2,-0.0,9,0.0,1,10,5,1,1,1,1,MVP_DE_results_T_10_delta_5_scen_1_trial_1_inv_1_cap._1_cap.inc._1.json
OPV,Panacea_Biotec,5,2,-0.0,8,0.0,1,10,5,1,1,1,1,MVP_DE_results_T_10_delta_5_scen_1_trial_1_inv_1_cap._1_cap.inc._1.json
OPV,Panacea_Biotec,6,1,1.0,6,0.0,1,10,5,1,1,1,1,MVP_DE_results_T_10_delta_5_scen_1_trial_1_inv_1_cap._1_cap.inc._1.json
OPV,Panacea_Biotec,6,1,1.0,7,0.0,1,10,5,1,1,1,1,MVP_DE_results_T_10_delta_5_scen_1_trial_1_inv_1_cap._1_cap.inc._1.json
OPV,Panacea_Biotec,6,1,1.0,10,0.0,1,10,5,1,1,1,1,MVP_DE_results_T_10_delta_5_scen_1_trial_1_inv_1_cap._1_cap.inc._1.json
OPV,Panacea_Biotec,6,1,1.0,9,0.0,1,10,5,1,1,1,1,MVP_DE_results_T_10_delta_5_scen_1_trial_1_inv_1_cap._1_cap.inc._1.json
OPV,Panacea_Biotec,6,1,1.0,8,0.0,1,10,5,1,1,1,1,MVP_DE_results_T_10_delta_5_scen_1_trial_1_inv_1_cap._1_cap.inc._1.json
OPV,Panacea_Biotec,6,2,-0.0,6,0.0,1,10,5,1,1,1,1,MVP_DE_results_T_10_delta_5_scen_1_trial_1_inv_1_cap._1_cap.inc._1.json
OPV,Panacea_Biotec,6,2,-0.0,7,0.0,1,10,5,1,1,1,1,MVP_DE_results_T_10_delta_5_scen_1_trial_1_inv_1_cap._1_cap.inc._1.json
OPV,Panacea_Biotec,6,2,-0.0,10,0.0,1,10,5,1,1,1,1,MVP_DE_results_T_10_delta_5_scen_1_trial_1_inv_1_cap._1_cap.inc._1.json
OPV,Panacea_Biotec,6,2,-0.0,9,0.0,1,10,5,1,1,1,1,MVP_DE_results_T_10_delta_5_scen_1_trial_1_inv_1_cap._1_cap.inc._1.json
OPV,Panacea_Biotec,6,2,-0.0,8,0.0,1,10,5,1,1,1,1,MVP_DE_results_T_10_delta_5_scen_1_trial_1_inv_1_cap._1_cap.inc._1.json
OPV,Panacea_Biotec,7,1,0.0,7,0.0,1,10,5,1,1,1,1,MVP_DE_results_T_10_delta_5_scen_1_trial_1_inv_1_cap._1_cap.inc._1.json
OPV,Panacea_Biotec,7,1,0.0,10,0.0,1,10,5,1,1,1,1,MVP_DE_results_T_10_delta_5_scen_1_trial_1_inv_1_cap._1_cap.inc._1.json
OPV,Panacea_Biotec,7,1,0.0,9,0.0,1,10,5,1,1,1,1,MVP_DE_results_T_10_delta_5_scen_1_trial_1_inv_1_cap._1_cap.inc._1.json
OPV,Panacea_Biotec,7,1,0.0,8,0.0,1,10,5,1,1,1,1,MVP_DE_results_T_10_delta_5_scen_1_trial_1_inv_1_cap._1_cap.inc._1.json
OPV,Panacea_Biotec,7,2,1.0,7,60000.0,1,10,5,1,1,1,1,MVP_DE_results_T_10_delta_5_scen_1_trial_1_inv_1_cap._1_cap.inc._1.json
OPV,Panacea_Biotec,7,2,1.0,10,268560.0,1,10,5,1,1,1,1,MVP_DE_results_T_10_delta_5_scen_1_trial_1_inv_1_cap._1_cap.inc._1.json
OPV,Panacea_Biotec,7,2,1.0,9,151660.0,1,10,5,1,1,1,1,MVP_DE_results_T_10_delta_5_scen_1_trial_1_inv_1_cap._1_cap.inc._1.json
OPV,Panacea_Biotec,7,2,1.0,8,60000.0,1,10,5,1,1,1,1,MVP_DE_results_T_10_delta_5_scen_1_trial_1_inv_1_cap._1_cap.inc._1.json
OPV,Panacea_Biotec,8,1,1.0,10,0.0,1,10,5,1,1,1,1,MVP_DE_results_T_10_delta_5_scen_1_trial_1_inv_1_cap._1_cap.inc._1.json
OPV,Panacea_Biotec,8,1,1.0,9,0.0,1,10,5,1,1,1,1,MVP_DE_results_T_10_delta_5_scen_1_trial_1_inv_1_cap._1_cap.inc._1.json
OPV,Panacea_Biotec,8,1,1.0,8,0.0,1,10,5,1,1,1,1,MVP_DE_results_T_10_delta_5_scen_1_trial_1_inv_1_cap._1_cap.inc._1.json
OPV,Panacea_Biotec,8,2,-0.0,10,0.0,1,10,5,1,1,1,1,MVP_DE_results_T_10_delta_5_scen_1_trial_1_inv_1_cap._1_cap.inc._1.json
OPV,Panacea_Biotec,8,2,-0.0,9,0.0,1,10,5,1,1,1,1,MVP_DE_results_T_10_delta_5_scen_1_trial_1_inv_1_cap._1_cap.inc._1.json
OPV,Panacea_Biotec,8,2,-0.0,8,0.0,1,10,5,1,1,1,1,MVP_DE_results_T_10_delta_5_scen_1_trial_1_inv_1_cap._1_cap.inc._1.json
OPV,Panacea_Biotec,9,1,0.0,10,0.0,1,10,5,1,1,1,1,MVP_DE_results_T_10_delta_5_scen_1_trial_1_inv_1_cap._1_cap.inc._1.json
OPV,Panacea_Biotec,9,1,0.0,9,0.0,1,10,5,1,1,1,1,MVP_DE_results_T_10_delta_5_scen_1_trial_1_inv_1_cap._1_cap.inc._1.json
OPV,Panacea_Biotec,9,2,1.0,10,222110.0,1,10,5,1,1,1,1,MVP_DE_results_T_10_delta_5_scen_1_trial_1_inv_1_cap._1_cap.inc._1.json
OPV,Panacea_Biotec,9,2,1.0,9,105210.0,1,10,5,1,1,1,1,MVP_DE_results_T_10_delta_5_scen_1_trial_1_inv_1_cap._1_cap.inc._1.json
OPV,Panacea_Biotec,10,1,0.0,10,0.0,1,10,5,1,1,1,1,MVP_DE_results_T_10_delta_5_scen_1_trial_1_inv_1_cap._1_cap.inc._1.json
OPV,Panacea_Biotec,10,2,1.0,10,116900.0,1,10,5,1,1,1,1,MVP_DE_results_T_10_delta_5_scen_1_trial_1_inv_1_cap._1_cap.inc._1.json
OPV,Sanofi,1,1,1.0,5,0.0,1,10,5,1,1,1,1,MVP_DE_results_T_10_delta_5_scen_1_trial_1_inv_1_cap._1_cap.inc._1.json
OPV,Sanofi,1,1,1.0,4,0.0,1,10,5,1,1,1,1,MVP_DE_results_T_10_delta_5_scen_1_trial_1_inv_1_cap._1_cap.inc._1.json
OPV,Sanofi,1,1,1.0,2,0.0,1,10,5,1,1,1,1,MVP_DE_results_T_10_delta_5_scen_1_trial_1_inv_1_cap._1_cap.inc._1.json
OPV,Sanofi,1,1,1.0,3,0.0,1,10,5,1,1,1,1,MVP_DE_results_T_10_delta_5_scen_1_trial_1_inv_1_cap._1_cap.inc._1.json
OPV,Sanofi,1,1,1.0,1,973.0,1,10,5,1,1,1,1,MVP_DE_results_T_10_delta_5_scen_1_trial_1_inv_1_cap._1_cap.inc._1.json
OPV,Sanofi,1,2,0.0,5,0.0,1,10,5,1,1,1,1,MVP_DE_results_T_10_delta_5_scen_1_trial_1_inv_1_cap._1_cap.inc._1.json
OPV,Sanofi,1,2,0.0,4,0.0,1,10,5,1,1,1,1,MVP_DE_results_T_10_delta_5_scen_1_trial_1_inv_1_cap._1_cap.inc._1.json
OPV,Sanofi,1,2,0.0,2,0.0,1,10,5,1,1,1,1,MVP_DE_results_T_10_delta_5_scen_1_trial_1_inv_1_cap._1_cap.inc._1.json
OPV,Sanofi,1,2,0.0,3,0.0,1,10,5,1,1,1,1,MVP_DE_results_T_10_delta_5_scen_1_trial_1_inv_1_cap._1_cap.inc._1.json
OPV,Sanofi,1,2,0.0,1,0.0,1,10,5,1,1,1,1,MVP_DE_results_T_10_delta_5_scen_1_trial_1_inv_1_cap._1_cap.inc._1.json
OPV,Sanofi,2,1,1.0,5,13622.0,1,10,5,1,1,1,1,MVP_DE_results_T_10_delta_5_scen_1_trial_1_inv_1_cap._1_cap.inc._1.json
OPV,Sanofi,2,1,1.0,4,8757.0,1,10,5,1,1,1,1,MVP_DE_results_T_10_delta_5_scen_1_trial_1_inv_1_cap._1_cap.inc._1.json
OPV,Sanofi,2,1,1.0,6,19460.0,1,10,5,1,1,1,1,MVP_DE_results_T_10_delta_5_scen_1_trial_1_inv_1_cap._1_cap.inc._1.json
OPV,Sanofi,2,1,1.0,2,1946.0,1,10,5,1,1,1,1,MVP_DE_results_T_10_delta_5_scen_1_trial_1_inv_1_cap._1_cap.inc._1.json
OPV,Sanofi,2,1,1.0,3,4865.0,1,10,5,1,1,1,1,MVP_DE_results_T_10_delta_5_scen_1_trial_1_inv_1_cap._1_cap.inc._1.json
OPV,Sanofi,2,2,0.0,5,0.0,1,10,5,1,1,1,1,MVP_DE_results_T_10_delta_5_scen_1_trial_1_inv_1_cap._1_cap.inc._1.json
OPV,Sanofi,2,2,0.0,4,0.0,1,10,5,1,1,1,1,MVP_DE_results_T_10_delta_5_scen_1_trial_1_inv_1_cap._1_cap.inc._1.json
OPV,Sanofi,2,2,0.0,6,0.0,1,10,5,1,1,1,1,MVP_DE_results_T_10_delta_5_scen_1_trial_1_inv_1_cap._1_cap.inc._1.json
OPV,Sanofi,2,2,0.0,2,0.0,1,10,5,1,1,1,1,MVP_DE_results_T_10_delta_5_scen_1_trial_1_inv_1_cap._1_cap.inc._1.json
OPV,Sanofi,2,2,0.0,3,0.0,1,10,5,1,1,1,1,MVP_DE_results_T_10_delta_5_scen_1_trial_1_inv_1_cap._1_cap.inc._1.json
OPV,Sanofi,3,1,1.0,5,11676.0,1,10,5,1,1,1,1,MVP_DE_results_T_10_delta_5_scen_1_trial_1_inv_1_cap._1_cap.inc._1.json
OPV,Sanofi,3,1,1.0,4,6811.0,1,10,5,1,1,1,1,MVP_DE_results_T_10_delta_5_scen_1_trial_1_inv_1_cap._1_cap.inc._1.json
OPV,Sanofi,3,1,1.0,6,17514.0,1,10,5,1,1,1,1,MVP_DE_results_T_10_delta_5_scen_1_trial_1_inv_1_cap._1_cap.inc._1.json
OPV,Sanofi,3,1,1.0,7,17514.0,1,10,5,1,1,1,1,MVP_DE_results_T_10_delta_5_scen_1_trial_1_inv_1_cap._1_cap.inc._1.json
OPV,Sanofi,3,1,1.0,3,2919.0,1,10,5,1,1,1,1,MVP_DE_results_T_10_delta_5_scen_1_trial_1_inv_1_cap._1_cap.inc._1.json
OPV,Sanofi,3,2,0.0,5,0.0,1,10,5,1,1,1,1,MVP_DE_results_T_10_delta_5_scen_1_trial_1_inv_1_cap._1_cap.inc._1.json
OPV,Sanofi,3,2,0.0,4,0.0,1,10,5,1,1,1,1,MVP_DE_results_T_10_delta_5_scen_1_trial_1_inv_1_cap._1_cap.inc._1.json
OPV,Sanofi,3,2,0.0,6,0.0,1,10,5,1,1,1,1,MVP_DE_results_T_10_delta_5_scen_1_trial_1_inv_1_cap._1_cap.inc._1.json
OPV,Sanofi,3,2,0.0,7,0.0,1,10,5,1,1,1,1,MVP_DE_results_T_10_delta_5_scen_1_trial_1_inv_1_cap._1_cap.inc._1.json
OPV,Sanofi,3,2,0.0,3,0.0,1,10,5,1,1,1,1,MVP_DE_results_T_10_delta_5_scen_1_trial_1_inv_1_cap._1_cap.inc._1.json
OPV,Sanofi,4,1,1.0,5,8757.0,1,10,5,1,1,1,1,MVP_DE_results_T_10_delta_5_scen_1_trial_1_inv_1_cap._1_cap.inc._1.json
OPV,Sanofi,4,1,1.0,4,3892.0,1,10,5,1,1,1,1,MVP_DE_results_T_10_delta_5_scen_1_trial_1_inv_1_cap._1_cap.inc._1.json
OPV,Sanofi,4,1,1.0,6,14595.0,1,10,5,1,1,1,1,MVP_DE_results_T_10_delta_5_scen_1_trial_1_inv_1_cap._1_cap.inc._1.json
OPV,Sanofi,4,1,1.0,7,14595.0,1,10,5,1,1,1,1,MVP_DE_results_T_10_delta_5_scen_1_trial_1_inv_1_cap._1_cap.inc._1.json
OPV,Sanofi,4,1,1.0,8,14595.0,1,10,5,1,1,1,1,MVP_DE_results_T_10_delta_5_scen_1_trial_1_inv_1_cap._1_cap.inc._1.json
OPV,Sanofi,4,2,0.0,5,0.0,1,10,5,1,1,1,1,MVP_DE_results_T_10_delta_5_scen_1_trial_1_inv_1_cap._1_cap.inc._1.json
OPV,Sanofi,4,2,0.0,4,0.0,1,10,5,1,1,1,1,MVP_DE_results_T_10_delta_5_scen_1_trial_1_inv_1_cap._1_cap.inc._1.json
OPV,Sanofi,4,2,0.0,6,0.0,1,10,5,1,1,1,1,MVP_DE_results_T_10_delta_5_scen_1_trial_1_inv_1_cap._1_cap.inc._1.json
OPV,Sanofi,4,2,0.0,7,0.0,1,10,5,1,1,1,1,MVP_DE_results_T_10_delta_5_scen_1_trial_1_inv_1_cap._1_cap.inc._1.json
OPV,Sanofi,4,2,0.0,8,0.0,1,10,5,1,1,1,1,MVP_DE_results_T_10_delta_5_scen_1_trial_1_inv_1_cap._1_cap.inc._1.json
OPV,Sanofi,5,1,1.0,5,0.0,1,10,5,1,1,1,1,MVP_DE_results_T_10_delta_5_scen_1_trial_1_inv_1_cap._1_cap.inc._1.json
OPV,Sanofi,5,1,1.0,6,0.0,1,10,5,1,1,1,1,MVP_DE_results_T_10_delta_5_scen_1_trial_1_inv_1_cap._1_cap.inc._1.json
OPV,Sanofi,5,1,1.0,7,0.0,1,10,5,1,1,1,1,MVP_DE_results_T_10_delta_5_scen_1_trial_1_inv_1_cap._1_cap.inc._1.json
OPV,Sanofi,5,1,1.0,9,0.0,1,10,5,1,1,1,1,MVP_DE_results_T_10_delta_5_scen_1_trial_1_inv_1_cap._1_cap.inc._1.json
OPV,Sanofi,5,1,1.0,8,0.0,1,10,5,1,1,1,1,MVP_DE_results_T_10_delta_5_scen_1_trial_1_inv_1_cap._1_cap.inc._1.json
OPV,Sanofi,5,2,0.0,5,0.0,1,10,5,1,1,1,1,MVP_DE_results_T_10_delta_5_scen_1_trial_1_inv_1_cap._1_cap.inc._1.json
OPV,Sanofi,5,2,0.0,6,0.0,1,10,5,1,1,1,1,MVP_DE_results_T_10_delta_5_scen_1_trial_1_inv_1_cap._1_cap.inc._1.json
OPV,Sanofi,5,2,0.0,7,0.0,1,10,5,1,1,1,1,MVP_DE_results_T_10_delta_5_scen_1_trial_1_inv_1_cap._1_cap.inc._1.json
OPV,Sanofi,5,2,0.0,9,0.0,1,10,5,1,1,1,1,MVP_DE_results_T_10_delta_5_scen_1_trial_1_inv_1_cap._1_cap.inc._1.json
OPV,Sanofi,5,2,0.0,8,0.0,1,10,5,1,1,1,1,MVP_DE_results_T_10_delta_5_scen_1_trial_1_inv_1_cap._1_cap.inc._1.json
OPV,Sanofi,6,1,1.0,6,0.0,1,10,5,1,1,1,1,MVP_DE_results_T_10_delta_5_scen_1_trial_1_inv_1_cap._1_cap.inc._1.json
OPV,Sanofi,6,1,1.0,7,0.0,1,10,5,1,1,1,1,MVP_DE_results_T_10_delta_5_scen_1_trial_1_inv_1_cap._1_cap.inc._1.json
OPV,Sanofi,6,1,1.0,10,0.0,1,10,5,1,1,1,1,MVP_DE_results_T_10_delta_5_scen_1_trial_1_inv_1_cap._1_cap.inc._1.json
OPV,Sanofi,6,1,1.0,9,0.0,1,10,5,1,1,1,1,MVP_DE_results_T_10_delta_5_scen_1_trial_1_inv_1_cap._1_cap.inc._1.json
OPV,Sanofi,6,1,1.0,8,0.0,1,10,5,1,1,1,1,MVP_DE_results_T_10_delta_5_scen_1_trial_1_inv_1_cap._1_cap.inc._1.json
OPV,Sanofi,6,2,0.0,6,0.0,1,10,5,1,1,1,1,MVP_DE_results_T_10_delta_5_scen_1_trial_1_inv_1_cap._1_cap.inc._1.json
OPV,Sanofi,6,2,0.0,7,0.0,1,10,5,1,1,1,1,MVP_DE_results_T_10_delta_5_scen_1_trial_1_inv_1_cap._1_cap.inc._1.json
OPV,Sanofi,6,2,0.0,10,0.0,1,10,5,1,1,1,1,MVP_DE_results_T_10_delta_5_scen_1_trial_1_inv_1_cap._1_cap.inc._1.json
OPV,Sanofi,6,2,0.0,9,0.0,1,10,5,1,1,1,1,MVP_DE_results_T_10_delta_5_scen_1_trial_1_inv_1_cap._1_cap.inc._1.json
OPV,Sanofi,6,2,0.0,8,0.0,1,10,5,1,1,1,1,MVP_DE_results_T_10_delta_5_scen_1_trial_1_inv_1_cap._1_cap.inc._1.json
OPV,Sanofi,7,1,1.0,7,0.0,1,10,5,1,1,1,1,MVP_DE_results_T_10_delta_5_scen_1_trial_1_inv_1_cap._1_cap.inc._1.json
OPV,Sanofi,7,1,1.0,10,924.0,1,10,5,1,1,1,1,MVP_DE_results_T_10_delta_5_scen_1_trial_1_inv_1_cap._1_cap.inc._1.json
OPV,Sanofi,7,1,1.0,9,0.0,1,10,5,1,1,1,1,MVP_DE_results_T_10_delta_5_scen_1_trial_1_inv_1_cap._1_cap.inc._1.json
OPV,Sanofi,7,1,1.0,8,0.0,1,10,5,1,1,1,1,MVP_DE_results_T_10_delta_5_scen_1_trial_1_inv_1_cap._1_cap.inc._1.json
OPV,Sanofi,7,2,0.0,7,0.0,1,10,5,1,1,1,1,MVP_DE_results_T_10_delta_5_scen_1_trial_1_inv_1_cap._1_cap.inc._1.json
OPV,Sanofi,7,2,0.0,10,0.0,1,10,5,1,1,1,1,MVP_DE_results_T_10_delta_5_scen_1_trial_1_inv_1_cap._1_cap.inc._1.json
OPV,Sanofi,7,2,0.0,9,0.0,1,10,5,1,1,1,1,MVP_DE_results_T_10_delta_5_scen_1_trial_1_inv_1_cap._1_cap.inc._1.json
OPV,Sanofi,7,2,0.0,8,0.0,1,10,5,1,1,1,1,MVP_DE_results_T_10_delta_5_scen_1_trial_1_inv_1_cap._1_cap.inc._1.json
OPV,Sanofi,8,1,1.0,10,0.0,1,10,5,1,1,1,1,MVP_DE_results_T_10_delta_5_scen_1_trial_1_inv_1_cap._1_cap.inc._1.json
OPV,Sanofi,8,1,1.0,9,0.0,1,10,5,1,1,1,1,MVP_DE_results_T_10_delta_5_scen_1_trial_1_inv_1_cap._1_cap.inc._1.json
OPV,Sanofi,8,1,1.0,8,0.0,1,10,5,1,1,1,1,MVP_DE_results_T_10_delta_5_scen_1_trial_1_inv_1_cap._1_cap.inc._1.json
OPV,Sanofi,8,2,0.0,10,0.0,1,10,5,1,1,1,1,MVP_DE_results_T_10_delta_5_scen_1_trial_1_inv_1_cap._1_cap.inc._1.json
OPV,Sanofi,8,2,0.0,9,0.0,1,10,5,1,1,1,1,MVP_DE_results_T_10_delta_5_scen_1_trial_1_inv_1_cap._1_cap.inc._1.json
OPV,Sanofi,8,2,0.0,8,0.0,1,10,5,1,1,1,1,MVP_DE_results_T_10_delta_5_scen_1_trial_1_inv_1_cap._1_cap.inc._1.json
OPV,Sanofi,9,1,1.0,10,924.0,1,10,5,1,1,1,1,MVP_DE_results_T_10_delta_5_scen_1_trial_1_inv_1_cap._1_cap.inc._1.json
OPV,Sanofi,9,1,1.0,9,0.0,1,10,5,1,1,1,1,MVP_DE_results_T_10_delta_5_scen_1_trial_1_inv_1_cap._1_cap.inc._1.json
OPV,Sanofi,9,2,0.0,10,0.0,1,10,5,1,1,1,1,MVP_DE_results_T_10_delta_5_scen_1_trial_1_inv_1_cap._1_cap.inc._1.json
OPV,Sanofi,9,2,0.0,9,0.0,1,10,5,1,1,1,1,MVP_DE_results_T_10_delta_5_scen_1_trial_1_inv_1_cap._1_cap.inc._1.json
OPV,Sanofi,10,1,1.0,10,924.0,1,10,5,1,1,1,1,MVP_DE_results_T_10_delta_5_scen_1_trial_1_inv_1_cap._1_cap.inc._1.json
OPV,Sanofi,10,2,0.0,10,0.0,1,10,5,1,1,1,1,MVP_DE_results_T_10_delta_5_scen_1_trial_1_inv_1_cap._1_cap.inc._1.json
OPV,Serum_Institute,1,1,1.0,5,0.0,1,10,5,1,1,1,1,MVP_DE_results_T_10_delta_5_scen_1_trial_1_inv_1_cap._1_cap.inc._1.json
OPV,Serum_Institute,1,1,1.0,4,0.0,1,10,5,1,1,1,1,MVP_DE_results_T_10_delta_5_scen_1_trial_1_inv_1_cap._1_cap.inc._1.json
OPV,Serum_Institute,1,1,1.0,2,0.0,1,10,5,1,1,1,1,MVP_DE_results_T_10_delta_5_scen_1_trial_1_inv_1_cap._1_cap.inc._1.json
OPV,Serum_Institute,1,1,1.0,3,0.0,1,10,5,1,1,1,1,MVP_DE_results_T_10_delta_5_scen_1_trial_1_inv_1_cap._1_cap.inc._1.json
OPV,Serum_Institute,1,1,1.0,1,0.0,1,10,5,1,1,1,1,MVP_DE_results_T_10_delta_5_scen_1_trial_1_inv_1_cap._1_cap.inc._1.json
OPV,Serum_Institute,1,2,0.0,5,0.0,1,10,5,1,1,1,1,MVP_DE_results_T_10_delta_5_scen_1_trial_1_inv_1_cap._1_cap.inc._1.json
OPV,Serum_Institute,1,2,0.0,4,0.0,1,10,5,1,1,1,1,MVP_DE_results_T_10_delta_5_scen_1_trial_1_inv_1_cap._1_cap.inc._1.json
OPV,Serum_Institute,1,2,0.0,2,0.0,1,10,5,1,1,1,1,MVP_DE_results_T_10_delta_5_scen_1_trial_1_inv_1_cap._1_cap.inc._1.json
OPV,Serum_Institute,1,2,0.0,3,0.0,1,10,5,1,1,1,1,MVP_DE_results_T_10_delta_5_scen_1_trial_1_inv_1_cap._1_cap.inc._1.json
OPV,Serum_Institute,1,2,0.0,1,0.0,1,10,5,1,1,1,1,MVP_DE_results_T_10_delta_5_scen_1_trial_1_inv_1_cap._1_cap.inc._1.json
OPV,Serum_Institute,2,1,1.0,5,0.0,1,10,5,1,1,1,1,MVP_DE_results_T_10_delta_5_scen_1_trial_1_inv_1_cap._1_cap.inc._1.json
OPV,Serum_Institute,2,1,1.0,4,0.0,1,10,5,1,1,1,1,MVP_DE_results_T_10_delta_5_scen_1_trial_1_inv_1_cap._1_cap.inc._1.json
OPV,Serum_Institute,2,1,1.0,6,0.0,1,10,5,1,1,1,1,MVP_DE_results_T_10_delta_5_scen_1_trial_1_inv_1_cap._1_cap.inc._1.json
OPV,Serum_Institute,2,1,1.0,2,0.0,1,10,5,1,1,1,1,MVP_DE_results_T_10_delta_5_scen_1_trial_1_inv_1_cap._1_cap.inc._1.json
OPV,Serum_Institute,2,1,1.0,3,0.0,1,10,5,1,1,1,1,MVP_DE_results_T_10_delta_5_scen_1_trial_1_inv_1_cap._1_cap.inc._1.json
OPV,Serum_Institute,2,2,0.0,5,0.0,1,10,5,1,1,1,1,MVP_DE_results_T_10_delta_5_scen_1_trial_1_inv_1_cap._1_cap.inc._1.json
OPV,Serum_Institute,2,2,0.0,4,0.0,1,10,5,1,1,1,1,MVP_DE_results_T_10_delta_5_scen_1_trial_1_inv_1_cap._1_cap.inc._1.json
OPV,Serum_Institute,2,2,0.0,6,0.0,1,10,5,1,1,1,1,MVP_DE_results_T_10_delta_5_scen_1_trial_1_inv_1_cap._1_cap.inc._1.json
OPV,Serum_Institute,2,2,0.0,2,0.0,1,10,5,1,1,1,1,MVP_DE_results_T_10_delta_5_scen_1_trial_1_inv_1_cap._1_cap.inc._1.json
OPV,Serum_Institute,2,2,0.0,3,0.0,1,10,5,1,1,1,1,MVP_DE_results_T_10_delta_5_scen_1_trial_1_inv_1_cap._1_cap.inc._1.json
OPV,Serum_Institute,3,1,1.0,5,0.0,1,10,5,1,1,1,1,MVP_DE_results_T_10_delta_5_scen_1_trial_1_inv_1_cap._1_cap.inc._1.json
OPV,Serum_Institute,3,1,1.0,4,0.0,1,10,5,1,1,1,1,MVP_DE_results_T_10_delta_5_scen_1_trial_1_inv_1_cap._1_cap.inc._1.json
OPV,Serum_Institute,3,1,1.0,6,0.0,1,10,5,1,1,1,1,MVP_DE_results_T_10_delta_5_scen_1_trial_1_inv_1_cap._1_cap.inc._1.json
OPV,Serum_Institute,3,1,1.0,7,0.0,1,10,5,1,1,1,1,MVP_DE_results_T_10_delta_5_scen_1_trial_1_inv_1_cap._1_cap.inc._1.json
OPV,Serum_Institute,3,1,1.0,3,0.0,1,10,5,1,1,1,1,MVP_DE_results_T_10_delta_5_scen_1_trial_1_inv_1_cap._1_cap.inc._1.json
OPV,Serum_Institute,3,2,0.0,5,0.0,1,10,5,1,1,1,1,MVP_DE_results_T_10_delta_5_scen_1_trial_1_inv_1_cap._1_cap.inc._1.json
OPV,Serum_Institute,3,2,0.0,4,0.0,1,10,5,1,1,1,1,MVP_DE_results_T_10_delta_5_scen_1_trial_1_inv_1_cap._1_cap.inc._1.json
OPV,Serum_Institute,3,2,0.0,6,0.0,1,10,5,1,1,1,1,MVP_DE_results_T_10_delta_5_scen_1_trial_1_inv_1_cap._1_cap.inc._1.json
OPV,Serum_Institute,3,2,0.0,7,0.0,1,10,5,1,1,1,1,MVP_DE_results_T_10_delta_5_scen_1_trial_1_inv_1_cap._1_cap.inc._1.json
OPV,Serum_Institute,3,2,0.0,3,0.0,1,10,5,1,1,1,1,MVP_DE_results_T_10_delta_5_scen_1_trial_1_inv_1_cap._1_cap.inc._1.json
OPV,Serum_Institute,4,1,1.0,5,0.0,1,10,5,1,1,1,1,MVP_DE_results_T_10_delta_5_scen_1_trial_1_inv_1_cap._1_cap.inc._1.json
OPV,Serum_Institute,4,1,1.0,4,0.0,1,10,5,1,1,1,1,MVP_DE_results_T_10_delta_5_scen_1_trial_1_inv_1_cap._1_cap.inc._1.json
OPV,Serum_Institute,4,1,1.0,6,0.0,1,10,5,1,1,1,1,MVP_DE_results_T_10_delta_5_scen_1_trial_1_inv_1_cap._1_cap.inc._1.json
OPV,Serum_Institute,4,1,1.0,7,0.0,1,10,5,1,1,1,1,MVP_DE_results_T_10_delta_5_scen_1_trial_1_inv_1_cap._1_cap.inc._1.json
OPV,Serum_Institute,4,1,1.0,8,0.0,1,10,5,1,1,1,1,MVP_DE_results_T_10_delta_5_scen_1_trial_1_inv_1_cap._1_cap.inc._1.json
OPV,Serum_Institute,4,2,0.0,5,0.0,1,10,5,1,1,1,1,MVP_DE_results_T_10_delta_5_scen_1_trial_1_inv_1_cap._1_cap.inc._1.json
OPV,Serum_Institute,4,2,0.0,4,0.0,1,10,5,1,1,1,1,MVP_DE_results_T_10_delta_5_scen_1_trial_1_inv_1_cap._1_cap.inc._1.json
OPV,Serum_Institute,4,2,0.0,6,0.0,1,10,5,1,1,1,1,MVP_DE_results_T_10_delta_5_scen_1_trial_1_inv_1_cap._1_cap.inc._1.json
OPV,Serum_Institute,4,2,0.0,7,0.0,1,10,5,1,1,1,1,MVP_DE_results_T_10_delta_5_scen_1_trial_1_inv_1_cap._1_cap.inc._1.json
OPV,Serum_Institute,4,2,0.0,8,0.0,1,10,5,1,1,1,1,MVP_DE_results_T_10_delta_5_scen_1_trial_1_inv_1_cap._1_cap.inc._1.json
OPV,Serum_Institute,5,1,1.0,5,0.0,1,10,5,1,1,1,1,MVP_DE_results_T_10_delta_5_scen_1_trial_1_inv_1_cap._1_cap.inc._1.json
OPV,Serum_Institute,5,1,1.0,6,0.0,1,10,5,1,1,1,1,MVP_DE_results_T_10_delta_5_scen_1_trial_1_inv_1_cap._1_cap.inc._1.json
OPV,Serum_Institute,5,1,1.0,7,0.0,1,10,5,1,1,1,1,MVP_DE_results_T_10_delta_5_scen_1_trial_1_inv_1_cap._1_cap.inc._1.json
OPV,Serum_Institute,5,1,1.0,9,0.0,1,10,5,1,1,1,1,MVP_DE_results_T_10_delta_5_scen_1_trial_1_inv_1_cap._1_cap.inc._1.json
OPV,Serum_Institute,5,1,1.0,8,0.0,1,10,5,1,1,1,1,MVP_DE_results_T_10_delta_5_scen_1_trial_1_inv_1_cap._1_cap.inc._1.json
OPV,Serum_Institute,5,2,0.0,5,0.0,1,10,5,1,1,1,1,MVP_DE_results_T_10_delta_5_scen_1_trial_1_inv_1_cap._1_cap.inc._1.json
OPV,Serum_Institute,5,2,0.0,6,0.0,1,10,5,1,1,1,1,MVP_DE_results_T_10_delta_5_scen_1_trial_1_inv_1_cap._1_cap.inc._1.json
OPV,Serum_Institute,5,2,0.0,7,0.0,1,10,5,1,1,1,1,MVP_DE_results_T_10_delta_5_scen_1_trial_1_inv_1_cap._1_cap.inc._1.json
OPV,Serum_Institute,5,2,0.0,9,0.0,1,10,5,1,1,1,1,MVP_DE_results_T_10_delta_5_scen_1_trial_1_inv_1_cap._1_cap.inc._1.json
OPV,Serum_Institute,5,2,0.0,8,0.0,1,10,5,1,1,1,1,MVP_DE_results_T_10_delta_5_scen_1_trial_1_inv_1_cap._1_cap.inc._1.json
OPV,Serum_Institute,6,1,1.0,6,0.0,1,10,5,1,1,1,1,MVP_DE_results_T_10_delta_5_scen_1_trial_1_inv_1_cap._1_cap.inc._1.json
OPV,Serum_Institute,6,1,1.0,7,0.0,1,10,5,1,1,1,1,MVP_DE_results_T_10_delta_5_scen_1_trial_1_inv_1_cap._1_cap.inc._1.json
OPV,Serum_Institute,6,1,1.0,10,0.0,1,10,5,1,1,1,1,MVP_DE_results_T_10_delta_5_scen_1_trial_1_inv_1_cap._1_cap.inc._1.json
OPV,Serum_Institute,6,1,1.0,9,0.0,1,10,5,1,1,1,1,MVP_DE_results_T_10_delta_5_scen_1_trial_1_inv_1_cap._1_cap.inc._1.json
OPV,Serum_Institute,6,1,1.0,8,0.0,1,10,5,1,1,1,1,MVP_DE_results_T_10_delta_5_scen_1_trial_1_inv_1_cap._1_cap.inc._1.json
OPV,Serum_Institute,6,2,0.0,6,0.0,1,10,5,1,1,1,1,MVP_DE_results_T_10_delta_5_scen_1_trial_1_inv_1_cap._1_cap.inc._1.json
OPV,Serum_Institute,6,2,0.0,7,0.0,1,10,5,1,1,1,1,MVP_DE_results_T_10_delta_5_scen_1_trial_1_inv_1_cap._1_cap.inc._1.json
OPV,Serum_Institute,6,2,0.0,10,0.0,1,10,5,1,1,1,1,MVP_DE_results_T_10_delta_5_scen_1_trial_1_inv_1_cap._1_cap.inc._1.json
OPV,Serum_Institute,6,2,0.0,9,0.0,1,10,5,1,1,1,1,MVP_DE_results_T_10_delta_5_scen_1_trial_1_inv_1_cap._1_cap.inc._1.json
OPV,Serum_Institute,6,2,0.0,8,0.0,1,10,5,1,1,1,1,MVP_DE_results_T_10_delta_5_scen_1_trial_1_inv_1_cap._1_cap.inc._1.json
OPV,Serum_Institute,7,1,1.0,7,0.0,1,10,5,1,1,1,1,MVP_DE_results_T_10_delta_5_scen_1_trial_1_inv_1_cap._1_cap.inc._1.json
OPV,Serum_Institute,7,1,1.0,10,0.0,1,10,5,1,1,1,1,MVP_DE_results_T_10_delta_5_scen_1_trial_1_inv_1_cap._1_cap.inc._1.json
OPV,Serum_Institute,7,1,1.0,9,0.0,1,10,5,1,1,1,1,MVP_DE_results_T_10_delta_5_scen_1_trial_1_inv_1_cap._1_cap.inc._1.json
OPV,Serum_Institute,7,1,1.0,8,0.0,1,10,5,1,1,1,1,MVP_DE_results_T_10_delta_5_scen_1_trial_1_inv_1_cap._1_cap.inc._1.json
OPV,Serum_Institute,7,2,0.0,7,0.0,1,10,5,1,1,1,1,MVP_DE_results_T_10_delta_5_scen_1_trial_1_inv_1_cap._1_cap.inc._1.json
OPV,Serum_Institute,7,2,0.0,10,0.0,1,10,5,1,1,1,1,MVP_DE_results_T_10_delta_5_scen_1_trial_1_inv_1_cap._1_cap.inc._1.json
OPV,Serum_Institute,7,2,0.0,9,0.0,1,10,5,1,1,1,1,MVP_DE_results_T_10_delta_5_scen_1_trial_1_inv_1_cap._1_cap.inc._1.json
OPV,Serum_Institute,7,2,0.0,8,0.0,1,10,5,1,1,1,1,MVP_DE_results_T_10_delta_5_scen_1_trial_1_inv_1_cap._1_cap.inc._1.json
OPV,Serum_Institute,8,1,1.0,10,0.0,1,10,5,1,1,1,1,MVP_DE_results_T_10_delta_5_scen_1_trial_1_inv_1_cap._1_cap.inc._1.json
OPV,Serum_Institute,8,1,1.0,9,0.0,1,10,5,1,1,1,1,MVP_DE_results_T_10_delta_5_scen_1_trial_1_inv_1_cap._1_cap.inc._1.json
OPV,Serum_Institute,8,1,1.0,8,0.0,1,10,5,1,1,1,1,MVP_DE_results_T_10_delta_5_scen_1_trial_1_inv_1_cap._1_cap.inc._1.json
OPV,Serum_Institute,8,2,0.0,10,0.0,1,10,5,1,1,1,1,MVP_DE_results_T_10_delta_5_scen_1_trial_1_inv_1_cap._1_cap.inc._1.json
OPV,Serum_Institute,8,2,0.0,9,0.0,1,10,5,1,1,1,1,MVP_DE_results_T_10_delta_5_scen_1_trial_1_inv_1_cap._1_cap.inc._1.json
OPV,Serum_Institute,8,2,0.0,8,0.0,1,10,5,1,1,1,1,MVP_DE_results_T_10_delta_5_scen_1_trial_1_inv_1_cap._1_cap.inc._1.json
OPV,Serum_Institute,9,1,1.0,10,0.0,1,10,5,1,1,1,1,MVP_DE_results_T_10_delta_5_scen_1_trial_1_inv_1_cap._1_cap.inc._1.json
OPV,Serum_Institute,9,1,1.0,9,0.0,1,10,5,1,1,1,1,MVP_DE_results_T_10_delta_5_scen_1_trial_1_inv_1_cap._1_cap.inc._1.json
OPV,Serum_Institute,9,2,0.0,10,0.0,1,10,5,1,1,1,1,MVP_DE_results_T_10_delta_5_scen_1_trial_1_inv_1_cap._1_cap.inc._1.json
OPV,Serum_Institute,9,2,0.0,9,0.0,1,10,5,1,1,1,1,MVP_DE_results_T_10_delta_5_scen_1_trial_1_inv_1_cap._1_cap.inc._1.json
OPV,Serum_Institute,10,1,1.0,10,0.0,1,10,5,1,1,1,1,MVP_DE_results_T_10_delta_5_scen_1_trial_1_inv_1_cap._1_cap.inc._1.json
OPV,Serum_Institute,10,2,0.0,10,0.0,1,10,5,1,1,1,1,MVP_DE_results_T_10_delta_5_scen_1_trial_1_inv_1_cap._1_cap.inc._1.json
PCV,GSK,1,1,1.0,5,0.0,1,10,5,1,1,1,1,MVP_DE_results_T_10_delta_5_scen_1_trial_1_inv_1_cap._1_cap.inc._1.json
PCV,GSK,1,1,1.0,4,0.0,1,10,5,1,1,1,1,MVP_DE_results_T_10_delta_5_scen_1_trial_1_inv_1_cap._1_cap.inc._1.json
PCV,GSK,1,1,1.0,2,0.0,1,10,5,1,1,1,1,MVP_DE_results_T_10_delta_5_scen_1_trial_1_inv_1_cap._1_cap.inc._1.json
PCV,GSK,1,1,1.0,3,0.0,1,10,5,1,1,1,1,MVP_DE_results_T_10_delta_5_scen_1_trial_1_inv_1_cap._1_cap.inc._1.json
PCV,GSK,1,1,1.0,1,0.0,1,10,5,1,1,1,1,MVP_DE_results_T_10_delta_5_scen_1_trial_1_inv_1_cap._1_cap.inc._1.json
PCV,GSK,1,2,0.0,5,0.0,1,10,5,1,1,1,1,MVP_DE_results_T_10_delta_5_scen_1_trial_1_inv_1_cap._1_cap.inc._1.json
PCV,GSK,1,2,0.0,4,0.0,1,10,5,1,1,1,1,MVP_DE_results_T_10_delta_5_scen_1_trial_1_inv_1_cap._1_cap.inc._1.json
PCV,GSK,1,2,0.0,2,0.0,1,10,5,1,1,1,1,MVP_DE_results_T_10_delta_5_scen_1_trial_1_inv_1_cap._1_cap.inc._1.json
PCV,GSK,1,2,0.0,3,0.0,1,10,5,1,1,1,1,MVP_DE_results_T_10_delta_5_scen_1_trial_1_inv_1_cap._1_cap.inc._1.json
PCV,GSK,1,2,0.0,1,0.0,1,10,5,1,1,1,1,MVP_DE_results_T_10_delta_5_scen_1_trial_1_inv_1_cap._1_cap.inc._1.json
PCV,GSK,2,1,1.0,5,0.0,1,10,5,1,1,1,1,MVP_DE_results_T_10_delta_5_scen_1_trial_1_inv_1_cap._1_cap.inc._1.json
PCV,GSK,2,1,1.0,4,0.0,1,10,5,1,1,1,1,MVP_DE_results_T_10_delta_5_scen_1_trial_1_inv_1_cap._1_cap.inc._1.json
PCV,GSK,2,1,1.0,6,0.0,1,10,5,1,1,1,1,MVP_DE_results_T_10_delta_5_scen_1_trial_1_inv_1_cap._1_cap.inc._1.json
PCV,GSK,2,1,1.0,2,0.0,1,10,5,1,1,1,1,MVP_DE_results_T_10_delta_5_scen_1_trial_1_inv_1_cap._1_cap.inc._1.json
PCV,GSK,2,1,1.0,3,0.0,1,10,5,1,1,1,1,MVP_DE_results_T_10_delta_5_scen_1_trial_1_inv_1_cap._1_cap.inc._1.json
PCV,GSK,2,2,0.0,5,0.0,1,10,5,1,1,1,1,MVP_DE_results_T_10_delta_5_scen_1_trial_1_inv_1_cap._1_cap.inc._1.json
PCV,GSK,2,2,0.0,4,0.0,1,10,5,1,1,1,1,MVP_DE_results_T_10_delta_5_scen_1_trial_1_inv_1_cap._1_cap.inc._1.json
PCV,GSK,2,2,0.0,6,0.0,1,10,5,1,1,1,1,MVP_DE_results_T_10_delta_5_scen_1_trial_1_inv_1_cap._1_cap.inc._1.json
PCV,GSK,2,2,0.0,2,0.0,1,10,5,1,1,1,1,MVP_DE_results_T_10_delta_5_scen_1_trial_1_inv_1_cap._1_cap.inc._1.json
PCV,GSK,2,2,0.0,3,0.0,1,10,5,1,1,1,1,MVP_DE_results_T_10_delta_5_scen_1_trial_1_inv_1_cap._1_cap.inc._1.json
PCV,GSK,3,1,1.0,5,0.0,1,10,5,1,1,1,1,MVP_DE_results_T_10_delta_5_scen_1_trial_1_inv_1_cap._1_cap.inc._1.json
PCV,GSK,3,1,1.0,4,0.0,1,10,5,1,1,1,1,MVP_DE_results_T_10_delta_5_scen_1_trial_1_inv_1_cap._1_cap.inc._1.json
PCV,GSK,3,1,1.0,6,0.0,1,10,5,1,1,1,1,MVP_DE_results_T_10_delta_5_scen_1_trial_1_inv_1_cap._1_cap.inc._1.json
PCV,GSK,3,1,1.0,7,0.0,1,10,5,1,1,1,1,MVP_DE_results_T_10_delta_5_scen_1_trial_1_inv_1_cap._1_cap.inc._1.json
PCV,GSK,3,1,1.0,3,0.0,1,10,5,1,1,1,1,MVP_DE_results_T_10_delta_5_scen_1_trial_1_inv_1_cap._1_cap.inc._1.json
PCV,GSK,3,2,0.0,5,0.0,1,10,5,1,1,1,1,MVP_DE_results_T_10_delta_5_scen_1_trial_1_inv_1_cap._1_cap.inc._1.json
PCV,GSK,3,2,0.0,4,0.0,1,10,5,1,1,1,1,MVP_DE_results_T_10_delta_5_scen_1_trial_1_inv_1_cap._1_cap.inc._1.json
PCV,GSK,3,2,0.0,6,0.0,1,10,5,1,1,1,1,MVP_DE_results_T_10_delta_5_scen_1_trial_1_inv_1_cap._1_cap.inc._1.json
PCV,GSK,3,2,0.0,7,0.0,1,10,5,1,1,1,1,MVP_DE_results_T_10_delta_5_scen_1_trial_1_inv_1_cap._1_cap.inc._1.json
PCV,GSK,3,2,0.0,3,0.0,1,10,5,1,1,1,1,MVP_DE_results_T_10_delta_5_scen_1_trial_1_inv_1_cap._1_cap.inc._1.json
PCV,GSK,4,1,1.0,5,0.0,1,10,5,1,1,1,1,MVP_DE_results_T_10_delta_5_scen_1_trial_1_inv_1_cap._1_cap.inc._1.json
PCV,GSK,4,1,1.0,4,0.0,1,10,5,1,1,1,1,MVP_DE_results_T_10_delta_5_scen_1_trial_1_inv_1_cap._1_cap.inc._1.json
PCV,GSK,4,1,1.0,6,0.0,1,10,5,1,1,1,1,MVP_DE_results_T_10_delta_5_scen_1_trial_1_inv_1_cap._1_cap.inc._1.json
PCV,GSK,4,1,1.0,7,0.0,1,10,5,1,1,1,1,MVP_DE_results_T_10_delta_5_scen_1_trial_1_inv_1_cap._1_cap.inc._1.json
PCV,GSK,4,1,1.0,8,0.0,1,10,5,1,1,1,1,MVP_DE_results_T_10_delta_5_scen_1_trial_1_inv_1_cap._1_cap.inc._1.json
PCV,GSK,4,2,0.0,5,0.0,1,10,5,1,1,1,1,MVP_DE_results_T_10_delta_5_scen_1_trial_1_inv_1_cap._1_cap.inc._1.json
PCV,GSK,4,2,0.0,4,0.0,1,10,5,1,1,1,1,MVP_DE_results_T_10_delta_5_scen_1_trial_1_inv_1_cap._1_cap.inc._1.json
PCV,GSK,4,2,0.0,6,0.0,1,10,5,1,1,1,1,MVP_DE_results_T_10_delta_5_scen_1_trial_1_inv_1_cap._1_cap.inc._1.json
PCV,GSK,4,2,0.0,7,0.0,1,10,5,1,1,1,1,MVP_DE_results_T_10_delta_5_scen_1_trial_1_inv_1_cap._1_cap.inc._1.json
PCV,GSK,4,2,0.0,8,0.0,1,10,5,1,1,1,1,MVP_DE_results_T_10_delta_5_scen_1_trial_1_inv_1_cap._1_cap.inc._1.json
PCV,GSK,5,1,1.0,5,0.0,1,10,5,1,1,1,1,MVP_DE_results_T_10_delta_5_scen_1_trial_1_inv_1_cap._1_cap.inc._1.json
PCV,GSK,5,1,1.0,6,0.0,1,10,5,1,1,1,1,MVP_DE_results_T_10_delta_5_scen_1_trial_1_inv_1_cap._1_cap.inc._1.json
PCV,GSK,5,1,1.0,7,0.0,1,10,5,1,1,1,1,MVP_DE_results_T_10_delta_5_scen_1_trial_1_inv_1_cap._1_cap.inc._1.json
PCV,GSK,5,1,1.0,9,0.0,1,10,5,1,1,1,1,MVP_DE_results_T_10_delta_5_scen_1_trial_1_inv_1_cap._1_cap.inc._1.json
PCV,GSK,5,1,1.0,8,0.0,1,10,5,1,1,1,1,MVP_DE_results_T_10_delta_5_scen_1_trial_1_inv_1_cap._1_cap.inc._1.json
PCV,GSK,5,2,0.0,5,0.0,1,10,5,1,1,1,1,MVP_DE_results_T_10_delta_5_scen_1_trial_1_inv_1_cap._1_cap.inc._1.json
PCV,GSK,5,2,0.0,6,0.0,1,10,5,1,1,1,1,MVP_DE_results_T_10_delta_5_scen_1_trial_1_inv_1_cap._1_cap.inc._1.json
PCV,GSK,5,2,0.0,7,0.0,1,10,5,1,1,1,1,MVP_DE_results_T_10_delta_5_scen_1_trial_1_inv_1_cap._1_cap.inc._1.json
PCV,GSK,5,2,0.0,9,0.0,1,10,5,1,1,1,1,MVP_DE_results_T_10_delta_5_scen_1_trial_1_inv_1_cap._1_cap.inc._1.json
PCV,GSK,5,2,0.0,8,0.0,1,10,5,1,1,1,1,MVP_DE_results_T_10_delta_5_scen_1_trial_1_inv_1_cap._1_cap.inc._1.json
PCV,GSK,6,1,1.0,6,0.0,1,10,5,1,1,1,1,MVP_DE_results_T_10_delta_5_scen_1_trial_1_inv_1_cap._1_cap.inc._1.json
PCV,GSK,6,1,1.0,7,0.0,1,10,5,1,1,1,1,MVP_DE_results_T_10_delta_5_scen_1_trial_1_inv_1_cap._1_cap.inc._1.json
PCV,GSK,6,1,1.0,10,0.0,1,10,5,1,1,1,1,MVP_DE_results_T_10_delta_5_scen_1_trial_1_inv_1_cap._1_cap.inc._1.json
PCV,GSK,6,1,1.0,9,0.0,1,10,5,1,1,1,1,MVP_DE_results_T_10_delta_5_scen_1_trial_1_inv_1_cap._1_cap.inc._1.json
PCV,GSK,6,1,1.0,8,0.0,1,10,5,1,1,1,1,MVP_DE_results_T_10_delta_5_scen_1_trial_1_inv_1_cap._1_cap.inc._1.json
PCV,GSK,6,2,0.0,6,0.0,1,10,5,1,1,1,1,MVP_DE_results_T_10_delta_5_scen_1_trial_1_inv_1_cap._1_cap.inc._1.json
PCV,GSK,6,2,0.0,7,0.0,1,10,5,1,1,1,1,MVP_DE_results_T_10_delta_5_scen_1_trial_1_inv_1_cap._1_cap.inc._1.json
PCV,GSK,6,2,0.0,10,0.0,1,10,5,1,1,1,1,MVP_DE_results_T_10_delta_5_scen_1_trial_1_inv_1_cap._1_cap.inc._1.json
PCV,GSK,6,2,0.0,9,0.0,1,10,5,1,1,1,1,MVP_DE_results_T_10_delta_5_scen_1_trial_1_inv_1_cap._1_cap.inc._1.json
PCV,GSK,6,2,0.0,8,0.0,1,10,5,1,1,1,1,MVP_DE_results_T_10_delta_5_scen_1_trial_1_inv_1_cap._1_cap.inc._1.json
PCV,GSK,7,1,1.0,7,0.0,1,10,5,1,1,1,1,MVP_DE_results_T_10_delta_5_scen_1_trial_1_inv_1_cap._1_cap.inc._1.json
PCV,GSK,7,1,1.0,10,0.0,1,10,5,1,1,1,1,MVP_DE_results_T_10_delta_5_scen_1_trial_1_inv_1_cap._1_cap.inc._1.json
PCV,GSK,7,1,1.0,9,0.0,1,10,5,1,1,1,1,MVP_DE_results_T_10_delta_5_scen_1_trial_1_inv_1_cap._1_cap.inc._1.json
PCV,GSK,7,1,1.0,8,0.0,1,10,5,1,1,1,1,MVP_DE_results_T_10_delta_5_scen_1_trial_1_inv_1_cap._1_cap.inc._1.json
PCV,GSK,7,2,-0.0,7,-0.0,1,10,5,1,1,1,1,MVP_DE_results_T_10_delta_5_scen_1_trial_1_inv_1_cap._1_cap.inc._1.json
PCV,GSK,7,2,-0.0,10,0.0,1,10,5,1,1,1,1,MVP_DE_results_T_10_delta_5_scen_1_trial_1_inv_1_cap._1_cap.inc._1.json
PCV,GSK,7,2,-0.0,9,0.0,1,10,5,1,1,1,1,MVP_DE_results_T_10_delta_5_scen_1_trial_1_inv_1_cap._1_cap.inc._1.json
PCV,GSK,7,2,-0.0,8,0.0,1,10,5,1,1,1,1,MVP_DE_results_T_10_delta_5_scen_1_trial_1_inv_1_cap._1_cap.inc._1.json
PCV,GSK,8,1,1.0,10,0.0,1,10,5,1,1,1,1,MVP_DE_results_T_10_delta_5_scen_1_trial_1_inv_1_cap._1_cap.inc._1.json
PCV,GSK,8,1,1.0,9,0.0,1,10,5,1,1,1,1,MVP_DE_results_T_10_delta_5_scen_1_trial_1_inv_1_cap._1_cap.inc._1.json
PCV,GSK,8,1,1.0,8,0.0,1,10,5,1,1,1,1,MVP_DE_results_T_10_delta_5_scen_1_trial_1_inv_1_cap._1_cap.inc._1.json
PCV,GSK,8,2,-0.0,10,0.0,1,10,5,1,1,1,1,MVP_DE_results_T_10_delta_5_scen_1_trial_1_inv_1_cap._1_cap.inc._1.json
PCV,GSK,8,2,-0.0,9,0.0,1,10,5,1,1,1,1,MVP_DE_results_T_10_delta_5_scen_1_trial_1_inv_1_cap._1_cap.inc._1.json
PCV,GSK,8,2,-0.0,8,0.0,1,10,5,1,1,1,1,MVP_DE_results_T_10_delta_5_scen_1_trial_1_inv_1_cap._1_cap.inc._1.json
PCV,GSK,9,1,1.0,10,0.0,1,10,5,1,1,1,1,MVP_DE_results_T_10_delta_5_scen_1_trial_1_inv_1_cap._1_cap.inc._1.json
PCV,GSK,9,1,1.0,9,0.0,1,10,5,1,1,1,1,MVP_DE_results_T_10_delta_5_scen_1_trial_1_inv_1_cap._1_cap.inc._1.json
PCV,GSK,9,2,-0.0,10,0.0,1,10,5,1,1,1,1,MVP_DE_results_T_10_delta_5_scen_1_trial_1_inv_1_cap._1_cap.inc._1.json
PCV,GSK,9,2,-0.0,9,0.0,1,10,5,1,1,1,1,MVP_DE_results_T_10_delta_5_scen_1_trial_1_inv_1_cap._1_cap.inc._1.json
PCV,GSK,10,1,1.0,10,0.0,1,10,5,1,1,1,1,MVP_DE_results_T_10_delta_5_scen_1_trial_1_inv_1_cap._1_cap.inc._1.json
PCV,GSK,10,2,-0.0,10,-0.0,1,10,5,1,1,1,1,MVP_DE_results_T_10_delta_5_scen_1_trial_1_inv_1_cap._1_cap.inc._1.json
PCV,Pfizer,1,1,1.0,5,0.0,1,10,5,1,1,1,1,MVP_DE_results_T_10_delta_5_scen_1_trial_1_inv_1_cap._1_cap.inc._1.json
PCV,Pfizer,1,1,1.0,4,0.0,1,10,5,1,1,1,1,MVP_DE_results_T_10_delta_5_scen_1_trial_1_inv_1_cap._1_cap.inc._1.json
PCV,Pfizer,1,1,1.0,2,0.0,1,10,5,1,1,1,1,MVP_DE_results_T_10_delta_5_scen_1_trial_1_inv_1_cap._1_cap.inc._1.json
PCV,Pfizer,1,1,1.0,3,0.6807055864868299,1,10,5,1,1,1,1,MVP_DE_results_T_10_delta_5_scen_1_trial_1_inv_1_cap._1_cap.inc._1.json
PCV,Pfizer,1,1,1.0,1,0.0,1,10,5,1,1,1,1,MVP_DE_results_T_10_delta_5_scen_1_trial_1_inv_1_cap._1_cap.inc._1.json
PCV,Pfizer,1,2,0.0,5,0.0,1,10,5,1,1,1,1,MVP_DE_results_T_10_delta_5_scen_1_trial_1_inv_1_cap._1_cap.inc._1.json
PCV,Pfizer,1,2,0.0,4,0.0,1,10,5,1,1,1,1,MVP_DE_results_T_10_delta_5_scen_1_trial_1_inv_1_cap._1_cap.inc._1.json
PCV,Pfizer,1,2,0.0,2,0.0,1,10,5,1,1,1,1,MVP_DE_results_T_10_delta_5_scen_1_trial_1_inv_1_cap._1_cap.inc._1.json
PCV,Pfizer,1,2,0.0,3,0.0,1,10,5,1,1,1,1,MVP_DE_results_T_10_delta_5_scen_1_trial_1_inv_1_cap._1_cap.inc._1.json
PCV,Pfizer,1,2,0.0,1,0.0,1,10,5,1,1,1,1,MVP_DE_results_T_10_delta_5_scen_1_trial_1_inv_1_cap._1_cap.inc._1.json
PCV,Pfizer,2,1,1.0,5,0.0,1,10,5,1,1,1,1,MVP_DE_results_T_10_delta_5_scen_1_trial_1_inv_1_cap._1_cap.inc._1.json
PCV,Pfizer,2,1,1.0,4,0.0,1,10,5,1,1,1,1,MVP_DE_results_T_10_delta_5_scen_1_trial_1_inv_1_cap._1_cap.inc._1.json
PCV,Pfizer,2,1,1.0,6,0.0,1,10,5,1,1,1,1,MVP_DE_results_T_10_delta_5_scen_1_trial_1_inv_1_cap._1_cap.inc._1.json
PCV,Pfizer,2,1,1.0,2,0.0,1,10,5,1,1,1,1,MVP_DE_results_T_10_delta_5_scen_1_trial_1_inv_1_cap._1_cap.inc._1.json
PCV,Pfizer,2,1,1.0,3,0.0,1,10,5,1,1,1,1,MVP_DE_results_T_10_delta_5_scen_1_trial_1_inv_1_cap._1_cap.inc._1.json
PCV,Pfizer,2,2,0.0,5,0.0,1,10,5,1,1,1,1,MVP_DE_results_T_10_delta_5_scen_1_trial_1_inv_1_cap._1_cap.inc._1.json
PCV,Pfizer,2,2,0.0,4,0.0,1,10,5,1,1,1,1,MVP_DE_results_T_10_delta_5_scen_1_trial_1_inv_1_cap._1_cap.inc._1.json
PCV,Pfizer,2,2,0.0,6,0.0,1,10,5,1,1,1,1,MVP_DE_results_T_10_delta_5_scen_1_trial_1_inv_1_cap._1_cap.inc._1.json
PCV,Pfizer,2,2,0.0,2,0.0,1,10,5,1,1,1,1,MVP_DE_results_T_10_delta_5_scen_1_trial_1_inv_1_cap._1_cap.inc._1.json
PCV,Pfizer,2,2,0.0,3,0.0,1,10,5,1,1,1,1,MVP_DE_results_T_10_delta_5_scen_1_trial_1_inv_1_cap._1_cap.inc._1.json
PCV,Pfizer,3,1,1.0,5,0.0,1,10,5,1,1,1,1,MVP_DE_results_T_10_delta_5_scen_1_trial_1_inv_1_cap._1_cap.inc._1.json
PCV,Pfizer,3,1,1.0,4,0.0,1,10,5,1,1,1,1,MVP_DE_results_T_10_delta_5_scen_1_trial_1_inv_1_cap._1_cap.inc._1.json
PCV,Pfizer,3,1,1.0,6,0.0,1,10,5,1,1,1,1,MVP_DE_results_T_10_delta_5_scen_1_trial_1_inv_1_cap._1_cap.inc._1.json
PCV,Pfizer,3,1,1.0,7,0.0,1,10,5,1,1,1,1,MVP_DE_results_T_10_delta_5_scen_1_trial_1_inv_1_cap._1_cap.inc._1.json
PCV,Pfizer,3,1,1.0,3,0.0,1,10,5,1,1,1,1,MVP_DE_results_T_10_delta_5_scen_1_trial_1_inv_1_cap._1_cap.inc._1.json
PCV,Pfizer,3,2,0.0,5,0.0,1,10,5,1,1,1,1,MVP_DE_results_T_10_delta_5_scen_1_trial_1_inv_1_cap._1_cap.inc._1.json
PCV,Pfizer,3,2,0.0,4,0.0,1,10,5,1,1,1,1,MVP_DE_results_T_10_delta_5_scen_1_trial_1_inv_1_cap._1_cap.inc._1.json
PCV,Pfizer,3,2,0.0,6,0.0,1,10,5,1,1,1,1,MVP_DE_results_T_10_delta_5_scen_1_trial_1_inv_1_cap._1_cap.inc._1.json
PCV,Pfizer,3,2,0.0,7,0.0,1,10,5,1,1,1,1,MVP_DE_results_T_10_delta_5_scen_1_trial_1_inv_1_cap._1_cap.inc._1.json
PCV,Pfizer,3,2,0.0,3,0.0,1,10,5,1,1,1,1,MVP_DE_results_T_10_delta_5_scen_1_trial_1_inv_1_cap._1_cap.inc._1.json
PCV,Pfizer,4,1,1.0,5,0.0,1,10,5,1,1,1,1,MVP_DE_results_T_10_delta_5_scen_1_trial_1_inv_1_cap._1_cap.inc._1.json
PCV,Pfizer,4,1,1.0,4,0.0,1,10,5,1,1,1,1,MVP_DE_results_T_10_delta_5_scen_1_trial_1_inv_1_cap._1_cap.inc._1.json
PCV,Pfizer,4,1,1.0,6,0.7000380321419117,1,10,5,1,1,1,1,MVP_DE_results_T_10_delta_5_scen_1_trial_1_inv_1_cap._1_cap.inc._1.json
PCV,Pfizer,4,1,1.0,7,0.0,1,10,5,1,1,1,1,MVP_DE_results_T_10_delta_5_scen_1_trial_1_inv_1_cap._1_cap.inc._1.json
PCV,Pfizer,4,1,1.0,8,0.0,1,10,5,1,1,1,1,MVP_DE_results_T_10_delta_5_scen_1_trial_1_inv_1_cap._1_cap.inc._1.json
PCV,Pfizer,4,2,0.0,5,0.0,1,10,5,1,1,1,1,MVP_DE_results_T_10_delta_5_scen_1_trial_1_inv_1_cap._1_cap.inc._1.json
PCV,Pfizer,4,2,0.0,4,0.0,1,10,5,1,1,1,1,MVP_DE_results_T_10_delta_5_scen_1_trial_1_inv_1_cap._1_cap.inc._1.json
PCV,Pfizer,4,2,0.0,6,0.0,1,10,5,1,1,1,1,MVP_DE_results_T_10_delta_5_scen_1_trial_1_inv_1_cap._1_cap.inc._1.json
PCV,Pfizer,4,2,0.0,7,0.0,1,10,5,1,1,1,1,MVP_DE_results_T_10_delta_5_scen_1_trial_1_inv_1_cap._1_cap.inc._1.json
PCV,Pfizer,4,2,0.0,8,0.0,1,10,5,1,1,1,1,MVP_DE_results_T_10_delta_5_scen_1_trial_1_inv_1_cap._1_cap.inc._1.json
PCV,Pfizer,5,1,1.0,5,0.0,1,10,5,1,1,1,1,MVP_DE_results_T_10_delta_5_scen_1_trial_1_inv_1_cap._1_cap.inc._1.json
PCV,Pfizer,5,1,1.0,6,0.0,1,10,5,1,1,1,1,MVP_DE_results_T_10_delta_5_scen_1_trial_1_inv_1_cap._1_cap.inc._1.json
PCV,Pfizer,5,1,1.0,7,0.0,1,10,5,1,1,1,1,MVP_DE_results_T_10_delta_5_scen_1_trial_1_inv_1_cap._1_cap.inc._1.json
PCV,Pfizer,5,1,1.0,9,0.0,1,10,5,1,1,1,1,MVP_DE_results_T_10_delta_5_scen_1_trial_1_inv_1_cap._1_cap.inc._1.json
PCV,Pfizer,5,1,1.0,8,0.0,1,10,5,1,1,1,1,MVP_DE_results_T_10_delta_5_scen_1_trial_1_inv_1_cap._1_cap.inc._1.json
PCV,Pfizer,5,2,0.0,5,0.0,1,10,5,1,1,1,1,MVP_DE_results_T_10_delta_5_scen_1_trial_1_inv_1_cap._1_cap.inc._1.json
PCV,Pfizer,5,2,0.0,6,0.0,1,10,5,1,1,1,1,MVP_DE_results_T_10_delta_5_scen_1_trial_1_inv_1_cap._1_cap.inc._1.json
PCV,Pfizer,5,2,0.0,7,0.0,1,10,5,1,1,1,1,MVP_DE_results_T_10_delta_5_scen_1_trial_1_inv_1_cap._1_cap.inc._1.json
PCV,Pfizer,5,2,0.0,9,0.0,1,10,5,1,1,1,1,MVP_DE_results_T_10_delta_5_scen_1_trial_1_inv_1_cap._1_cap.inc._1.json
PCV,Pfizer,5,2,0.0,8,0.0,1,10,5,1,1,1,1,MVP_DE_results_T_10_delta_5_scen_1_trial_1_inv_1_cap._1_cap.inc._1.json
PCV,Pfizer,6,1,1.0,6,0.0,1,10,5,1,1,1,1,MVP_DE_results_T_10_delta_5_scen_1_trial_1_inv_1_cap._1_cap.inc._1.json
PCV,Pfizer,6,1,1.0,7,0.7050439495716055,1,10,5,1,1,1,1,MVP_DE_results_T_10_delta_5_scen_1_trial_1_inv_1_cap._1_cap.inc._1.json
PCV,Pfizer,6,1,1.0,10,0.0,1,10,5,1,1,1,1,MVP_DE_results_T_10_delta_5_scen_1_trial_1_inv_1_cap._1_cap.inc._1.json
PCV,Pfizer,6,1,1.0,9,0.0,1,10,5,1,1,1,1,MVP_DE_results_T_10_delta_5_scen_1_trial_1_inv_1_cap._1_cap.inc._1.json
PCV,Pfizer,6,1,1.0,8,0.0,1,10,5,1,1,1,1,MVP_DE_results_T_10_delta_5_scen_1_trial_1_inv_1_cap._1_cap.inc._1.json
PCV,Pfizer,6,2,0.0,6,0.0,1,10,5,1,1,1,1,MVP_DE_results_T_10_delta_5_scen_1_trial_1_inv_1_cap._1_cap.inc._1.json
PCV,Pfizer,6,2,0.0,7,0.0,1,10,5,1,1,1,1,MVP_DE_results_T_10_delta_5_scen_1_trial_1_inv_1_cap._1_cap.inc._1.json
PCV,Pfizer,6,2,0.0,10,0.0,1,10,5,1,1,1,1,MVP_DE_results_T_10_delta_5_scen_1_trial_1_inv_1_cap._1_cap.inc._1.json
PCV,Pfizer,6,2,0.0,9,0.0,1,10,5,1,1,1,1,MVP_DE_results_T_10_delta_5_scen_1_trial_1_inv_1_cap._1_cap.inc._1.json
PCV,Pfizer,6,2,0.0,8,0.0,1,10,5,1,1,1,1,MVP_DE_results_T_10_delta_5_scen_1_trial_1_inv_1_cap._1_cap.inc._1.json
PCV,Pfizer,7,1,1.0,7,0.0,1,10,5,1,1,1,1,MVP_DE_results_T_10_delta_5_scen_1_trial_1_inv_1_cap._1_cap.inc._1.json
PCV,Pfizer,7,1,1.0,10,0.0,1,10,5,1,1,1,1,MVP_DE_results_T_10_delta_5_scen_1_trial_1_inv_1_cap._1_cap.inc._1.json
PCV,Pfizer,7,1,1.0,9,0.0,1,10,5,1,1,1,1,MVP_DE_results_T_10_delta_5_scen_1_trial_1_inv_1_cap._1_cap.inc._1.json
PCV,Pfizer,7,1,1.0,8,0.0,1,10,5,1,1,1,1,MVP_DE_results_T_10_delta_5_scen_1_trial_1_inv_1_cap._1_cap.inc._1.json
PCV,Pfizer,7,2,0.0,7,0.0,1,10,5,1,1,1,1,MVP_DE_results_T_10_delta_5_scen_1_trial_1_inv_1_cap._1_cap.inc._1.json
PCV,Pfizer,7,2,0.0,10,0.0,1,10,5,1,1,1,1,MVP_DE_results_T_10_delta_5_scen_1_trial_1_inv_1_cap._1_cap.inc._1.json
PCV,Pfizer,7,2,0.0,9,0.0,1,10,5,1,1,1,1,MVP_DE_results_T_10_delta_5_scen_1_trial_1_inv_1_cap._1_cap.inc._1.json
PCV,Pfizer,7,2,0.0,8,0.0,1,10,5,1,1,1,1,MVP_DE_results_T_10_delta_5_scen_1_trial_1_inv_1_cap._1_cap.inc._1.json
PCV,Pfizer,8,1,1.0,10,0.0,1,10,5,1,1,1,1,MVP_DE_results_T_10_delta_5_scen_1_trial_1_inv_1_cap._1_cap.inc._1.json
PCV,Pfizer,8,1,1.0,9,0.7063066355025942,1,10,5,1,1,1,1,MVP_DE_results_T_10_delta_5_scen_1_trial_1_inv_1_cap._1_cap.inc._1.json
PCV,Pfizer,8,1,1.0,8,0.0,1,10,5,1,1,1,1,MVP_DE_results_T_10_delta_5_scen_1_trial_1_inv_1_cap._1_cap.inc._1.json
PCV,Pfizer,8,2,0.0,10,0.0,1,10,5,1,1,1,1,MVP_DE_results_T_10_delta_5_scen_1_trial_1_inv_1_cap._1_cap.inc._1.json
PCV,Pfizer,8,2,0.0,9,0.0,1,10,5,1,1,1,1,MVP_DE_results_T_10_delta_5_scen_1_trial_1_inv_1_cap._1_cap.inc._1.json
PCV,Pfizer,8,2,0.0,8,0.0,1,10,5,1,1,1,1,MVP_DE_results_T_10_delta_5_scen_1_trial_1_inv_1_cap._1_cap.inc._1.json
PCV,Pfizer,9,1,1.0,10,0.0,1,10,5,1,1,1,1,MVP_DE_results_T_10_delta_5_scen_1_trial_1_inv_1_cap._1_cap.inc._1.json
PCV,Pfizer,9,1,1.0,9,0.0,1,10,5,1,1,1,1,MVP_DE_results_T_10_delta_5_scen_1_trial_1_inv_1_cap._1_cap.inc._1.json
PCV,Pfizer,9,2,0.0,10,0.0,1,10,5,1,1,1,1,MVP_DE_results_T_10_delta_5_scen_1_trial_1_inv_1_cap._1_cap.inc._1.json
PCV,Pfizer,9,2,0.0,9,0.0,1,10,5,1,1,1,1,MVP_DE_results_T_10_delta_5_scen_1_trial_1_inv_1_cap._1_cap.inc._1.json
PCV,Pfizer,10,1,1.0,10,0.7066230139846782,1,10,5,1,1,1,1,MVP_DE_results_T_10_delta_5_scen_1_trial_1_inv_1_cap._1_cap.inc._1.json
PCV,Pfizer,10,2,-0.0,10,-0.0,1,10,5,1,1,1,1,MVP_DE_results_T_10_delta_5_scen_1_trial_1_inv_1_cap._1_cap.inc._1.json
PCV,Serum_Institute,1,1,1.0,5,0.0,1,10,5,1,1,1,1,MVP_DE_results_T_10_delta_5_scen_1_trial_1_inv_1_cap._1_cap.inc._1.json
PCV,Serum_Institute,1,1,1.0,4,0.0,1,10,5,1,1,1,1,MVP_DE_results_T_10_delta_5_scen_1_trial_1_inv_1_cap._1_cap.inc._1.json
PCV,Serum_Institute,1,1,1.0,2,0.0,1,10,5,1,1,1,1,MVP_DE_results_T_10_delta_5_scen_1_trial_1_inv_1_cap._1_cap.inc._1.json
PCV,Serum_Institute,1,1,1.0,3,0.0,1,10,5,1,1,1,1,MVP_DE_results_T_10_delta_5_scen_1_trial_1_inv_1_cap._1_cap.inc._1.json
PCV,Serum_Institute,1,1,1.0,1,0.0,1,10,5,1,1,1,1,MVP_DE_results_T_10_delta_5_scen_1_trial_1_inv_1_cap._1_cap.inc._1.json
PCV,Serum_Institute,1,2,0.0,5,0.0,1,10,5,1,1,1,1,MVP_DE_results_T_10_delta_5_scen_1_trial_1_inv_1_cap._1_cap.inc._1.json
PCV,Serum_Institute,1,2,0.0,4,0.0,1,10,5,1,1,1,1,MVP_DE_results_T_10_delta_5_scen_1_trial_1_inv_1_cap._1_cap.inc._1.json
PCV,Serum_Institute,1,2,0.0,2,0.0,1,10,5,1,1,1,1,MVP_DE_results_T_10_delta_5_scen_1_trial_1_inv_1_cap._1_cap.inc._1.json
PCV,Serum_Institute,1,2,0.0,3,0.0,1,10,5,1,1,1,1,MVP_DE_results_T_10_delta_5_scen_1_trial_1_inv_1_cap._1_cap.inc._1.json
PCV,Serum_Institute,1,2,0.0,1,0.0,1,10,5,1,1,1,1,MVP_DE_results_T_10_delta_5_scen_1_trial_1_inv_1_cap._1_cap.inc._1.json
PCV,Serum_Institute,2,1,1.0,5,0.0,1,10,5,1,1,1,1,MVP_DE_results_T_10_delta_5_scen_1_trial_1_inv_1_cap._1_cap.inc._1.json
PCV,Serum_Institute,2,1,1.0,4,0.0,1,10,5,1,1,1,1,MVP_DE_results_T_10_delta_5_scen_1_trial_1_inv_1_cap._1_cap.inc._1.json
PCV,Serum_Institute,2,1,1.0,6,0.0,1,10,5,1,1,1,1,MVP_DE_results_T_10_delta_5_scen_1_trial_1_inv_1_cap._1_cap.inc._1.json
PCV,Serum_Institute,2,1,1.0,2,0.0,1,10,5,1,1,1,1,MVP_DE_results_T_10_delta_5_scen_1_trial_1_inv_1_cap._1_cap.inc._1.json
PCV,Serum_Institute,2,1,1.0,3,0.0,1,10,5,1,1,1,1,MVP_DE_results_T_10_delta_5_scen_1_trial_1_inv_1_cap._1_cap.inc._1.json
PCV,Serum_Institute,2,2,0.0,5,0.0,1,10,5,1,1,1,1,MVP_DE_results_T_10_delta_5_scen_1_trial_1_inv_1_cap._1_cap.inc._1.json
PCV,Serum_Institute,2,2,0.0,4,0.0,1,10,5,1,1,1,1,MVP_DE_results_T_10_delta_5_scen_1_trial_1_inv_1_cap._1_cap.inc._1.json
PCV,Serum_Institute,2,2,0.0,6,0.0,1,10,5,1,1,1,1,MVP_DE_results_T_10_delta_5_scen_1_trial_1_inv_1_cap._1_cap.inc._1.json
PCV,Serum_Institute,2,2,0.0,2,0.0,1,10,5,1,1,1,1,MVP_DE_results_T_10_delta_5_scen_1_trial_1_inv_1_cap._1_cap.inc._1.json
PCV,Serum_Institute,2,2,0.0,3,0.0,1,10,5,1,1,1,1,MVP_DE_results_T_10_delta_5_scen_1_trial_1_inv_1_cap._1_cap.inc._1.json
PCV,Serum_Institute,3,1,1.0,5,0.0,1,10,5,1,1,1,1,MVP_DE_results_T_10_delta_5_scen_1_trial_1_inv_1_cap._1_cap.inc._1.json
PCV,Serum_Institute,3,1,1.0,4,0.0,1,10,5,1,1,1,1,MVP_DE_results_T_10_delta_5_scen_1_trial_1_inv_1_cap._1_cap.inc._1.json
PCV,Serum_Institute,3,1,1.0,6,0.0,1,10,5,1,1,1,1,MVP_DE_results_T_10_delta_5_scen_1_trial_1_inv_1_cap._1_cap.inc._1.json
PCV,Serum_Institute,3,1,1.0,7,0.0,1,10,5,1,1,1,1,MVP_DE_results_T_10_delta_5_scen_1_trial_1_inv_1_cap._1_cap.inc._1.json
PCV,Serum_Institute,3,1,1.0,3,0.0,1,10,5,1,1,1,1,MVP_DE_results_T_10_delta_5_scen_1_trial_1_inv_1_cap._1_cap.inc._1.json
PCV,Serum_Institute,3,2,0.0,5,0.0,1,10,5,1,1,1,1,MVP_DE_results_T_10_delta_5_scen_1_trial_1_inv_1_cap._1_cap.inc._1.json
PCV,Serum_Institute,3,2,0.0,4,0.0,1,10,5,1,1,1,1,MVP_DE_results_T_10_delta_5_scen_1_trial_1_inv_1_cap._1_cap.inc._1.json
PCV,Serum_Institute,3,2,0.0,6,0.0,1,10,5,1,1,1,1,MVP_DE_results_T_10_delta_5_scen_1_trial_1_inv_1_cap._1_cap.inc._1.json
PCV,Serum_Institute,3,2,0.0,7,0.0,1,10,5,1,1,1,1,MVP_DE_results_T_10_delta_5_scen_1_trial_1_inv_1_cap._1_cap.inc._1.json
PCV,Serum_Institute,3,2,0.0,3,0.0,1,10,5,1,1,1,1,MVP_DE_results_T_10_delta_5_scen_1_trial_1_inv_1_cap._1_cap.inc._1.json
PCV,Serum_Institute,4,1,1.0,5,0.0,1,10,5,1,1,1,1,MVP_DE_results_T_10_delta_5_scen_1_trial_1_inv_1_cap._1_cap.inc._1.json
PCV,Serum_Institute,4,1,1.0,4,0.0,1,10,5,1,1,1,1,MVP_DE_results_T_10_delta_5_scen_1_trial_1_inv_1_cap._1_cap.inc._1.json
PCV,Serum_Institute,4,1,1.0,6,0.0,1,10,5,1,1,1,1,MVP_DE_results_T_10_delta_5_scen_1_trial_1_inv_1_cap._1_cap.inc._1.json
PCV,Serum_Institute,4,1,1.0,7,0.0,1,10,5,1,1,1,1,MVP_DE_results_T_10_delta_5_scen_1_trial_1_inv_1_cap._1_cap.inc._1.json
PCV,Serum_Institute,4,1,1.0,8,0.0,1,10,5,1,1,1,1,MVP_DE_results_T_10_delta_5_scen_1_trial_1_inv_1_cap._1_cap.inc._1.json
PCV,Serum_Institute,4,2,0.0,5,0.0,1,10,5,1,1,1,1,MVP_DE_results_T_10_delta_5_scen_1_trial_1_inv_1_cap._1_cap.inc._1.json
PCV,Serum_Institute,4,2,0.0,4,0.0,1,10,5,1,1,1,1,MVP_DE_results_T_10_delta_5_scen_1_trial_1_inv_1_cap._1_cap.inc._1.json
PCV,Serum_Institute,4,2,0.0,6,0.0,1,10,5,1,1,1,1,MVP_DE_results_T_10_delta_5_scen_1_trial_1_inv_1_cap._1_cap.inc._1.json
PCV,Serum_Institute,4,2,0.0,7,0.0,1,10,5,1,1,1,1,MVP_DE_results_T_10_delta_5_scen_1_trial_1_inv_1_cap._1_cap.inc._1.json
PCV,Serum_Institute,4,2,0.0,8,0.0,1,10,5,1,1,1,1,MVP_DE_results_T_10_delta_5_scen_1_trial_1_inv_1_cap._1_cap.inc._1.json
PCV,Serum_Institute,5,1,1.0,5,0.0,1,10,5,1,1,1,1,MVP_DE_results_T_10_delta_5_scen_1_trial_1_inv_1_cap._1_cap.inc._1.json
PCV,Serum_Institute,5,1,1.0,6,0.0,1,10,5,1,1,1,1,MVP_DE_results_T_10_delta_5_scen_1_trial_1_inv_1_cap._1_cap.inc._1.json
PCV,Serum_Institute,5,1,1.0,7,0.0,1,10,5,1,1,1,1,MVP_DE_results_T_10_delta_5_scen_1_trial_1_inv_1_cap._1_cap.inc._1.json
PCV,Serum_Institute,5,1,1.0,9,0.0,1,10,5,1,1,1,1,MVP_DE_results_T_10_delta_5_scen_1_trial_1_inv_1_cap._1_cap.inc._1.json
PCV,Serum_Institute,5,1,1.0,8,0.0,1,10,5,1,1,1,1,MVP_DE_results_T_10_delta_5_scen_1_trial_1_inv_1_cap._1_cap.inc._1.json
PCV,Serum_Institute,5,2,0.0,5,0.0,1,10,5,1,1,1,1,MVP_DE_results_T_10_delta_5_scen_1_trial_1_inv_1_cap._1_cap.inc._1.json
PCV,Serum_Institute,5,2,0.0,6,0.0,1,10,5,1,1,1,1,MVP_DE_results_T_10_delta_5_scen_1_trial_1_inv_1_cap._1_cap.inc._1.json
PCV,Serum_Institute,5,2,0.0,7,0.0,1,10,5,1,1,1,1,MVP_DE_results_T_10_delta_5_scen_1_trial_1_inv_1_cap._1_cap.inc._1.json
PCV,Serum_Institute,5,2,0.0,9,0.0,1,10,5,1,1,1,1,MVP_DE_results_T_10_delta_5_scen_1_trial_1_inv_1_cap._1_cap.inc._1.json
PCV,Serum_Institute,5,2,0.0,8,0.0,1,10,5,1,1,1,1,MVP_DE_results_T_10_delta_5_scen_1_trial_1_inv_1_cap._1_cap.inc._1.json
PCV,Serum_Institute,6,1,1.0,6,0.0,1,10,5,1,1,1,1,MVP_DE_results_T_10_delta_5_scen_1_trial_1_inv_1_cap._1_cap.inc._1.json
PCV,Serum_Institute,6,1,1.0,7,0.0,1,10,5,1,1,1,1,MVP_DE_results_T_10_delta_5_scen_1_trial_1_inv_1_cap._1_cap.inc._1.json
PCV,Serum_Institute,6,1,1.0,10,0.0,1,10,5,1,1,1,1,MVP_DE_results_T_10_delta_5_scen_1_trial_1_inv_1_cap._1_cap.inc._1.json
PCV,Serum_Institute,6,1,1.0,9,0.0,1,10,5,1,1,1,1,MVP_DE_results_T_10_delta_5_scen_1_trial_1_inv_1_cap._1_cap.inc._1.json
PCV,Serum_Institute,6,1,1.0,8,0.0,1,10,5,1,1,1,1,MVP_DE_results_T_10_delta_5_scen_1_trial_1_inv_1_cap._1_cap.inc._1.json
PCV,Serum_Institute,6,2,0.0,6,0.0,1,10,5,1,1,1,1,MVP_DE_results_T_10_delta_5_scen_1_trial_1_inv_1_cap._1_cap.inc._1.json
PCV,Serum_Institute,6,2,0.0,7,0.0,1,10,5,1,1,1,1,MVP_DE_results_T_10_delta_5_scen_1_trial_1_inv_1_cap._1_cap.inc._1.json
PCV,Serum_Institute,6,2,0.0,10,0.0,1,10,5,1,1,1,1,MVP_DE_results_T_10_delta_5_scen_1_trial_1_inv_1_cap._1_cap.inc._1.json
PCV,Serum_Institute,6,2,0.0,9,0.0,1,10,5,1,1,1,1,MVP_DE_results_T_10_delta_5_scen_1_trial_1_inv_1_cap._1_cap.inc._1.json
PCV,Serum_Institute,6,2,0.0,8,0.0,1,10,5,1,1,1,1,MVP_DE_results_T_10_delta_5_scen_1_trial_1_inv_1_cap._1_cap.inc._1.json
PCV,Serum_Institute,7,1,1.0,7,0.0,1,10,5,1,1,1,1,MVP_DE_results_T_10_delta_5_scen_1_trial_1_inv_1_cap._1_cap.inc._1.json
PCV,Serum_Institute,7,1,1.0,10,0.0,1,10,5,1,1,1,1,MVP_DE_results_T_10_delta_5_scen_1_trial_1_inv_1_cap._1_cap.inc._1.json
PCV,Serum_Institute,7,1,1.0,9,0.0,1,10,5,1,1,1,1,MVP_DE_results_T_10_delta_5_scen_1_trial_1_inv_1_cap._1_cap.inc._1.json
PCV,Serum_Institute,7,1,1.0,8,0.0,1,10,5,1,1,1,1,MVP_DE_results_T_10_delta_5_scen_1_trial_1_inv_1_cap._1_cap.inc._1.json
PCV,Serum_Institute,7,2,0.0,7,0.0,1,10,5,1,1,1,1,MVP_DE_results_T_10_delta_5_scen_1_trial_1_inv_1_cap._1_cap.inc._1.json
PCV,Serum_Institute,7,2,0.0,10,0.0,1,10,5,1,1,1,1,MVP_DE_results_T_10_delta_5_scen_1_trial_1_inv_1_cap._1_cap.inc._1.json
PCV,Serum_Institute,7,2,0.0,9,0.0,1,10,5,1,1,1,1,MVP_DE_results_T_10_delta_5_scen_1_trial_1_inv_1_cap._1_cap.inc._1.json
PCV,Serum_Institute,7,2,0.0,8,0.0,1,10,5,1,1,1,1,MVP_DE_results_T_10_delta_5_scen_1_trial_1_inv_1_cap._1_cap.inc._1.json
PCV,Serum_Institute,8,1,1.0,10,0.0,1,10,5,1,1,1,1,MVP_DE_results_T_10_delta_5_scen_1_trial_1_inv_1_cap._1_cap.inc._1.json
PCV,Serum_Institute,8,1,1.0,9,0.0,1,10,5,1,1,1,1,MVP_DE_results_T_10_delta_5_scen_1_trial_1_inv_1_cap._1_cap.inc._1.json
PCV,Serum_Institute,8,1,1.0,8,0.0,1,10,5,1,1,1,1,MVP_DE_results_T_10_delta_5_scen_1_trial_1_inv_1_cap._1_cap.inc._1.json
PCV,Serum_Institute,8,2,0.0,10,0.0,1,10,5,1,1,1,1,MVP_DE_results_T_10_delta_5_scen_1_trial_1_inv_1_cap._1_cap.inc._1.json
PCV,Serum_Institute,8,2,0.0,9,0.0,1,10,5,1,1,1,1,MVP_DE_results_T_10_delta_5_scen_1_trial_1_inv_1_cap._1_cap.inc._1.json
PCV,Serum_Institute,8,2,0.0,8,0.0,1,10,5,1,1,1,1,MVP_DE_results_T_10_delta_5_scen_1_trial_1_inv_1_cap._1_cap.inc._1.json
PCV,Serum_Institute,9,1,1.0,10,0.0,1,10,5,1,1,1,1,MVP_DE_results_T_10_delta_5_scen_1_trial_1_inv_1_cap._1_cap.inc._1.json
PCV,Serum_Institute,9,1,1.0,9,0.0,1,10,5,1,1,1,1,MVP_DE_results_T_10_delta_5_scen_1_trial_1_inv_1_cap._1_cap.inc._1.json
PCV,Serum_Institute,9,2,0.0,10,0.0,1,10,5,1,1,1,1,MVP_DE_results_T_10_delta_5_scen_1_trial_1_inv_1_cap._1_cap.inc._1.json
PCV,Serum_Institute,9,2,0.0,9,0.0,1,10,5,1,1,1,1,MVP_DE_results_T_10_delta_5_scen_1_trial_1_inv_1_cap._1_cap.inc._1.json
PCV,Serum_Institute,10,1,1.0,10,0.0,1,10,5,1,1,1,1,MVP_DE_results_T_10_delta_5_scen_1_trial_1_inv_1_cap._1_cap.inc._1.json
PCV,Serum_Institute,10,2,0.0,10,0.0,1,10,5,1,1,1,1,MVP_DE_results_T_10_delta_5_scen_1_trial_1_inv_1_cap._1_cap.inc._1.json
Penta,Biological_E,1,1,1.0,5,0.0,1,10,5,1,1,1,1,MVP_DE_results_T_10_delta_5_scen_1_trial_1_inv_1_cap._1_cap.inc._1.json
Penta,Biological_E,1,1,1.0,4,0.0,1,10,5,1,1,1,1,MVP_DE_results_T_10_delta_5_scen_1_trial_1_inv_1_cap._1_cap.inc._1.json
Penta,Biological_E,1,1,1.0,2,0.0,1,10,5,1,1,1,1,MVP_DE_results_T_10_delta_5_scen_1_trial_1_inv_1_cap._1_cap.inc._1.json
Penta,Biological_E,1,1,1.0,3,0.0,1,10,5,1,1,1,1,MVP_DE_results_T_10_delta_5_scen_1_trial_1_inv_1_cap._1_cap.inc._1.json
Penta,Biological_E,1,1,1.0,1,53270.0,1,10,5,1,1,1,1,MVP_DE_results_T_10_delta_5_scen_1_trial_1_inv_1_cap._1_cap.inc._1.json
Penta,Biological_E,1,2,0.0,5,0.0,1,10,5,1,1,1,1,MVP_DE_results_T_10_delta_5_scen_1_trial_1_inv_1_cap._1_cap.inc._1.json
Penta,Biological_E,1,2,0.0,4,0.0,1,10,5,1,1,1,1,MVP_DE_results_T_10_delta_5_scen_1_trial_1_inv_1_cap._1_cap.inc._1.json
Penta,Biological_E,1,2,0.0,2,0.0,1,10,5,1,1,1,1,MVP_DE_results_T_10_delta_5_scen_1_trial_1_inv_1_cap._1_cap.inc._1.json
Penta,Biological_E,1,2,0.0,3,0.0,1,10,5,1,1,1,1,MVP_DE_results_T_10_delta_5_scen_1_trial_1_inv_1_cap._1_cap.inc._1.json
Penta,Biological_E,1,2,0.0,1,0.0,1,10,5,1,1,1,1,MVP_DE_results_T_10_delta_5_scen_1_trial_1_inv_1_cap._1_cap.inc._1.json
Penta,Biological_E,2,1,0.0,5,0.0,1,10,5,1,1,1,1,MVP_DE_results_T_10_delta_5_scen_1_trial_1_inv_1_cap._1_cap.inc._1.json
Penta,Biological_E,2,1,0.0,4,0.0,1,10,5,1,1,1,1,MVP_DE_results_T_10_delta_5_scen_1_trial_1_inv_1_cap._1_cap.inc._1.json
Penta,Biological_E,2,1,0.0,6,0.0,1,10,5,1,1,1,1,MVP_DE_results_T_10_delta_5_scen_1_trial_1_inv_1_cap._1_cap.inc._1.json
Penta,Biological_E,2,1,0.0,2,0.0,1,10,5,1,1,1,1,MVP_DE_results_T_10_delta_5_scen_1_trial_1_inv_1_cap._1_cap.inc._1.json
Penta,Biological_E,2,1,0.0,3,0.0,1,10,5,1,1,1,1,MVP_DE_results_T_10_delta_5_scen_1_trial_1_inv_1_cap._1_cap.inc._1.json
Penta,Biological_E,2,2,1.0,5,213080.0,1,10,5,1,1,1,1,MVP_DE_results_T_10_delta_5_scen_1_trial_1_inv_1_cap._1_cap.inc._1.json
Penta,Biological_E,2,2,1.0,4,159810.0,1,10,5,1,1,1,1,MVP_DE_results_T_10_delta_5_scen_1_trial_1_inv_1_cap._1_cap.inc._1.json
Penta,Biological_E,2,2,1.0,6,266350.0,1,10,5,1,1,1,1,MVP_DE_results_T_10_delta_5_scen_1_trial_1_inv_1_cap._1_cap.inc._1.json
Penta,Biological_E,2,2,1.0,2,60000.0,1,10,5,1,1,1,1,MVP_DE_results_T_10_delta_5_scen_1_trial_1_inv_1_cap._1_cap.inc._1.json
Penta,Biological_E,2,2,1.0,3,106540.0,1,10,5,1,1,1,1,MVP_DE_results_T_10_delta_5_scen_1_trial_1_inv_1_cap._1_cap.inc._1.json
Penta,Biological_E,3,1,0.0,5,0.0,1,10,5,1,1,1,1,MVP_DE_results_T_10_delta_5_scen_1_trial_1_inv_1_cap._1_cap.inc._1.json
Penta,Biological_E,3,1,0.0,4,0.0,1,10,5,1,1,1,1,MVP_DE_results_T_10_delta_5_scen_1_trial_1_inv_1_cap._1_cap.inc._1.json
Penta,Biological_E,3,1,0.0,6,0.0,1,10,5,1,1,1,1,MVP_DE_results_T_10_delta_5_scen_1_trial_1_inv_1_cap._1_cap.inc._1.json
Penta,Biological_E,3,1,0.0,7,0.0,1,10,5,1,1,1,1,MVP_DE_results_T_10_delta_5_scen_1_trial_1_inv_1_cap._1_cap.inc._1.json
Penta,Biological_E,3,1,0.0,3,0.0,1,10,5,1,1,1,1,MVP_DE_results_T_10_delta_5_scen_1_trial_1_inv_1_cap._1_cap.inc._1.json
Penta,Biological_E,3,2,1.0,5,159810.0,1,10,5,1,1,1,1,MVP_DE_results_T_10_delta_5_scen_1_trial_1_inv_1_cap._1_cap.inc._1.json
Penta,Biological_E,3,2,1.0,4,106540.0,1,10,5,1,1,1,1,MVP_DE_results_T_10_delta_5_scen_1_trial_1_inv_1_cap._1_cap.inc._1.json
Penta,Biological_E,3,2,1.0,6,213080.0,1,10,5,1,1,1,1,MVP_DE_results_T_10_delta_5_scen_1_trial_1_inv_1_cap._1_cap.inc._1.json
Penta,Biological_E,3,2,1.0,7,253149.0,1,10,5,1,1,1,1,MVP_DE_results_T_10_delta_5_scen_1_trial_1_inv_1_cap._1_cap.inc._1.json
Penta,Biological_E,3,2,1.0,3,60000.0,1,10,5,1,1,1,1,MVP_DE_results_T_10_delta_5_scen_1_trial_1_inv_1_cap._1_cap.inc._1.json
Penta,Biological_E,4,1,0.0,5,0.0,1,10,5,1,1,1,1,MVP_DE_results_T_10_delta_5_scen_1_trial_1_inv_1_cap._1_cap.inc._1.json
Penta,Biological_E,4,1,0.0,4,0.0,1,10,5,1,1,1,1,MVP_DE_results_T_10_delta_5_scen_1_trial_1_inv_1_cap._1_cap.inc._1.json
Penta,Biological_E,4,1,0.0,6,0.0,1,10,5,1,1,1,1,MVP_DE_results_T_10_delta_5_scen_1_trial_1_inv_1_cap._1_cap.inc._1.json
Penta,Biological_E,4,1,0.0,7,0.0,1,10,5,1,1,1,1,MVP_DE_results_T_10_delta_5_scen_1_trial_1_inv_1_cap._1_cap.inc._1.json
Penta,Biological_E,4,1,0.0,8,0.0,1,10,5,1,1,1,1,MVP_DE_results_T_10_delta_5_scen_1_trial_1_inv_1_cap._1_cap.inc._1.json
Penta,Biological_E,4,2,1.0,5,106540.0,1,10,5,1,1,1,1,MVP_DE_results_T_10_delta_5_scen_1_trial_1_inv_1_cap._1_cap.inc._1.json
Penta,Biological_E,4,2,1.0,4,60000.0,1,10,5,1,1,1,1,MVP_DE_results_T_10_delta_5_scen_1_trial_1_inv_1_cap._1_cap.inc._1.json
Penta,Biological_E,4,2,1.0,6,159810.0,1,10,5,1,1,1,1,MVP_DE_results_T_10_delta_5_scen_1_trial_1_inv_1_cap._1_cap.inc._1.json
Penta,Biological_E,4,2,1.0,7,199879.0,1,10,5,1,1,1,1,MVP_DE_results_T_10_delta_5_scen_1_trial_1_inv_1_cap._1_cap.inc._1.json
Penta,Biological_E,4,2,1.0,8,245233.0,1,10,5,1,1,1,1,MVP_DE_results_T_10_delta_5_scen_1_trial_1_inv_1_cap._1_cap.inc._1.json
Penta,Biological_E,5,1,1.0,5,0.0,1,10,5,1,1,1,1,MVP_DE_results_T_10_delta_5_scen_1_trial_1_inv_1_cap._1_cap.inc._1.json
Penta,Biological_E,5,1,1.0,6,0.0,1,10,5,1,1,1,1,MVP_DE_results_T_10_delta_5_scen_1_trial_1_inv_1_cap._1_cap.inc._1.json
Penta,Biological_E,5,1,1.0,7,0.0,1,10,5,1,1,1,1,MVP_DE_results_T_10_delta_5_scen_1_trial_1_inv_1_cap._1_cap.inc._1.json
Penta,Biological_E,5,1,1.0,9,0.0,1,10,5,1,1,1,1,MVP_DE_results_T_10_delta_5_scen_1_trial_1_inv_1_cap._1_cap.inc._1.json
Penta,Biological_E,5,1,1.0,8,0.0,1,10,5,1,1,1,1,MVP_DE_results_T_10_delta_5_scen_1_trial_1_inv_1_cap._1_cap.inc._1.json
Penta,Biological_E,5,2,0.0,5,0.0,1,10,5,1,1,1,1,MVP_DE_results_T_10_delta_5_scen_1_trial_1_inv_1_cap._1_cap.inc._1.json
Penta,Biological_E,5,2,0.0,6,0.0,1,10,5,1,1,1,1,MVP_DE_results_T_10_delta_5_scen_1_trial_1_inv_1_cap._1_cap.inc._1.json
Penta,Biological_E,5,2,0.0,7,0.0,1,10,5,1,1,1,1,MVP_DE_results_T_10_delta_5_scen_1_trial_1_inv_1_cap._1_cap.inc._1.json
Penta,Biological_E,5,2,0.0,9,0.0,1,10,5,1,1,1,1,MVP_DE_results_T_10_delta_5_scen_1_trial_1_inv_1_cap._1_cap.inc._1.json
Penta,Biological_E,5,2,0.0,8,0.0,1,10,5,1,1,1,1,MVP_DE_results_T_10_delta_5_scen_1_trial_1_inv_1_cap._1_cap.inc._1.json
Penta,Biological_E,6,1,1.0,6,0.0,1,10,5,1,1,1,1,MVP_DE_results_T_10_delta_5_scen_1_trial_1_inv_1_cap._1_cap.inc._1.json
Penta,Biological_E,6,1,1.0,7,0.0,1,10,5,1,1,1,1,MVP_DE_results_T_10_delta_5_scen_1_trial_1_inv_1_cap._1_cap.inc._1.json
Penta,Biological_E,6,1,1.0,10,0.0,1,10,5,1,1,1,1,MVP_DE_results_T_10_delta_5_scen_1_trial_1_inv_1_cap._1_cap.inc._1.json
Penta,Biological_E,6,1,1.0,9,0.0,1,10,5,1,1,1,1,MVP_DE_results_T_10_delta_5_scen_1_trial_1_inv_1_cap._1_cap.inc._1.json
Penta,Biological_E,6,1,1.0,8,0.0,1,10,5,1,1,1,1,MVP_DE_results_T_10_delta_5_scen_1_trial_1_inv_1_cap._1_cap.inc._1.json
Penta,Biological_E,6,2,0.0,6,0.0,1,10,5,1,1,1,1,MVP_DE_results_T_10_delta_5_scen_1_trial_1_inv_1_cap._1_cap.inc._1.json
Penta,Biological_E,6,2,0.0,7,0.0,1,10,5,1,1,1,1,MVP_DE_results_T_10_delta_5_scen_1_trial_1_inv_1_cap._1_cap.inc._1.json
Penta,Biological_E,6,2,0.0,10,0.0,1,10,5,1,1,1,1,MVP_DE_results_T_10_delta_5_scen_1_trial_1_inv_1_cap._1_cap.inc._1.json
Penta,Biological_E,6,2,0.0,9,0.0,1,10,5,1,1,1,1,MVP_DE_results_T_10_delta_5_scen_1_trial_1_inv_1_cap._1_cap.inc._1.json
Penta,Biological_E,6,2,0.0,8,0.0,1,10,5,1,1,1,1,MVP_DE_results_T_10_delta_5_scen_1_trial_1_inv_1_cap._1_cap.inc._1.json
Penta,Biological_E,7,1,0.0,7,0.0,1,10,5,1,1,1,1,MVP_DE_results_T_10_delta_5_scen_1_trial_1_inv_1_cap._1_cap.inc._1.json
Penta,Biological_E,7,1,0.0,10,0.0,1,10,5,1,1,1,1,MVP_DE_results_T_10_delta_5_scen_1_trial_1_inv_1_cap._1_cap.inc._1.json
Penta,Biological_E,7,1,0.0,9,0.0,1,10,5,1,1,1,1,MVP_DE_results_T_10_delta_5_scen_1_trial_1_inv_1_cap._1_cap.inc._1.json
Penta,Biological_E,7,1,0.0,8,0.0,1,10,5,1,1,1,1,MVP_DE_results_T_10_delta_5_scen_1_trial_1_inv_1_cap._1_cap.inc._1.json
Penta,Biological_E,7,2,1.0,7,60000.0,1,10,5,1,1,1,1,MVP_DE_results_T_10_delta_5_scen_1_trial_1_inv_1_cap._1_cap.inc._1.json
Penta,Biological_E,7,2,1.0,10,85423.0,1,10,5,1,1,1,1,MVP_DE_results_T_10_delta_5_scen_1_trial_1_inv_1_cap._1_cap.inc._1.json
Penta,Biological_E,7,2,1.0,9,85423.0,1,10,5,1,1,1,1,MVP_DE_results_T_10_delta_5_scen_1_trial_1_inv_1_cap._1_cap.inc._1.json
Penta,Biological_E,7,2,1.0,8,85423.0,1,10,5,1,1,1,1,MVP_DE_results_T_10_delta_5_scen_1_trial_1_inv_1_cap._1_cap.inc._1.json
Penta,Biological_E,8,1,1.0,10,0.0,1,10,5,1,1,1,1,MVP_DE_results_T_10_delta_5_scen_1_trial_1_inv_1_cap._1_cap.inc._1.json
Penta,Biological_E,8,1,1.0,9,0.0,1,10,5,1,1,1,1,MVP_DE_results_T_10_delta_5_scen_1_trial_1_inv_1_cap._1_cap.inc._1.json
Penta,Biological_E,8,1,1.0,8,0.0,1,10,5,1,1,1,1,MVP_DE_results_T_10_delta_5_scen_1_trial_1_inv_1_cap._1_cap.inc._1.json
Penta,Biological_E,8,2,-0.0,10,0.0,1,10,5,1,1,1,1,MVP_DE_results_T_10_delta_5_scen_1_trial_1_inv_1_cap._1_cap.inc._1.json
Penta,Biological_E,8,2,-0.0,9,0.0,1,10,5,1,1,1,1,MVP_DE_results_T_10_delta_5_scen_1_trial_1_inv_1_cap._1_cap.inc._1.json
Penta,Biological_E,8,2,-0.0,8,0.0,1,10,5,1,1,1,1,MVP_DE_results_T_10_delta_5_scen_1_trial_1_inv_1_cap._1_cap.inc._1.json
Penta,Biological_E,9,1,1.0,10,0.0,1,10,5,1,1,1,1,MVP_DE_results_T_10_delta_5_scen_1_trial_1_inv_1_cap._1_cap.inc._1.json
Penta,Biological_E,9,1,1.0,9,0.0,1,10,5,1,1,1,1,MVP_DE_results_T_10_delta_5_scen_1_trial_1_inv_1_cap._1_cap.inc._1.json
Penta,Biological_E,9,2,0.0,10,0.0,1,10,5,1,1,1,1,MVP_DE_results_T_10_delta_5_scen_1_trial_1_inv_1_cap._1_cap.inc._1.json
Penta,Biological_E,9,2,0.0,9,0.0,1,10,5,1,1,1,1,MVP_DE_results_T_10_delta_5_scen_1_trial_1_inv_1_cap._1_cap.inc._1.json
Penta,Biological_E,10,1,1.0,10,0.0,1,10,5,1,1,1,1,MVP_DE_results_T_10_delta_5_scen_1_trial_1_inv_1_cap._1_cap.inc._1.json
Penta,Biological_E,10,2,-0.0,10,-0.0,1,10,5,1,1,1,1,MVP_DE_results_T_10_delta_5_scen_1_trial_1_inv_1_cap._1_cap.inc._1.json
Penta,LG_Chem,1,1,1.0,5,0.0,1,10,5,1,1,1,1,MVP_DE_results_T_10_delta_5_scen_1_trial_1_inv_1_cap._1_cap.inc._1.json
Penta,LG_Chem,1,1,1.0,4,0.0,1,10,5,1,1,1,1,MVP_DE_results_T_10_delta_5_scen_1_trial_1_inv_1_cap._1_cap.inc._1.json
Penta,LG_Chem,1,1,1.0,2,0.0,1,10,5,1,1,1,1,MVP_DE_results_T_10_delta_5_scen_1_trial_1_inv_1_cap._1_cap.inc._1.json
Penta,LG_Chem,1,1,1.0,3,0.0,1,10,5,1,1,1,1,MVP_DE_results_T_10_delta_5_scen_1_trial_1_inv_1_cap._1_cap.inc._1.json
Penta,LG_Chem,1,1,1.0,1,60100.0,1,10,5,1,1,1,1,MVP_DE_results_T_10_delta_5_scen_1_trial_1_inv_1_cap._1_cap.inc._1.json
Penta,LG_Chem,1,2,0.0,5,0.0,1,10,5,1,1,1,1,MVP_DE_results_T_10_delta_5_scen_1_trial_1_inv_1_cap._1_cap.inc._1.json
Penta,LG_Chem,1,2,0.0,4,0.0,1,10,5,1,1,1,1,MVP_DE_results_T_10_delta_5_scen_1_trial_1_inv_1_cap._1_cap.inc._1.json
Penta,LG_Chem,1,2,0.0,2,0.0,1,10,5,1,1,1,1,MVP_DE_results_T_10_delta_5_scen_1_trial_1_inv_1_cap._1_cap.inc._1.json
Penta,LG_Chem,1,2,0.0,3,0.0,1,10,5,1,1,1,1,MVP_DE_results_T_10_delta_5_scen_1_trial_1_inv_1_cap._1_cap.inc._1.json
Penta,LG_Chem,1,2,0.0,1,0.0,1,10,5,1,1,1,1,MVP_DE_results_T_10_delta_5_scen_1_trial_1_inv_1_cap._1_cap.inc._1.json
Penta,LG_Chem,2,1,0.0,5,0.0,1,10,5,1,1,1,1,MVP_DE_results_T_10_delta_5_scen_1_trial_1_inv_1_cap._1_cap.inc._1.json
Penta,LG_Chem,2,1,0.0,4,0.0,1,10,5,1,1,1,1,MVP_DE_results_T_10_delta_5_scen_1_trial_1_inv_1_cap._1_cap.inc._1.json
Penta,LG_Chem,2,1,0.0,6,0.0,1,10,5,1,1,1,1,MVP_DE_results_T_10_delta_5_scen_1_trial_1_inv_1_cap._1_cap.inc._1.json
Penta,LG_Chem,2,1,0.0,2,0.0,1,10,5,1,1,1,1,MVP_DE_results_T_10_delta_5_scen_1_trial_1_inv_1_cap._1_cap.inc._1.json
Penta,LG_Chem,2,1,0.0,3,0.0,1,10,5,1,1,1,1,MVP_DE_results_T_10_delta_5_scen_1_trial_1_inv_1_cap._1_cap.inc._1.json
Penta,LG_Chem,2,2,1.0,5,883740.0,1,10,5,1,1,1,1,MVP_DE_results_T_10_delta_5_scen_1_trial_1_inv_1_cap._1_cap.inc._1.json
Penta,LG_Chem,2,2,1.0,4,659040.0,1,10,5,1,1,1,1,MVP_DE_results_T_10_delta_5_scen_1_trial_1_inv_1_cap._1_cap.inc._1.json
Penta,LG_Chem,2,2,1.0,6,1108440.0,1,10,5,1,1,1,1,MVP_DE_results_T_10_delta_5_scen_1_trial_1_inv_1_cap._1_cap.inc._1.json
Penta,LG_Chem,2,2,1.0,2,209640.0,1,10,5,1,1,1,1,MVP_DE_results_T_10_delta_5_scen_1_trial_1_inv_1_cap._1_cap.inc._1.json
Penta,LG_Chem,2,2,1.0,3,434340.0,1,10,5,1,1,1,1,MVP_DE_results_T_10_delta_5_scen_1_trial_1_inv_1_cap._1_cap.inc._1.json
Penta,LG_Chem,3,1,0.0,5,0.0,1,10,5,1,1,1,1,MVP_DE_results_T_10_delta_5_scen_1_trial_1_inv_1_cap._1_cap.inc._1.json
Penta,LG_Chem,3,1,0.0,4,0.0,1,10,5,1,1,1,1,MVP_DE_results_T_10_delta_5_scen_1_trial_1_inv_1_cap._1_cap.inc._1.json
Penta,LG_Chem,3,1,0.0,6,0.0,1,10,5,1,1,1,1,MVP_DE_results_T_10_delta_5_scen_1_trial_1_inv_1_cap._1_cap.inc._1.json
Penta,LG_Chem,3,1,0.0,7,0.0,1,10,5,1,1,1,1,MVP_DE_results_T_10_delta_5_scen_1_trial_1_inv_1_cap._1_cap.inc._1.json
Penta,LG_Chem,3,1,0.0,3,0.0,1,10,5,1,1,1,1,MVP_DE_results_T_10_delta_5_scen_1_trial_1_inv_1_cap._1_cap.inc._1.json
Penta,LG_Chem,3,2,1.0,5,674100.0,1,10,5,1,1,1,1,MVP_DE_results_T_10_delta_5_scen_1_trial_1_inv_1_cap._1_cap.inc._1.json
Penta,LG_Chem,3,2,1.0,4,449400.0,1,10,5,1,1,1,1,MVP_DE_results_T_10_delta_5_scen_1_trial_1_inv_1_cap._1_cap.inc._1.json
Penta,LG_Chem,3,2,1.0,6,898800.0,1,10,5,1,1,1,1,MVP_DE_results_T_10_delta_5_scen_1_trial_1_inv_1_cap._1_cap.inc._1.json
Penta,LG_Chem,3,2,1.0,7,1123500.0,1,10,5,1,1,1,1,MVP_DE_results_T_10_delta_5_scen_1_trial_1_inv_1_cap._1_cap.inc._1.json
Penta,LG_Chem,3,2,1.0,3,224700.0,1,10,5,1,1,1,1,MVP_DE_results_T_10_delta_5_scen_1_trial_1_inv_1_cap._1_cap.inc._1.json
Penta,LG_Chem,4,1,0.0,5,0.0,1,10,5,1,1,1,1,MVP_DE_results_T_10_delta_5_scen_1_trial_1_inv_1_cap._1_cap.inc._1.json
Penta,LG_Chem,4,1,0.0,4,0.0,1,10,5,1,1,1,1,MVP_DE_results_T_10_delta_5_scen_1_trial_1_inv_1_cap._1_cap.inc._1.json
Penta,LG_Chem,4,1,0.0,6,0.0,1,10,5,1,1,1,1,MVP_DE_results_T_10_delta_5_scen_1_trial_1_inv_1_cap._1_cap.inc._1.json
Penta,LG_Chem,4,1,0.0,7,0.0,1,10,5,1,1,1,1,MVP_DE_results_T_10_delta_5_scen_1_trial_1_inv_1_cap._1_cap.inc._1.json
Penta,LG_Chem,4,1,0.0,8,0.0,1,10,5,1,1,1,1,MVP_DE_results_T_10_delta_5_scen_1_trial_1_inv_1_cap._1_cap.inc._1.json
Penta,LG_Chem,4,2,1.0,5,449400.0,1,10,5,1,1,1,1,MVP_DE_results_T_10_delta_5_scen_1_trial_1_inv_1_cap._1_cap.inc._1.json
Penta,LG_Chem,4,2,1.0,4,224700.0,1,10,5,1,1,1,1,MVP_DE_results_T_10_delta_5_scen_1_trial_1_inv_1_cap._1_cap.inc._1.json
Penta,LG_Chem,4,2,1.0,6,674100.0,1,10,5,1,1,1,1,MVP_DE_results_T_10_delta_5_scen_1_trial_1_inv_1_cap._1_cap.inc._1.json
Penta,LG_Chem,4,2,1.0,7,898800.0,1,10,5,1,1,1,1,MVP_DE_results_T_10_delta_5_scen_1_trial_1_inv_1_cap._1_cap.inc._1.json
Penta,LG_Chem,4,2,1.0,8,1123500.0,1,10,5,1,1,1,1,MVP_DE_results_T_10_delta_5_scen_1_trial_1_inv_1_cap._1_cap.inc._1.json
Penta,LG_Chem,5,1,1.0,5,0.0,1,10,5,1,1,1,1,MVP_DE_results_T_10_delta_5_scen_1_trial_1_inv_1_cap._1_cap.inc._1.json
Penta,LG_Chem,5,1,1.0,6,0.0,1,10,5,1,1,1,1,MVP_DE_results_T_10_delta_5_scen_1_trial_1_inv_1_cap._1_cap.inc._1.json
Penta,LG_Chem,5,1,1.0,7,0.0,1,10,5,1,1,1,1,MVP_DE_results_T_10_delta_5_scen_1_trial_1_inv_1_cap._1_cap.inc._1.json
Penta,LG_Chem,5,1,1.0,9,0.0,1,10,5,1,1,1,1,MVP_DE_results_T_10_delta_5_scen_1_trial_1_inv_1_cap._1_cap.inc._1.json
Penta,LG_Chem,5,1,1.0,8,0.0,1,10,5,1,1,1,1,MVP_DE_results_T_10_delta_5_scen_1_trial_1_inv_1_cap._1_cap.inc._1.json
Penta,LG_Chem,5,2,-0.0,5,0.0,1,10,5,1,1,1,1,MVP_DE_results_T_10_delta_5_scen_1_trial_1_inv_1_cap._1_cap.inc._1.json
Penta,LG_Chem,5,2,-0.0,6,0.0,1,10,5,1,1,1,1,MVP_DE_results_T_10_delta_5_scen_1_trial_1_inv_1_cap._1_cap.inc._1.json
Penta,LG_Chem,5,2,-0.0,7,0.0,1,10,5,1,1,1,1,MVP_DE_results_T_10_delta_5_scen_1_trial_1_inv_1_cap._1_cap.inc._1.json
Penta,LG_Chem,5,2,-0.0,9,0.0,1,10,5,1,1,1,1,MVP_DE_results_T_10_delta_5_scen_1_trial_1_inv_1_cap._1_cap.inc._1.json
Penta,LG_Chem,5,2,-0.0,8,0.0,1,10,5,1,1,1,1,MVP_DE_results_T_10_delta_5_scen_1_trial_1_inv_1_cap._1_cap.inc._1.json
Penta,LG_Chem,6,1,1.0,6,0.0,1,10,5,1,1,1,1,MVP_DE_results_T_10_delta_5_scen_1_trial_1_inv_1_cap._1_cap.inc._1.json
Penta,LG_Chem,6,1,1.0,7,0.0,1,10,5,1,1,1,1,MVP_DE_results_T_10_delta_5_scen_1_trial_1_inv_1_cap._1_cap.inc._1.json
Penta,LG_Chem,6,1,1.0,10,0.0,1,10,5,1,1,1,1,MVP_DE_results_T_10_delta_5_scen_1_trial_1_inv_1_cap._1_cap.inc._1.json
Penta,LG_Chem,6,1,1.0,9,0.0,1,10,5,1,1,1,1,MVP_DE_results_T_10_delta_5_scen_1_trial_1_inv_1_cap._1_cap.inc._1.json
Penta,LG_Chem,6,1,1.0,8,0.0,1,10,5,1,1,1,1,MVP_DE_results_T_10_delta_5_scen_1_trial_1_inv_1_cap._1_cap.inc._1.json
Penta,LG_Chem,6,2,-0.0,6,0.0,1,10,5,1,1,1,1,MVP_DE_results_T_10_delta_5_scen_1_trial_1_inv_1_cap._1_cap.inc._1.json
Penta,LG_Chem,6,2,-0.0,7,0.0,1,10,5,1,1,1,1,MVP_DE_results_T_10_delta_5_scen_1_trial_1_inv_1_cap._1_cap.inc._1.json
Penta,LG_Chem,6,2,-0.0,10,0.0,1,10,5,1,1,1,1,MVP_DE_results_T_10_delta_5_scen_1_trial_1_inv_1_cap._1_cap.inc._1.json
Penta,LG_Chem,6,2,-0.0,9,0.0,1,10,5,1,1,1,1,MVP_DE_results_T_10_delta_5_scen_1_trial_1_inv_1_cap._1_cap.inc._1.json
Penta,LG_Chem,6,2,-0.0,8,0.0,1,10,5,1,1,1,1,MVP_DE_results_T_10_delta_5_scen_1_trial_1_inv_1_cap._1_cap.inc._1.json
Penta,LG_Chem,7,1,0.0,7,0.0,1,10,5,1,1,1,1,MVP_DE_results_T_10_delta_5_scen_1_trial_1_inv_1_cap._1_cap.inc._1.json
Penta,LG_Chem,7,1,0.0,10,0.0,1,10,5,1,1,1,1,MVP_DE_results_T_10_delta_5_scen_1_trial_1_inv_1_cap._1_cap.inc._1.json
Penta,LG_Chem,7,1,0.0,9,0.0,1,10,5,1,1,1,1,MVP_DE_results_T_10_delta_5_scen_1_trial_1_inv_1_cap._1_cap.inc._1.json
Penta,LG_Chem,7,1,0.0,8,0.0,1,10,5,1,1,1,1,MVP_DE_results_T_10_delta_5_scen_1_trial_1_inv_1_cap._1_cap.inc._1.json
Penta,LG_Chem,7,2,1.0,7,224700.0,1,10,5,1,1,1,1,MVP_DE_results_T_10_delta_5_scen_1_trial_1_inv_1_cap._1_cap.inc._1.json
Penta,LG_Chem,7,2,1.0,10,898800.0,1,10,5,1,1,1,1,MVP_DE_results_T_10_delta_5_scen_1_trial_1_inv_1_cap._1_cap.inc._1.json
Penta,LG_Chem,7,2,1.0,9,674100.0,1,10,5,1,1,1,1,MVP_DE_results_T_10_delta_5_scen_1_trial_1_inv_1_cap._1_cap.inc._1.json
Penta,LG_Chem,7,2,1.0,8,449400.0,1,10,5,1,1,1,1,MVP_DE_results_T_10_delta_5_scen_1_trial_1_inv_1_cap._1_cap.inc._1.json
Penta,LG_Chem,8,1,1.0,10,0.0,1,10,5,1,1,1,1,MVP_DE_results_T_10_delta_5_scen_1_trial_1_inv_1_cap._1_cap.inc._1.json
Penta,LG_Chem,8,1,1.0,9,0.0,1,10,5,1,1,1,1,MVP_DE_results_T_10_delta_5_scen_1_trial_1_inv_1_cap._1_cap.inc._1.json
Penta,LG_Chem,8,1,1.0,8,0.0,1,10,5,1,1,1,1,MVP_DE_results_T_10_delta_5_scen_1_trial_1_inv_1_cap._1_cap.inc._1.json
Penta,LG_Chem,8,2,-0.0,10,0.0,1,10,5,1,1,1,1,MVP_DE_results_T_10_delta_5_scen_1_trial_1_inv_1_cap._1_cap.inc._1.json
Penta,LG_Chem,8,2,-0.0,9,0.0,1,10,5,1,1,1,1,MVP_DE_results_T_10_delta_5_scen_1_trial_1_inv_1_cap._1_cap.inc._1.json
Penta,LG_Chem,8,2,-0.0,8,0.0,1,10,5,1,1,1,1,MVP_DE_results_T_10_delta_5_scen_1_trial_1_inv_1_cap._1_cap.inc._1.json
Penta,LG_Chem,9,1,0.0,10,0.0,1,10,5,1,1,1,1,MVP_DE_results_T_10_delta_5_scen_1_trial_1_inv_1_cap._1_cap.inc._1.json
Penta,LG_Chem,9,1,0.0,9,0.0,1,10,5,1,1,1,1,MVP_DE_results_T_10_delta_5_scen_1_trial_1_inv_1_cap._1_cap.inc._1.json
Penta,LG_Chem,9,2,1.0,10,449400.0,1,10,5,1,1,1,1,MVP_DE_results_T_10_delta_5_scen_1_trial_1_inv_1_cap._1_cap.inc._1.json
Penta,LG_Chem,9,2,1.0,9,224700.0,1,10,5,1,1,1,1,MVP_DE_results_T_10_delta_5_scen_1_trial_1_inv_1_cap._1_cap.inc._1.json
Penta,LG_Chem,10,1,0.0,10,0.0,1,10,5,1,1,1,1,MVP_DE_results_T_10_delta_5_scen_1_trial_1_inv_1_cap._1_cap.inc._1.json
Penta,LG_Chem,10,2,1.0,10,224700.0,1,10,5,1,1,1,1,MVP_DE_results_T_10_delta_5_scen_1_trial_1_inv_1_cap._1_cap.inc._1.json
Penta,PT_Bio,1,1,1.0,5,0.0,1,10,5,1,1,1,1,MVP_DE_results_T_10_delta_5_scen_1_trial_1_inv_1_cap._1_cap.inc._1.json
Penta,PT_Bio,1,1,1.0,4,0.0,1,10,5,1,1,1,1,MVP_DE_results_T_10_delta_5_scen_1_trial_1_inv_1_cap._1_cap.inc._1.json
Penta,PT_Bio,1,1,1.0,2,0.0,1,10,5,1,1,1,1,MVP_DE_results_T_10_delta_5_scen_1_trial_1_inv_1_cap._1_cap.inc._1.json
Penta,PT_Bio,1,1,1.0,3,0.0,1,10,5,1,1,1,1,MVP_DE_results_T_10_delta_5_scen_1_trial_1_inv_1_cap._1_cap.inc._1.json
Penta,PT_Bio,1,1,1.0,1,59762.0,1,10,5,1,1,1,1,MVP_DE_results_T_10_delta_5_scen_1_trial_1_inv_1_cap._1_cap.inc._1.json
Penta,PT_Bio,1,2,0.0,5,0.0,1,10,5,1,1,1,1,MVP_DE_results_T_10_delta_5_scen_1_trial_1_inv_1_cap._1_cap.inc._1.json
Penta,PT_Bio,1,2,0.0,4,0.0,1,10,5,1,1,1,1,MVP_DE_results_T_10_delta_5_scen_1_trial_1_inv_1_cap._1_cap.inc._1.json
Penta,PT_Bio,1,2,0.0,2,0.0,1,10,5,1,1,1,1,MVP_DE_results_T_10_delta_5_scen_1_trial_1_inv_1_cap._1_cap.inc._1.json
Penta,PT_Bio,1,2,0.0,3,0.0,1,10,5,1,1,1,1,MVP_DE_results_T_10_delta_5_scen_1_trial_1_inv_1_cap._1_cap.inc._1.json
Penta,PT_Bio,1,2,0.0,1,0.0,1,10,5,1,1,1,1,MVP_DE_results_T_10_delta_5_scen_1_trial_1_inv_1_cap._1_cap.inc._1.json
Penta,PT_Bio,2,1,0.0,5,0.0,1,10,5,1,1,1,1,MVP_DE_results_T_10_delta_5_scen_1_trial_1_inv_1_cap._1_cap.inc._1.json
Penta,PT_Bio,2,1,0.0,4,0.0,1,10,5,1,1,1,1,MVP_DE_results_T_10_delta_5_scen_1_trial_1_inv_1_cap._1_cap.inc._1.json
Penta,PT_Bio,2,1,0.0,6,0.0,1,10,5,1,1,1,1,MVP_DE_results_T_10_delta_5_scen_1_trial_1_inv_1_cap._1_cap.inc._1.json
Penta,PT_Bio,2,1,0.0,2,0.0,1,10,5,1,1,1,1,MVP_DE_results_T_10_delta_5_scen_1_trial_1_inv_1_cap._1_cap.inc._1.json
Penta,PT_Bio,2,1,0.0,3,0.0,1,10,5,1,1,1,1,MVP_DE_results_T_10_delta_5_scen_1_trial_1_inv_1_cap._1_cap.inc._1.json
Penta,PT_Bio,2,2,1.0,5,253680.0,1,10,5,1,1,1,1,MVP_DE_results_T_10_delta_5_scen_1_trial_1_inv_1_cap._1_cap.inc._1.json
Penta,PT_Bio,2,2,1.0,4,190260.0,1,10,5,1,1,1,1,MVP_DE_results_T_10_delta_5_scen_1_trial_1_inv_1_cap._1_cap.inc._1.json
Penta,PT_Bio,2,2,1.0,6,317100.0,1,10,5,1,1,1,1,MVP_DE_results_T_10_delta_5_scen_1_trial_1_inv_1_cap._1_cap.inc._1.json
Penta,PT_Bio,2,2,1.0,2,63420.0,1,10,5,1,1,1,1,MVP_DE_results_T_10_delta_5_scen_1_trial_1_inv_1_cap._1_cap.inc._1.json
Penta,PT_Bio,2,2,1.0,3,126840.0,1,10,5,1,1,1,1,MVP_DE_results_T_10_delta_5_scen_1_trial_1_inv_1_cap._1_cap.inc._1.json
Penta,PT_Bio,3,1,0.0,5,0.0,1,10,5,1,1,1,1,MVP_DE_results_T_10_delta_5_scen_1_trial_1_inv_1_cap._1_cap.inc._1.json
Penta,PT_Bio,3,1,0.0,4,0.0,1,10,5,1,1,1,1,MVP_DE_results_T_10_delta_5_scen_1_trial_1_inv_1_cap._1_cap.inc._1.json
Penta,PT_Bio,3,1,0.0,6,0.0,1,10,5,1,1,1,1,MVP_DE_results_T_10_delta_5_scen_1_trial_1_inv_1_cap._1_cap.inc._1.json
Penta,PT_Bio,3,1,0.0,7,0.0,1,10,5,1,1,1,1,MVP_DE_results_T_10_delta_5_scen_1_trial_1_inv_1_cap._1_cap.inc._1.json
Penta,PT_Bio,3,1,0.0,3,0.0,1,10,5,1,1,1,1,MVP_DE_results_T_10_delta_5_scen_1_trial_1_inv_1_cap._1_cap.inc._1.json
Penta,PT_Bio,3,2,1.0,5,190260.0,1,10,5,1,1,1,1,MVP_DE_results_T_10_delta_5_scen_1_trial_1_inv_1_cap._1_cap.inc._1.json
Penta,PT_Bio,3,2,1.0,4,126840.0,1,10,5,1,1,1,1,MVP_DE_results_T_10_delta_5_scen_1_trial_1_inv_1_cap._1_cap.inc._1.json
Penta,PT_Bio,3,2,1.0,6,253680.0,1,10,5,1,1,1,1,MVP_DE_results_T_10_delta_5_scen_1_trial_1_inv_1_cap._1_cap.inc._1.json
Penta,PT_Bio,3,2,1.0,7,317100.0,1,10,5,1,1,1,1,MVP_DE_results_T_10_delta_5_scen_1_trial_1_inv_1_cap._1_cap.inc._1.json
Penta,PT_Bio,3,2,1.0,3,63420.0,1,10,5,1,1,1,1,MVP_DE_results_T_10_delta_5_scen_1_trial_1_inv_1_cap._1_cap.inc._1.json
Penta,PT_Bio,4,1,0.0,5,0.0,1,10,5,1,1,1,1,MVP_DE_results_T_10_delta_5_scen_1_trial_1_inv_1_cap._1_cap.inc._1.json
Penta,PT_Bio,4,1,0.0,4,0.0,1,10,5,1,1,1,1,MVP_DE_results_T_10_delta_5_scen_1_trial_1_inv_1_cap._1_cap.inc._1.json
Penta,PT_Bio,4,1,0.0,6,0.0,1,10,5,1,1,1,1,MVP_DE_results_T_10_delta_5_scen_1_trial_1_inv_1_cap._1_cap.inc._1.json
Penta,PT_Bio,4,1,0.0,7,0.0,1,10,5,1,1,1,1,MVP_DE_results_T_10_delta_5_scen_1_trial_1_inv_1_cap._1_cap.inc._1.json
Penta,PT_Bio,4,1,0.0,8,0.0,1,10,5,1,1,1,1,MVP_DE_results_T_10_delta_5_scen_1_trial_1_inv_1_cap._1_cap.inc._1.json
Penta,PT_Bio,4,2,1.0,5,126840.0,1,10,5,1,1,1,1,MVP_DE_results_T_10_delta_5_scen_1_trial_1_inv_1_cap._1_cap.inc._1.json
Penta,PT_Bio,4,2,1.0,4,63420.0,1,10,5,1,1,1,1,MVP_DE_results_T_10_delta_5_scen_1_trial_1_inv_1_cap._1_cap.inc._1.json
Penta,PT_Bio,4,2,1.0,6,190260.0,1,10,5,1,1,1,1,MVP_DE_results_T_10_delta_5_scen_1_trial_1_inv_1_cap._1_cap.inc._1.json
Penta,PT_Bio,4,2,1.0,7,253680.0,1,10,5,1,1,1,1,MVP_DE_results_T_10_delta_5_scen_1_trial_1_inv_1_cap._1_cap.inc._1.json
Penta,PT_Bio,4,2,1.0,8,317100.0,1,10,5,1,1,1,1,MVP_DE_results_T_10_delta_5_scen_1_trial_1_inv_1_cap._1_cap.inc._1.json
Penta,PT_Bio,5,1,1.0,5,0.0,1,10,5,1,1,1,1,MVP_DE_results_T_10_delta_5_scen_1_trial_1_inv_1_cap._1_cap.inc._1.json
Penta,PT_Bio,5,1,1.0,6,0.0,1,10,5,1,1,1,1,MVP_DE_results_T_10_delta_5_scen_1_trial_1_inv_1_cap._1_cap.inc._1.json
Penta,PT_Bio,5,1,1.0,7,0.0,1,10,5,1,1,1,1,MVP_DE_results_T_10_delta_5_scen_1_trial_1_inv_1_cap._1_cap.inc._1.json
Penta,PT_Bio,5,1,1.0,9,0.0,1,10,5,1,1,1,1,MVP_DE_results_T_10_delta_5_scen_1_trial_1_inv_1_cap._1_cap.inc._1.json
Penta,PT_Bio,5,1,1.0,8,0.0,1,10,5,1,1,1,1,MVP_DE_results_T_10_delta_5_scen_1_trial_1_inv_1_cap._1_cap.inc._1.json
Penta,PT_Bio,5,2,0.0,5,0.0,1,10,5,1,1,1,1,MVP_DE_results_T_10_delta_5_scen_1_trial_1_inv_1_cap._1_cap.inc._1.json
Penta,PT_Bio,5,2,0.0,6,0.0,1,10,5,1,1,1,1,MVP_DE_results_T_10_delta_5_scen_1_trial_1_inv_1_cap._1_cap.inc._1.json
Penta,PT_Bio,5,2,0.0,7,0.0,1,10,5,1,1,1,1,MVP_DE_results_T_10_delta_5_scen_1_trial_1_inv_1_cap._1_cap.inc._1.json
Penta,PT_Bio,5,2,0.0,9,0.0,1,10,5,1,1,1,1,MVP_DE_results_T_10_delta_5_scen_1_trial_1_inv_1_cap._1_cap.inc._1.json
Penta,PT_Bio,5,2,0.0,8,0.0,1,10,5,1,1,1,1,MVP_DE_results_T_10_delta_5_scen_1_trial_1_inv_1_cap._1_cap.inc._1.json
Penta,PT_Bio,6,1,1.0,6,0.0,1,10,5,1,1,1,1,MVP_DE_results_T_10_delta_5_scen_1_trial_1_inv_1_cap._1_cap.inc._1.json
Penta,PT_Bio,6,1,1.0,7,0.0,1,10,5,1,1,1,1,MVP_DE_results_T_10_delta_5_scen_1_trial_1_inv_1_cap._1_cap.inc._1.json
Penta,PT_Bio,6,1,1.0,10,0.0,1,10,5,1,1,1,1,MVP_DE_results_T_10_delta_5_scen_1_trial_1_inv_1_cap._1_cap.inc._1.json
Penta,PT_Bio,6,1,1.0,9,0.0,1,10,5,1,1,1,1,MVP_DE_results_T_10_delta_5_scen_1_trial_1_inv_1_cap._1_cap.inc._1.json
Penta,PT_Bio,6,1,1.0,8,0.0,1,10,5,1,1,1,1,MVP_DE_results_T_10_delta_5_scen_1_trial_1_inv_1_cap._1_cap.inc._1.json
Penta,PT_Bio,6,2,0.0,6,0.0,1,10,5,1,1,1,1,MVP_DE_results_T_10_delta_5_scen_1_trial_1_inv_1_cap._1_cap.inc._1.json
Penta,PT_Bio,6,2,0.0,7,0.0,1,10,5,1,1,1,1,MVP_DE_results_T_10_delta_5_scen_1_trial_1_inv_1_cap._1_cap.inc._1.json
Penta,PT_Bio,6,2,0.0,10,0.0,1,10,5,1,1,1,1,MVP_DE_results_T_10_delta_5_scen_1_trial_1_inv_1_cap._1_cap.inc._1.json
Penta,PT_Bio,6,2,0.0,9,0.0,1,10,5,1,1,1,1,MVP_DE_results_T_10_delta_5_scen_1_trial_1_inv_1_cap._1_cap.inc._1.json
Penta,PT_Bio,6,2,0.0,8,0.0,1,10,5,1,1,1,1,MVP_DE_results_T_10_delta_5_scen_1_trial_1_inv_1_cap._1_cap.inc._1.json
Penta,PT_Bio,7,1,0.0,7,0.0,1,10,5,1,1,1,1,MVP_DE_results_T_10_delta_5_scen_1_trial_1_inv_1_cap._1_cap.inc._1.json
Penta,PT_Bio,7,1,0.0,10,0.0,1,10,5,1,1,1,1,MVP_DE_results_T_10_delta_5_scen_1_trial_1_inv_1_cap._1_cap.inc._1.json
Penta,PT_Bio,7,1,0.0,9,0.0,1,10,5,1,1,1,1,MVP_DE_results_T_10_delta_5_scen_1_trial_1_inv_1_cap._1_cap.inc._1.json
Penta,PT_Bio,7,1,0.0,8,0.0,1,10,5,1,1,1,1,MVP_DE_results_T_10_delta_5_scen_1_trial_1_inv_1_cap._1_cap.inc._1.json
Penta,PT_Bio,7,2,1.0,7,63420.0,1,10,5,1,1,1,1,MVP_DE_results_T_10_delta_5_scen_1_trial_1_inv_1_cap._1_cap.inc._1.json
Penta,PT_Bio,7,2,1.0,10,253680.0,1,10,5,1,1,1,1,MVP_DE_results_T_10_delta_5_scen_1_trial_1_inv_1_cap._1_cap.inc._1.json
Penta,PT_Bio,7,2,1.0,9,190260.0,1,10,5,1,1,1,1,MVP_DE_results_T_10_delta_5_scen_1_trial_1_inv_1_cap._1_cap.inc._1.json
Penta,PT_Bio,7,2,1.0,8,126840.0,1,10,5,1,1,1,1,MVP_DE_results_T_10_delta_5_scen_1_trial_1_inv_1_cap._1_cap.inc._1.json
Penta,PT_Bio,8,1,1.0,10,0.0,1,10,5,1,1,1,1,MVP_DE_results_T_10_delta_5_scen_1_trial_1_inv_1_cap._1_cap.inc._1.json
Penta,PT_Bio,8,1,1.0,9,0.0,1,10,5,1,1,1,1,MVP_DE_results_T_10_delta_5_scen_1_trial_1_inv_1_cap._1_cap.inc._1.json
Penta,PT_Bio,8,1,1.0,8,0.0,1,10,5,1,1,1,1,MVP_DE_results_T_10_delta_5_scen_1_trial_1_inv_1_cap._1_cap.inc._1.json
Penta,PT_Bio,8,2,-0.0,10,0.0,1,10,5,1,1,1,1,MVP_DE_results_T_10_delta_5_scen_1_trial_1_inv_1_cap._1_cap.inc._1.json
Penta,PT_Bio,8,2,-0.0,9,0.0,1,10,5,1,1,1,1,MVP_DE_results_T_10_delta_5_scen_1_trial_1_inv_1_cap._1_cap.inc._1.json
Penta,PT_Bio,8,2,-0.0,8,0.0,1,10,5,1,1,1,1,MVP_DE_results_T_10_delta_5_scen_1_trial_1_inv_1_cap._1_cap.inc._1.json
Penta,PT_Bio,9,1,0.0,10,0.0,1,10,5,1,1,1,1,MVP_DE_results_T_10_delta_5_scen_1_trial_1_inv_1_cap._1_cap.inc._1.json
Penta,PT_Bio,9,1,0.0,9,0.0,1,10,5,1,1,1,1,MVP_DE_results_T_10_delta_5_scen_1_trial_1_inv_1_cap._1_cap.inc._1.json
Penta,PT_Bio,9,2,1.0,10,126840.0,1,10,5,1,1,1,1,MVP_DE_results_T_10_delta_5_scen_1_trial_1_inv_1_cap._1_cap.inc._1.json
Penta,PT_Bio,9,2,1.0,9,63420.0,1,10,5,1,1,1,1,MVP_DE_results_T_10_delta_5_scen_1_trial_1_inv_1_cap._1_cap.inc._1.json
Penta,PT_Bio,10,1,0.0,10,0.0,1,10,5,1,1,1,1,MVP_DE_results_T_10_delta_5_scen_1_trial_1_inv_1_cap._1_cap.inc._1.json
Penta,PT_Bio,10,2,1.0,10,63420.0,1,10,5,1,1,1,1,MVP_DE_results_T_10_delta_5_scen_1_trial_1_inv_1_cap._1_cap.inc._1.json
Penta,Panacea_Biotec,1,1,1.0,5,0.0,1,10,5,1,1,1,1,MVP_DE_results_T_10_delta_5_scen_1_trial_1_inv_1_cap._1_cap.inc._1.json
Penta,Panacea_Biotec,1,1,1.0,4,0.0,1,10,5,1,1,1,1,MVP_DE_results_T_10_delta_5_scen_1_trial_1_inv_1_cap._1_cap.inc._1.json
Penta,Panacea_Biotec,1,1,1.0,2,0.0,1,10,5,1,1,1,1,MVP_DE_results_T_10_delta_5_scen_1_trial_1_inv_1_cap._1_cap.inc._1.json
Penta,Panacea_Biotec,1,1,1.0,3,0.0,1,10,5,1,1,1,1,MVP_DE_results_T_10_delta_5_scen_1_trial_1_inv_1_cap._1_cap.inc._1.json
Penta,Panacea_Biotec,1,1,1.0,1,60100.0,1,10,5,1,1,1,1,MVP_DE_results_T_10_delta_5_scen_1_trial_1_inv_1_cap._1_cap.inc._1.json
Penta,Panacea_Biotec,1,2,0.0,5,0.0,1,10,5,1,1,1,1,MVP_DE_results_T_10_delta_5_scen_1_trial_1_inv_1_cap._1_cap.inc._1.json
Penta,Panacea_Biotec,1,2,0.0,4,0.0,1,10,5,1,1,1,1,MVP_DE_results_T_10_delta_5_scen_1_trial_1_inv_1_cap._1_cap.inc._1.json
Penta,Panacea_Biotec,1,2,0.0,2,0.0,1,10,5,1,1,1,1,MVP_DE_results_T_10_delta_5_scen_1_trial_1_inv_1_cap._1_cap.inc._1.json
Penta,Panacea_Biotec,1,2,0.0,3,0.0,1,10,5,1,1,1,1,MVP_DE_results_T_10_delta_5_scen_1_trial_1_inv_1_cap._1_cap.inc._1.json
Penta,Panacea_Biotec,1,2,0.0,1,0.0,1,10,5,1,1,1,1,MVP_DE_results_T_10_delta_5_scen_1_trial_1_inv_1_cap._1_cap.inc._1.json
Penta,Panacea_Biotec,2,1,0.0,5,0.0,1,10,5,1,1,1,1,MVP_DE_results_T_10_delta_5_scen_1_trial_1_inv_1_cap._1_cap.inc._1.json
Penta,Panacea_Biotec,2,1,0.0,4,0.0,1,10,5,1,1,1,1,MVP_DE_results_T_10_delta_5_scen_1_trial_1_inv_1_cap._1_cap.inc._1.json
Penta,Panacea_Biotec,2,1,0.0,6,0.0,1,10,5,1,1,1,1,MVP_DE_results_T_10_delta_5_scen_1_trial_1_inv_1_cap._1_cap.inc._1.json
Penta,Panacea_Biotec,2,1,0.0,2,0.0,1,10,5,1,1,1,1,MVP_DE_results_T_10_delta_5_scen_1_trial_1_inv_1_cap._1_cap.inc._1.json
Penta,Panacea_Biotec,2,1,0.0,3,0.0,1,10,5,1,1,1,1,MVP_DE_results_T_10_delta_5_scen_1_trial_1_inv_1_cap._1_cap.inc._1.json
Penta,Panacea_Biotec,2,2,1.0,5,467600.0,1,10,5,1,1,1,1,MVP_DE_results_T_10_delta_5_scen_1_trial_1_inv_1_cap._1_cap.inc._1.json
Penta,Panacea_Biotec,2,2,1.0,4,350700.0,1,10,5,1,1,1,1,MVP_DE_results_T_10_delta_5_scen_1_trial_1_inv_1_cap._1_cap.inc._1.json
Penta,Panacea_Biotec,2,2,1.0,6,584500.0,1,10,5,1,1,1,1,MVP_DE_results_T_10_delta_5_scen_1_trial_1_inv_1_cap._1_cap.inc._1.json
Penta,Panacea_Biotec,2,2,1.0,2,116900.0,1,10,5,1,1,1,1,MVP_DE_results_T_10_delta_5_scen_1_trial_1_inv_1_cap._1_cap.inc._1.json
Penta,Panacea_Biotec,2,2,1.0,3,233800.0,1,10,5,1,1,1,1,MVP_DE_results_T_10_delta_5_scen_1_trial_1_inv_1_cap._1_cap.inc._1.json
Penta,Panacea_Biotec,3,1,0.0,5,0.0,1,10,5,1,1,1,1,MVP_DE_results_T_10_delta_5_scen_1_trial_1_inv_1_cap._1_cap.inc._1.json
Penta,Panacea_Biotec,3,1,0.0,4,0.0,1,10,5,1,1,1,1,MVP_DE_results_T_10_delta_5_scen_1_trial_1_inv_1_cap._1_cap.inc._1.json
Penta,Panacea_Biotec,3,1,0.0,6,0.0,1,10,5,1,1,1,1,MVP_DE_results_T_10_delta_5_scen_1_trial_1_inv_1_cap._1_cap.inc._1.json
Penta,Panacea_Biotec,3,1,0.0,7,0.0,1,10,5,1,1,1,1,MVP_DE_results_T_10_delta_5_scen_1_trial_1_inv_1_cap._1_cap.inc._1.json
Penta,Panacea_Biotec,3,1,0.0,3,0.0,1,10,5,1,1,1,1,MVP_DE_results_T_10_delta_5_scen_1_trial_1_inv_1_cap._1_cap.inc._1.json
Penta,Panacea_Biotec,3,2,1.0,5,350700.0,1,10,5,1,1,1,1,MVP_DE_results_T_10_delta_5_scen_1_trial_1_inv_1_cap._1_cap.inc._1.json
Penta,Panacea_Biotec,3,2,1.0,4,233800.0,1,10,5,1,1,1,1,MVP_DE_results_T_10_delta_5_scen_1_trial_1_inv_1_cap._1_cap.inc._1.json
Penta,Panacea_Biotec,3,2,1.0,6,467600.0,1,10,5,1,1,1,1,MVP_DE_results_T_10_delta_5_scen_1_trial_1_inv_1_cap._1_cap.inc._1.json
Penta,Panacea_Biotec,3,2,1.0,7,584500.0,1,10,5,1,1,1,1,MVP_DE_results_T_10_delta_5_scen_1_trial_1_inv_1_cap._1_cap.inc._1.json
Penta,Panacea_Biotec,3,2,1.0,3,116900.0,1,10,5,1,1,1,1,MVP_DE_results_T_10_delta_5_scen_1_trial_1_inv_1_cap._1_cap.inc._1.json
Penta,Panacea_Biotec,4,1,0.0,5,0.0,1,10,5,1,1,1,1,MVP_DE_results_T_10_delta_5_scen_1_trial_1_inv_1_cap._1_cap.inc._1.json
Penta,Panacea_Biotec,4,1,0.0,4,0.0,1,10,5,1,1,1,1,MVP_DE_results_T_10_delta_5_scen_1_trial_1_inv_1_cap._1_cap.inc._1.json
Penta,Panacea_Biotec,4,1,0.0,6,0.0,1,10,5,1,1,1,1,MVP_DE_results_T_10_delta_5_scen_1_trial_1_inv_1_cap._1_cap.inc._1.json
Penta,Panacea_Biotec,4,1,0.0,7,0.0,1,10,5,1,1,1,1,MVP_DE_results_T_10_delta_5_scen_1_trial_1_inv_1_cap._1_cap.inc._1.json
Penta,Panacea_Biotec,4,1,0.0,8,0.0,1,10,5,1,1,1,1,MVP_DE_results_T_10_delta_5_scen_1_trial_1_inv_1_cap._1_cap.inc._1.json
Penta,Panacea_Biotec,4,2,1.0,5,233800.0,1,10,5,1,1,1,1,MVP_DE_results_T_10_delta_5_scen_1_trial_1_inv_1_cap._1_cap.inc._1.json
Penta,Panacea_Biotec,4,2,1.0,4,116900.0,1,10,5,1,1,1,1,MVP_DE_results_T_10_delta_5_scen_1_trial_1_inv_1_cap._1_cap.inc._1.json
Penta,Panacea_Biotec,4,2,1.0,6,350700.0,1,10,5,1,1,1,1,MVP_DE_results_T_10_delta_5_scen_1_trial_1_inv_1_cap._1_cap.inc._1.json
Penta,Panacea_Biotec,4,2,1.0,7,467600.0,1,10,5,1,1,1,1,MVP_DE_results_T_10_delta_5_scen_1_trial_1_inv_1_cap._1_cap.inc._1.json
Penta,Panacea_Biotec,4,2,1.0,8,584500.0,1,10,5,1,1,1,1,MVP_DE_results_T_10_delta_5_scen_1_trial_1_inv_1_cap._1_cap.inc._1.json
Penta,Panacea_Biotec,5,1,1.0,5,0.0,1,10,5,1,1,1,1,MVP_DE_results_T_10_delta_5_scen_1_trial_1_inv_1_cap._1_cap.inc._1.json
Penta,Panacea_Biotec,5,1,1.0,6,0.0,1,10,5,1,1,1,1,MVP_DE_results_T_10_delta_5_scen_1_trial_1_inv_1_cap._1_cap.inc._1.json
Penta,Panacea_Biotec,5,1,1.0,7,0.0,1,10,5,1,1,1,1,MVP_DE_results_T_10_delta_5_scen_1_trial_1_inv_1_cap._1_cap.inc._1.json
Penta,Panacea_Biotec,5,1,1.0,9,0.0,1,10,5,1,1,1,1,MVP_DE_results_T_10_delta_5_scen_1_trial_1_inv_1_cap._1_cap.inc._1.json
Penta,Panacea_Biotec,5,1,1.0,8,0.0,1,10,5,1,1,1,1,MVP_DE_results_T_10_delta_5_scen_1_trial_1_inv_1_cap._1_cap.inc._1.json
Penta,Panacea_Biotec,5,2,-0.0,5,0.0,1,10,5,1,1,1,1,MVP_DE_results_T_10_delta_5_scen_1_trial_1_inv_1_cap._1_cap.inc._1.json
Penta,Panacea_Biotec,5,2,-0.0,6,0.0,1,10,5,1,1,1,1,MVP_DE_results_T_10_delta_5_scen_1_trial_1_inv_1_cap._1_cap.inc._1.json
Penta,Panacea_Biotec,5,2,-0.0,7,0.0,1,10,5,1,1,1,1,MVP_DE_results_T_10_delta_5_scen_1_trial_1_inv_1_cap._1_cap.inc._1.json
Penta,Panacea_Biotec,5,2,-0.0,9,0.0,1,10,5,1,1,1,1,MVP_DE_results_T_10_delta_5_scen_1_trial_1_inv_1_cap._1_cap.inc._1.json
Penta,Panacea_Biotec,5,2,-0.0,8,0.0,1,10,5,1,1,1,1,MVP_DE_results_T_10_delta_5_scen_1_trial_1_inv_1_cap._1_cap.inc._1.json
Penta,Panacea_Biotec,6,1,1.0,6,0.0,1,10,5,1,1,1,1,MVP_DE_results_T_10_delta_5_scen_1_trial_1_inv_1_cap._1_cap.inc._1.json
Penta,Panacea_Biotec,6,1,1.0,7,0.0,1,10,5,1,1,1,1,MVP_DE_results_T_10_delta_5_scen_1_trial_1_inv_1_cap._1_cap.inc._1.json
Penta,Panacea_Biotec,6,1,1.0,10,0.0,1,10,5,1,1,1,1,MVP_DE_results_T_10_delta_5_scen_1_trial_1_inv_1_cap._1_cap.inc._1.json
Penta,Panacea_Biotec,6,1,1.0,9,0.0,1,10,5,1,1,1,1,MVP_DE_results_T_10_delta_5_scen_1_trial_1_inv_1_cap._1_cap.inc._1.json
Penta,Panacea_Biotec,6,1,1.0,8,0.0,1,10,5,1,1,1,1,MVP_DE_results_T_10_delta_5_scen_1_trial_1_inv_1_cap._1_cap.inc._1.json
Penta,Panacea_Biotec,6,2,-0.0,6,0.0,1,10,5,1,1,1,1,MVP_DE_results_T_10_delta_5_scen_1_trial_1_inv_1_cap._1_cap.inc._1.json
Penta,Panacea_Biotec,6,2,-0.0,7,0.0,1,10,5,1,1,1,1,MVP_DE_results_T_10_delta_5_scen_1_trial_1_inv_1_cap._1_cap.inc._1.json
Penta,Panacea_Biotec,6,2,-0.0,10,0.0,1,10,5,1,1,1,1,MVP_DE_results_T_10_delta_5_scen_1_trial_1_inv_1_cap._1_cap.inc._1.json
Penta,Panacea_Biotec,6,2,-0.0,9,0.0,1,10,5,1,1,1,1,MVP_DE_results_T_10_delta_5_scen_1_trial_1_inv_1_cap._1_cap.inc._1.json
Penta,Panacea_Biotec,6,2,-0.0,8,0.0,1,10,5,1,1,1,1,MVP_DE_results_T_10_delta_5_scen_1_trial_1_inv_1_cap._1_cap.inc._1.json
Penta,Panacea_Biotec,7,1,0.0,7,0.0,1,10,5,1,1,1,1,MVP_DE_results_T_10_delta_5_scen_1_trial_1_inv_1_cap._1_cap.inc._1.json
Penta,Panacea_Biotec,7,1,0.0,10,0.0,1,10,5,1,1,1,1,MVP_DE_results_T_10_delta_5_scen_1_trial_1_inv_1_cap._1_cap.inc._1.json
Penta,Panacea_Biotec,7,1,0.0,9,0.0,1,10,5,1,1,1,1,MVP_DE_results_T_10_delta_5_scen_1_trial_1_inv_1_cap._1_cap.inc._1.json
Penta,Panacea_Biotec,7,1,0.0,8,0.0,1,10,5,1,1,1,1,MVP_DE_results_T_10_delta_5_scen_1_trial_1_inv_1_cap._1_cap.inc._1.json
Penta,Panacea_Biotec,7,2,1.0,7,116900.0,1,10,5,1,1,1,1,MVP_DE_results_T_10_delta_5_scen_1_trial_1_inv_1_cap._1_cap.inc._1.json
Penta,Panacea_Biotec,7,2,1.0,10,467600.0,1,10,5,1,1,1,1,MVP_DE_results_T_10_delta_5_scen_1_trial_1_inv_1_cap._1_cap.inc._1.json
Penta,Panacea_Biotec,7,2,1.0,9,350700.0,1,10,5,1,1,1,1,MVP_DE_results_T_10_delta_5_scen_1_trial_1_inv_1_cap._1_cap.inc._1.json
Penta,Panacea_Biotec,7,2,1.0,8,233800.0,1,10,5,1,1,1,1,MVP_DE_results_T_10_delta_5_scen_1_trial_1_inv_1_cap._1_cap.inc._1.json
Penta,Panacea_Biotec,8,1,1.0,10,0.0,1,10,5,1,1,1,1,MVP_DE_results_T_10_delta_5_scen_1_trial_1_inv_1_cap._1_cap.inc._1.json
Penta,Panacea_Biotec,8,1,1.0,9,0.0,1,10,5,1,1,1,1,MVP_DE_results_T_10_delta_5_scen_1_trial_1_inv_1_cap._1_cap.inc._1.json
Penta,Panacea_Biotec,8,1,1.0,8,0.0,1,10,5,1,1,1,1,MVP_DE_results_T_10_delta_5_scen_1_trial_1_inv_1_cap._1_cap.inc._1.json
Penta,Panacea_Biotec,8,2,-0.0,10,0.0,1,10,5,1,1,1,1,MVP_DE_results_T_10_delta_5_scen_1_trial_1_inv_1_cap._1_cap.inc._1.json
Penta,Panacea_Biotec,8,2,-0.0,9,0.0,1,10,5,1,1,1,1,MVP_DE_results_T_10_delta_5_scen_1_trial_1_inv_1_cap._1_cap.inc._1.json
Penta,Panacea_Biotec,8,2,-0.0,8,0.0,1,10,5,1,1,1,1,MVP_DE_results_T_10_delta_5_scen_1_trial_1_inv_1_cap._1_cap.inc._1.json
Penta,Panacea_Biotec,9,1,0.0,10,0.0,1,10,5,1,1,1,1,MVP_DE_results_T_10_delta_5_scen_1_trial_1_inv_1_cap._1_cap.inc._1.json
Penta,Panacea_Biotec,9,1,0.0,9,0.0,1,10,5,1,1,1,1,MVP_DE_results_T_10_delta_5_scen_1_trial_1_inv_1_cap._1_cap.inc._1.json
Penta,Panacea_Biotec,9,2,1.0,10,233800.0,1,10,5,1,1,1,1,MVP_DE_results_T_10_delta_5_scen_1_trial_1_inv_1_cap._1_cap.inc._1.json
Penta,Panacea_Biotec,9,2,1.0,9,116900.0,1,10,5,1,1,1,1,MVP_DE_results_T_10_delta_5_scen_1_trial_1_inv_1_cap._1_cap.inc._1.json
Penta,Panacea_Biotec,10,1,0.0,10,0.0,1,10,5,1,1,1,1,MVP_DE_results_T_10_delta_5_scen_1_trial_1_inv_1_cap._1_cap.inc._1.json
Penta,Panacea_Biotec,10,2,1.0,10,116900.0,1,10,5,1,1,1,1,MVP_DE_results_T_10_delta_5_scen_1_trial_1_inv_1_cap._1_cap.inc._1.json
Penta,Serum_Institute,1,1,1.0,5,0.0,1,10,5,1,1,1,1,MVP_DE_results_T_10_delta_5_scen_1_trial_1_inv_1_cap._1_cap.inc._1.json
Penta,Serum_Institute,1,1,1.0,4,0.0,1,10,5,1,1,1,1,MVP_DE_results_T_10_delta_5_scen_1_trial_1_inv_1_cap._1_cap.inc._1.json
Penta,Serum_Institute,1,1,1.0,2,0.0,1,10,5,1,1,1,1,MVP_DE_results_T_10_delta_5_scen_1_trial_1_inv_1_cap._1_cap.inc._1.json
Penta,Serum_Institute,1,1,1.0,3,3120.6,1,10,5,1,1,1,1,MVP_DE_results_T_10_delta_5_scen_1_trial_1_inv_1_cap._1_cap.inc._1.json
Penta,Serum_Institute,1,1,1.0,1,520.1,1,10,5,1,1,1,1,MVP_DE_results_T_10_delta_5_scen_1_trial_1_inv_1_cap._1_cap.inc._1.json
Penta,Serum_Institute,1,2,0.0,5,0.0,1,10,5,1,1,1,1,MVP_DE_results_T_10_delta_5_scen_1_trial_1_inv_1_cap._1_cap.inc._1.json
Penta,Serum_Institute,1,2,0.0,4,0.0,1,10,5,1,1,1,1,MVP_DE_results_T_10_delta_5_scen_1_trial_1_inv_1_cap._1_cap.inc._1.json
Penta,Serum_Institute,1,2,0.0,2,0.0,1,10,5,1,1,1,1,MVP_DE_results_T_10_delta_5_scen_1_trial_1_inv_1_cap._1_cap.inc._1.json
Penta,Serum_Institute,1,2,0.0,3,0.0,1,10,5,1,1,1,1,MVP_DE_results_T_10_delta_5_scen_1_trial_1_inv_1_cap._1_cap.inc._1.json
Penta,Serum_Institute,1,2,0.0,1,0.0,1,10,5,1,1,1,1,MVP_DE_results_T_10_delta_5_scen_1_trial_1_inv_1_cap._1_cap.inc._1.json
Penta,Serum_Institute,2,1,1.0,5,7281.4,1,10,5,1,1,1,1,MVP_DE_results_T_10_delta_5_scen_1_trial_1_inv_1_cap._1_cap.inc._1.json
Penta,Serum_Institute,2,1,1.0,4,4680.9,1,10,5,1,1,1,1,MVP_DE_results_T_10_delta_5_scen_1_trial_1_inv_1_cap._1_cap.inc._1.json
Penta,Serum_Institute,2,1,1.0,6,10402.0,1,10,5,1,1,1,1,MVP_DE_results_T_10_delta_5_scen_1_trial_1_inv_1_cap._1_cap.inc._1.json
Penta,Serum_Institute,2,1,1.0,2,1040.2,1,10,5,1,1,1,1,MVP_DE_results_T_10_delta_5_scen_1_trial_1_inv_1_cap._1_cap.inc._1.json
Penta,Serum_Institute,2,1,1.0,3,2600.5,1,10,5,1,1,1,1,MVP_DE_results_T_10_delta_5_scen_1_trial_1_inv_1_cap._1_cap.inc._1.json
Penta,Serum_Institute,2,2,0.0,5,0.0,1,10,5,1,1,1,1,MVP_DE_results_T_10_delta_5_scen_1_trial_1_inv_1_cap._1_cap.inc._1.json
Penta,Serum_Institute,2,2,0.0,4,0.0,1,10,5,1,1,1,1,MVP_DE_results_T_10_delta_5_scen_1_trial_1_inv_1_cap._1_cap.inc._1.json
Penta,Serum_Institute,2,2,0.0,6,0.0,1,10,5,1,1,1,1,MVP_DE_results_T_10_delta_5_scen_1_trial_1_inv_1_cap._1_cap.inc._1.json
Penta,Serum_Institute,2,2,0.0,2,0.0,1,10,5,1,1,1,1,MVP_DE_results_T_10_delta_5_scen_1_trial_1_inv_1_cap._1_cap.inc._1.json
Penta,Serum_Institute,2,2,0.0,3,0.0,1,10,5,1,1,1,1,MVP_DE_results_T_10_delta_5_scen_1_trial_1_inv_1_cap._1_cap.inc._1.json
Penta,Serum_Institute,3,1,1.0,5,6241.2,1,10,5,1,1,1,1,MVP_DE_results_T_10_delta_5_scen_1_trial_1_inv_1_cap._1_cap.inc._1.json
Penta,Serum_Institute,3,1,1.0,4,3640.7,1,10,5,1,1,1,1,MVP_DE_results_T_10_delta_5_scen_1_trial_1_inv_1_cap._1_cap.inc._1.json
Penta,Serum_Institute,3,1,1.0,6,9361.8,1,10,5,1,1,1,1,MVP_DE_results_T_10_delta_5_scen_1_trial_1_inv_1_cap._1_cap.inc._1.json
Penta,Serum_Institute,3,1,1.0,7,13002.5,1,10,5,1,1,1,1,MVP_DE_results_T_10_delta_5_scen_1_trial_1_inv_1_cap._1_cap.inc._1.json
Penta,Serum_Institute,3,1,1.0,3,1560.3,1,10,5,1,1,1,1,MVP_DE_results_T_10_delta_5_scen_1_trial_1_inv_1_cap._1_cap.inc._1.json
Penta,Serum_Institute,3,2,0.0,5,0.0,1,10,5,1,1,1,1,MVP_DE_results_T_10_delta_5_scen_1_trial_1_inv_1_cap._1_cap.inc._1.json
Penta,Serum_Institute,3,2,0.0,4,0.0,1,10,5,1,1,1,1,MVP_DE_results_T_10_delta_5_scen_1_trial_1_inv_1_cap._1_cap.inc._1.json
Penta,Serum_Institute,3,2,0.0,6,0.0,1,10,5,1,1,1,1,MVP_DE_results_T_10_delta_5_scen_1_trial_1_inv_1_cap._1_cap.inc._1.json
Penta,Serum_Institute,3,2,0.0,7,0.0,1,10,5,1,1,1,1,MVP_DE_results_T_10_delta_5_scen_1_trial_1_inv_1_cap._1_cap.inc._1.json
Penta,Serum_Institute,3,2,0.0,3,0.0,1,10,5,1,1,1,1,MVP_DE_results_T_10_delta_5_scen_1_trial_1_inv_1_cap._1_cap.inc._1.json
Penta,Serum_Institute,4,1,1.0,5,4680.9,1,10,5,1,1,1,1,MVP_DE_results_T_10_delta_5_scen_1_trial_1_inv_1_cap._1_cap.inc._1.json
Penta,Serum_Institute,4,1,1.0,4,2080.4,1,10,5,1,1,1,1,MVP_DE_results_T_10_delta_5_scen_1_trial_1_inv_1_cap._1_cap.inc._1.json
Penta,Serum_Institute,4,1,1.0,6,7801.5,1,10,5,1,1,1,1,MVP_DE_results_T_10_delta_5_scen_1_trial_1_inv_1_cap._1_cap.inc._1.json
Penta,Serum_Institute,4,1,1.0,7,11442.2,1,10,5,1,1,1,1,MVP_DE_results_T_10_delta_5_scen_1_trial_1_inv_1_cap._1_cap.inc._1.json
Penta,Serum_Institute,4,1,1.0,8,15603.0,1,10,5,1,1,1,1,MVP_DE_results_T_10_delta_5_scen_1_trial_1_inv_1_cap._1_cap.inc._1.json
Penta,Serum_Institute,4,2,0.0,5,0.0,1,10,5,1,1,1,1,MVP_DE_results_T_10_delta_5_scen_1_trial_1_inv_1_cap._1_cap.inc._1.json
Penta,Serum_Institute,4,2,0.0,4,0.0,1,10,5,1,1,1,1,MVP_DE_results_T_10_delta_5_scen_1_trial_1_inv_1_cap._1_cap.inc._1.json
Penta,Serum_Institute,4,2,0.0,6,0.0,1,10,5,1,1,1,1,MVP_DE_results_T_10_delta_5_scen_1_trial_1_inv_1_cap._1_cap.inc._1.json
Penta,Serum_Institute,4,2,0.0,7,0.0,1,10,5,1,1,1,1,MVP_DE_results_T_10_delta_5_scen_1_trial_1_inv_1_cap._1_cap.inc._1.json
Penta,Serum_Institute,4,2,0.0,8,0.0,1,10,5,1,1,1,1,MVP_DE_results_T_10_delta_5_scen_1_trial_1_inv_1_cap._1_cap.inc._1.json
Penta,Serum_Institute,5,1,1.0,5,0.0,1,10,5,1,1,1,1,MVP_DE_results_T_10_delta_5_scen_1_trial_1_inv_1_cap._1_cap.inc._1.json
Penta,Serum_Institute,5,1,1.0,6,0.0,1,10,5,1,1,1,1,MVP_DE_results_T_10_delta_5_scen_1_trial_1_inv_1_cap._1_cap.inc._1.json
Penta,Serum_Institute,5,1,1.0,7,0.0,1,10,5,1,1,1,1,MVP_DE_results_T_10_delta_5_scen_1_trial_1_inv_1_cap._1_cap.inc._1.json
Penta,Serum_Institute,5,1,1.0,9,0.0,1,10,5,1,1,1,1,MVP_DE_results_T_10_delta_5_scen_1_trial_1_inv_1_cap._1_cap.inc._1.json
Penta,Serum_Institute,5,1,1.0,8,0.0,1,10,5,1,1,1,1,MVP_DE_results_T_10_delta_5_scen_1_trial_1_inv_1_cap._1_cap.inc._1.json
Penta,Serum_Institute,5,2,0.0,5,0.0,1,10,5,1,1,1,1,MVP_DE_results_T_10_delta_5_scen_1_trial_1_inv_1_cap._1_cap.inc._1.json
Penta,Serum_Institute,5,2,0.0,6,0.0,1,10,5,1,1,1,1,MVP_DE_results_T_10_delta_5_scen_1_trial_1_inv_1_cap._1_cap.inc._1.json
Penta,Serum_Institute,5,2,0.0,7,0.0,1,10,5,1,1,1,1,MVP_DE_results_T_10_delta_5_scen_1_trial_1_inv_1_cap._1_cap.inc._1.json
Penta,Serum_Institute,5,2,0.0,9,0.0,1,10,5,1,1,1,1,MVP_DE_results_T_10_delta_5_scen_1_trial_1_inv_1_cap._1_cap.inc._1.json
Penta,Serum_Institute,5,2,0.0,8,0.0,1,10,5,1,1,1,1,MVP_DE_results_T_10_delta_5_scen_1_trial_1_inv_1_cap._1_cap.inc._1.json
Penta,Serum_Institute,6,1,1.0,6,0.0,1,10,5,1,1,1,1,MVP_DE_results_T_10_delta_5_scen_1_trial_1_inv_1_cap._1_cap.inc._1.json
Penta,Serum_Institute,6,1,1.0,7,6761.3,1,10,5,1,1,1,1,MVP_DE_results_T_10_delta_5_scen_1_trial_1_inv_1_cap._1_cap.inc._1.json
Penta,Serum_Institute,6,1,1.0,10,0.0,1,10,5,1,1,1,1,MVP_DE_results_T_10_delta_5_scen_1_trial_1_inv_1_cap._1_cap.inc._1.json
Penta,Serum_Institute,6,1,1.0,9,0.0,1,10,5,1,1,1,1,MVP_DE_results_T_10_delta_5_scen_1_trial_1_inv_1_cap._1_cap.inc._1.json
Penta,Serum_Institute,6,1,1.0,8,0.0,1,10,5,1,1,1,1,MVP_DE_results_T_10_delta_5_scen_1_trial_1_inv_1_cap._1_cap.inc._1.json
Penta,Serum_Institute,6,2,0.0,6,0.0,1,10,5,1,1,1,1,MVP_DE_results_T_10_delta_5_scen_1_trial_1_inv_1_cap._1_cap.inc._1.json
Penta,Serum_Institute,6,2,0.0,7,0.0,1,10,5,1,1,1,1,MVP_DE_results_T_10_delta_5_scen_1_trial_1_inv_1_cap._1_cap.inc._1.json
Penta,Serum_Institute,6,2,0.0,10,0.0,1,10,5,1,1,1,1,MVP_DE_results_T_10_delta_5_scen_1_trial_1_inv_1_cap._1_cap.inc._1.json
Penta,Serum_Institute,6,2,0.0,9,0.0,1,10,5,1,1,1,1,MVP_DE_results_T_10_delta_5_scen_1_trial_1_inv_1_cap._1_cap.inc._1.json
Penta,Serum_Institute,6,2,0.0,8,0.0,1,10,5,1,1,1,1,MVP_DE_results_T_10_delta_5_scen_1_trial_1_inv_1_cap._1_cap.inc._1.json
Penta,Serum_Institute,7,1,1.0,7,3640.7,1,10,5,1,1,1,1,MVP_DE_results_T_10_delta_5_scen_1_trial_1_inv_1_cap._1_cap.inc._1.json
Penta,Serum_Institute,7,1,1.0,10,7801.5,1,10,5,1,1,1,1,MVP_DE_results_T_10_delta_5_scen_1_trial_1_inv_1_cap._1_cap.inc._1.json
Penta,Serum_Institute,7,1,1.0,9,7801.5,1,10,5,1,1,1,1,MVP_DE_results_T_10_delta_5_scen_1_trial_1_inv_1_cap._1_cap.inc._1.json
Penta,Serum_Institute,7,1,1.0,8,7801.5,1,10,5,1,1,1,1,MVP_DE_results_T_10_delta_5_scen_1_trial_1_inv_1_cap._1_cap.inc._1.json
Penta,Serum_Institute,7,2,0.0,7,0.0,1,10,5,1,1,1,1,MVP_DE_results_T_10_delta_5_scen_1_trial_1_inv_1_cap._1_cap.inc._1.json
Penta,Serum_Institute,7,2,0.0,10,0.0,1,10,5,1,1,1,1,MVP_DE_results_T_10_delta_5_scen_1_trial_1_inv_1_cap._1_cap.inc._1.json
Penta,Serum_Institute,7,2,0.0,9,0.0,1,10,5,1,1,1,1,MVP_DE_results_T_10_delta_5_scen_1_trial_1_inv_1_cap._1_cap.inc._1.json
Penta,Serum_Institute,7,2,0.0,8,0.0,1,10,5,1,1,1,1,MVP_DE_results_T_10_delta_5_scen_1_trial_1_inv_1_cap._1_cap.inc._1.json
Penta,Serum_Institute,8,1,1.0,10,0.0,1,10,5,1,1,1,1,MVP_DE_results_T_10_delta_5_scen_1_trial_1_inv_1_cap._1_cap.inc._1.json
Penta,Serum_Institute,8,1,1.0,9,4160.8,1,10,5,1,1,1,1,MVP_DE_results_T_10_delta_5_scen_1_trial_1_inv_1_cap._1_cap.inc._1.json
Penta,Serum_Institute,8,1,1.0,8,0.0,1,10,5,1,1,1,1,MVP_DE_results_T_10_delta_5_scen_1_trial_1_inv_1_cap._1_cap.inc._1.json
Penta,Serum_Institute,8,2,0.0,10,0.0,1,10,5,1,1,1,1,MVP_DE_results_T_10_delta_5_scen_1_trial_1_inv_1_cap._1_cap.inc._1.json
Penta,Serum_Institute,8,2,0.0,9,0.0,1,10,5,1,1,1,1,MVP_DE_results_T_10_delta_5_scen_1_trial_1_inv_1_cap._1_cap.inc._1.json
Penta,Serum_Institute,8,2,0.0,8,0.0,1,10,5,1,1,1,1,MVP_DE_results_T_10_delta_5_scen_1_trial_1_inv_1_cap._1_cap.inc._1.json
Penta,Serum_Institute,9,1,1.0,10,0.0,1,10,5,1,1,1,1,MVP_DE_results_T_10_delta_5_scen_1_trial_1_inv_1_cap._1_cap.inc._1.json
Penta,Serum_Institute,9,1,1.0,9,0.0,1,10,5,1,1,1,1,MVP_DE_results_T_10_delta_5_scen_1_trial_1_inv_1_cap._1_cap.inc._1.json
Penta,Serum_Institute,9,2,0.0,10,0.0,1,10,5,1,1,1,1,MVP_DE_results_T_10_delta_5_scen_1_trial_1_inv_1_cap._1_cap.inc._1.json
Penta,Serum_Institute,9,2,0.0,9,0.0,1,10,5,1,1,1,1,MVP_DE_results_T_10_delta_5_scen_1_trial_1_inv_1_cap._1_cap.inc._1.json
Penta,Serum_Institute,10,1,1.0,10,0.0,1,10,5,1,1,1,1,MVP_DE_results_T_10_delta_5_scen_1_trial_1_inv_1_cap._1_cap.inc._1.json
Penta,Serum_Institute,10,2,0.0,10,0.0,1,10,5,1,1,1,1,MVP_DE_results_T_10_delta_5_scen_1_trial_1_inv_1_cap._1_cap.inc._1.json
Rotavirus,Bharat_Biotech,1,1,1.0,5,0.0,1,10,5,1,1,1,1,MVP_DE_results_T_10_delta_5_scen_1_trial_1_inv_1_cap._1_cap.inc._1.json
Rotavirus,Bharat_Biotech,1,1,1.0,4,0.0,1,10,5,1,1,1,1,MVP_DE_results_T_10_delta_5_scen_1_trial_1_inv_1_cap._1_cap.inc._1.json
Rotavirus,Bharat_Biotech,1,1,1.0,2,0.0,1,10,5,1,1,1,1,MVP_DE_results_T_10_delta_5_scen_1_trial_1_inv_1_cap._1_cap.inc._1.json
Rotavirus,Bharat_Biotech,1,1,1.0,3,0.0,1,10,5,1,1,1,1,MVP_DE_results_T_10_delta_5_scen_1_trial_1_inv_1_cap._1_cap.inc._1.json
Rotavirus,Bharat_Biotech,1,1,1.0,1,60100.0,1,10,5,1,1,1,1,MVP_DE_results_T_10_delta_5_scen_1_trial_1_inv_1_cap._1_cap.inc._1.json
Rotavirus,Bharat_Biotech,1,2,0.0,5,0.0,1,10,5,1,1,1,1,MVP_DE_results_T_10_delta_5_scen_1_trial_1_inv_1_cap._1_cap.inc._1.json
Rotavirus,Bharat_Biotech,1,2,0.0,4,0.0,1,10,5,1,1,1,1,MVP_DE_results_T_10_delta_5_scen_1_trial_1_inv_1_cap._1_cap.inc._1.json
Rotavirus,Bharat_Biotech,1,2,0.0,2,0.0,1,10,5,1,1,1,1,MVP_DE_results_T_10_delta_5_scen_1_trial_1_inv_1_cap._1_cap.inc._1.json
Rotavirus,Bharat_Biotech,1,2,0.0,3,0.0,1,10,5,1,1,1,1,MVP_DE_results_T_10_delta_5_scen_1_trial_1_inv_1_cap._1_cap.inc._1.json
Rotavirus,Bharat_Biotech,1,2,0.0,1,0.0,1,10,5,1,1,1,1,MVP_DE_results_T_10_delta_5_scen_1_trial_1_inv_1_cap._1_cap.inc._1.json
Rotavirus,Bharat_Biotech,2,1,1.0,5,0.0,1,10,5,1,1,1,1,MVP_DE_results_T_10_delta_5_scen_1_trial_1_inv_1_cap._1_cap.inc._1.json
Rotavirus,Bharat_Biotech,2,1,1.0,4,0.0,1,10,5,1,1,1,1,MVP_DE_results_T_10_delta_5_scen_1_trial_1_inv_1_cap._1_cap.inc._1.json
Rotavirus,Bharat_Biotech,2,1,1.0,6,0.0,1,10,5,1,1,1,1,MVP_DE_results_T_10_delta_5_scen_1_trial_1_inv_1_cap._1_cap.inc._1.json
Rotavirus,Bharat_Biotech,2,1,1.0,2,60100.0,1,10,5,1,1,1,1,MVP_DE_results_T_10_delta_5_scen_1_trial_1_inv_1_cap._1_cap.inc._1.json
Rotavirus,Bharat_Biotech,2,1,1.0,3,0.0,1,10,5,1,1,1,1,MVP_DE_results_T_10_delta_5_scen_1_trial_1_inv_1_cap._1_cap.inc._1.json
Rotavirus,Bharat_Biotech,2,2,-0.0,5,0.0,1,10,5,1,1,1,1,MVP_DE_results_T_10_delta_5_scen_1_trial_1_inv_1_cap._1_cap.inc._1.json
Rotavirus,Bharat_Biotech,2,2,-0.0,4,0.0,1,10,5,1,1,1,1,MVP_DE_results_T_10_delta_5_scen_1_trial_1_inv_1_cap._1_cap.inc._1.json
Rotavirus,Bharat_Biotech,2,2,-0.0,6,0.0,1,10,5,1,1,1,1,MVP_DE_results_T_10_delta_5_scen_1_trial_1_inv_1_cap._1_cap.inc._1.json
Rotavirus,Bharat_Biotech,2,2,-0.0,2,0.0,1,10,5,1,1,1,1,MVP_DE_results_T_10_delta_5_scen_1_trial_1_inv_1_cap._1_cap.inc._1.json
Rotavirus,Bharat_Biotech,2,2,-0.0,3,0.0,1,10,5,1,1,1,1,MVP_DE_results_T_10_delta_5_scen_1_trial_1_inv_1_cap._1_cap.inc._1.json
Rotavirus,Bharat_Biotech,3,1,1.0,5,0.0,1,10,5,1,1,1,1,MVP_DE_results_T_10_delta_5_scen_1_trial_1_inv_1_cap._1_cap.inc._1.json
Rotavirus,Bharat_Biotech,3,1,1.0,4,0.0,1,10,5,1,1,1,1,MVP_DE_results_T_10_delta_5_scen_1_trial_1_inv_1_cap._1_cap.inc._1.json
Rotavirus,Bharat_Biotech,3,1,1.0,6,0.0,1,10,5,1,1,1,1,MVP_DE_results_T_10_delta_5_scen_1_trial_1_inv_1_cap._1_cap.inc._1.json
Rotavirus,Bharat_Biotech,3,1,1.0,7,0.0,1,10,5,1,1,1,1,MVP_DE_results_T_10_delta_5_scen_1_trial_1_inv_1_cap._1_cap.inc._1.json
Rotavirus,Bharat_Biotech,3,1,1.0,3,60100.0,1,10,5,1,1,1,1,MVP_DE_results_T_10_delta_5_scen_1_trial_1_inv_1_cap._1_cap.inc._1.json
Rotavirus,Bharat_Biotech,3,2,0.0,5,0.0,1,10,5,1,1,1,1,MVP_DE_results_T_10_delta_5_scen_1_trial_1_inv_1_cap._1_cap.inc._1.json
Rotavirus,Bharat_Biotech,3,2,0.0,4,0.0,1,10,5,1,1,1,1,MVP_DE_results_T_10_delta_5_scen_1_trial_1_inv_1_cap._1_cap.inc._1.json
Rotavirus,Bharat_Biotech,3,2,0.0,6,0.0,1,10,5,1,1,1,1,MVP_DE_results_T_10_delta_5_scen_1_trial_1_inv_1_cap._1_cap.inc._1.json
Rotavirus,Bharat_Biotech,3,2,0.0,7,0.0,1,10,5,1,1,1,1,MVP_DE_results_T_10_delta_5_scen_1_trial_1_inv_1_cap._1_cap.inc._1.json
Rotavirus,Bharat_Biotech,3,2,0.0,3,0.0,1,10,5,1,1,1,1,MVP_DE_results_T_10_delta_5_scen_1_trial_1_inv_1_cap._1_cap.inc._1.json
Rotavirus,Bharat_Biotech,4,1,1.0,5,0.0,1,10,5,1,1,1,1,MVP_DE_results_T_10_delta_5_scen_1_trial_1_inv_1_cap._1_cap.inc._1.json
Rotavirus,Bharat_Biotech,4,1,1.0,4,0.0,1,10,5,1,1,1,1,MVP_DE_results_T_10_delta_5_scen_1_trial_1_inv_1_cap._1_cap.inc._1.json
Rotavirus,Bharat_Biotech,4,1,1.0,6,60100.0,1,10,5,1,1,1,1,MVP_DE_results_T_10_delta_5_scen_1_trial_1_inv_1_cap._1_cap.inc._1.json
Rotavirus,Bharat_Biotech,4,1,1.0,7,0.0,1,10,5,1,1,1,1,MVP_DE_results_T_10_delta_5_scen_1_trial_1_inv_1_cap._1_cap.inc._1.json
Rotavirus,Bharat_Biotech,4,1,1.0,8,0.0,1,10,5,1,1,1,1,MVP_DE_results_T_10_delta_5_scen_1_trial_1_inv_1_cap._1_cap.inc._1.json
Rotavirus,Bharat_Biotech,4,2,-0.0,5,0.0,1,10,5,1,1,1,1,MVP_DE_results_T_10_delta_5_scen_1_trial_1_inv_1_cap._1_cap.inc._1.json
Rotavirus,Bharat_Biotech,4,2,-0.0,4,0.0,1,10,5,1,1,1,1,MVP_DE_results_T_10_delta_5_scen_1_trial_1_inv_1_cap._1_cap.inc._1.json
Rotavirus,Bharat_Biotech,4,2,-0.0,6,0.0,1,10,5,1,1,1,1,MVP_DE_results_T_10_delta_5_scen_1_trial_1_inv_1_cap._1_cap.inc._1.json
Rotavirus,Bharat_Biotech,4,2,-0.0,7,0.0,1,10,5,1,1,1,1,MVP_DE_results_T_10_delta_5_scen_1_trial_1_inv_1_cap._1_cap.inc._1.json
Rotavirus,Bharat_Biotech,4,2,-0.0,8,0.0,1,10,5,1,1,1,1,MVP_DE_results_T_10_delta_5_scen_1_trial_1_inv_1_cap._1_cap.inc._1.json
Rotavirus,Bharat_Biotech,5,1,1.0,5,0.0,1,10,5,1,1,1,1,MVP_DE_results_T_10_delta_5_scen_1_trial_1_inv_1_cap._1_cap.inc._1.json
Rotavirus,Bharat_Biotech,5,1,1.0,6,0.0,1,10,5,1,1,1,1,MVP_DE_results_T_10_delta_5_scen_1_trial_1_inv_1_cap._1_cap.inc._1.json
Rotavirus,Bharat_Biotech,5,1,1.0,7,0.0,1,10,5,1,1,1,1,MVP_DE_results_T_10_delta_5_scen_1_trial_1_inv_1_cap._1_cap.inc._1.json
Rotavirus,Bharat_Biotech,5,1,1.0,9,0.0,1,10,5,1,1,1,1,MVP_DE_results_T_10_delta_5_scen_1_trial_1_inv_1_cap._1_cap.inc._1.json
Rotavirus,Bharat_Biotech,5,1,1.0,8,0.0,1,10,5,1,1,1,1,MVP_DE_results_T_10_delta_5_scen_1_trial_1_inv_1_cap._1_cap.inc._1.json
Rotavirus,Bharat_Biotech,5,2,-0.0,5,0.0,1,10,5,1,1,1,1,MVP_DE_results_T_10_delta_5_scen_1_trial_1_inv_1_cap._1_cap.inc._1.json
Rotavirus,Bharat_Biotech,5,2,-0.0,6,0.0,1,10,5,1,1,1,1,MVP_DE_results_T_10_delta_5_scen_1_trial_1_inv_1_cap._1_cap.inc._1.json
Rotavirus,Bharat_Biotech,5,2,-0.0,7,0.0,1,10,5,1,1,1,1,MVP_DE_results_T_10_delta_5_scen_1_trial_1_inv_1_cap._1_cap.inc._1.json
Rotavirus,Bharat_Biotech,5,2,-0.0,9,0.0,1,10,5,1,1,1,1,MVP_DE_results_T_10_delta_5_scen_1_trial_1_inv_1_cap._1_cap.inc._1.json
Rotavirus,Bharat_Biotech,5,2,-0.0,8,0.0,1,10,5,1,1,1,1,MVP_DE_results_T_10_delta_5_scen_1_trial_1_inv_1_cap._1_cap.inc._1.json
Rotavirus,Bharat_Biotech,6,1,1.0,6,0.0,1,10,5,1,1,1,1,MVP_DE_results_T_10_delta_5_scen_1_trial_1_inv_1_cap._1_cap.inc._1.json
Rotavirus,Bharat_Biotech,6,1,1.0,7,0.0,1,10,5,1,1,1,1,MVP_DE_results_T_10_delta_5_scen_1_trial_1_inv_1_cap._1_cap.inc._1.json
Rotavirus,Bharat_Biotech,6,1,1.0,10,0.0,1,10,5,1,1,1,1,MVP_DE_results_T_10_delta_5_scen_1_trial_1_inv_1_cap._1_cap.inc._1.json
Rotavirus,Bharat_Biotech,6,1,1.0,9,0.0,1,10,5,1,1,1,1,MVP_DE_results_T_10_delta_5_scen_1_trial_1_inv_1_cap._1_cap.inc._1.json
Rotavirus,Bharat_Biotech,6,1,1.0,8,0.0,1,10,5,1,1,1,1,MVP_DE_results_T_10_delta_5_scen_1_trial_1_inv_1_cap._1_cap.inc._1.json
Rotavirus,Bharat_Biotech,6,2,-0.0,6,0.0,1,10,5,1,1,1,1,MVP_DE_results_T_10_delta_5_scen_1_trial_1_inv_1_cap._1_cap.inc._1.json
Rotavirus,Bharat_Biotech,6,2,-0.0,7,0.0,1,10,5,1,1,1,1,MVP_DE_results_T_10_delta_5_scen_1_trial_1_inv_1_cap._1_cap.inc._1.json
Rotavirus,Bharat_Biotech,6,2,-0.0,10,0.0,1,10,5,1,1,1,1,MVP_DE_results_T_10_delta_5_scen_1_trial_1_inv_1_cap._1_cap.inc._1.json
Rotavirus,Bharat_Biotech,6,2,-0.0,9,0.0,1,10,5,1,1,1,1,MVP_DE_results_T_10_delta_5_scen_1_trial_1_inv_1_cap._1_cap.inc._1.json
Rotavirus,Bharat_Biotech,6,2,-0.0,8,0.0,1,10,5,1,1,1,1,MVP_DE_results_T_10_delta_5_scen_1_trial_1_inv_1_cap._1_cap.inc._1.json
Rotavirus,Bharat_Biotech,7,1,1.0,7,0.0,1,10,5,1,1,1,1,MVP_DE_results_T_10_delta_5_scen_1_trial_1_inv_1_cap._1_cap.inc._1.json
Rotavirus,Bharat_Biotech,7,1,1.0,10,0.0,1,10,5,1,1,1,1,MVP_DE_results_T_10_delta_5_scen_1_trial_1_inv_1_cap._1_cap.inc._1.json
Rotavirus,Bharat_Biotech,7,1,1.0,9,0.0,1,10,5,1,1,1,1,MVP_DE_results_T_10_delta_5_scen_1_trial_1_inv_1_cap._1_cap.inc._1.json
Rotavirus,Bharat_Biotech,7,1,1.0,8,60100.0,1,10,5,1,1,1,1,MVP_DE_results_T_10_delta_5_scen_1_trial_1_inv_1_cap._1_cap.inc._1.json
Rotavirus,Bharat_Biotech,7,2,0.0,7,0.0,1,10,5,1,1,1,1,MVP_DE_results_T_10_delta_5_scen_1_trial_1_inv_1_cap._1_cap.inc._1.json
Rotavirus,Bharat_Biotech,7,2,0.0,10,0.0,1,10,5,1,1,1,1,MVP_DE_results_T_10_delta_5_scen_1_trial_1_inv_1_cap._1_cap.inc._1.json
Rotavirus,Bharat_Biotech,7,2,0.0,9,0.0,1,10,5,1,1,1,1,MVP_DE_results_T_10_delta_5_scen_1_trial_1_inv_1_cap._1_cap.inc._1.json
Rotavirus,Bharat_Biotech,7,2,0.0,8,0.0,1,10,5,1,1,1,1,MVP_DE_results_T_10_delta_5_scen_1_trial_1_inv_1_cap._1_cap.inc._1.json
Rotavirus,Bharat_Biotech,8,1,1.0,10,0.0,1,10,5,1,1,1,1,MVP_DE_results_T_10_delta_5_scen_1_trial_1_inv_1_cap._1_cap.inc._1.json
Rotavirus,Bharat_Biotech,8,1,1.0,9,0.0,1,10,5,1,1,1,1,MVP_DE_results_T_10_delta_5_scen_1_trial_1_inv_1_cap._1_cap.inc._1.json
Rotavirus,Bharat_Biotech,8,1,1.0,8,0.0,1,10,5,1,1,1,1,MVP_DE_results_T_10_delta_5_scen_1_trial_1_inv_1_cap._1_cap.inc._1.json
Rotavirus,Bharat_Biotech,8,2,-0.0,10,0.0,1,10,5,1,1,1,1,MVP_DE_results_T_10_delta_5_scen_1_trial_1_inv_1_cap._1_cap.inc._1.json
Rotavirus,Bharat_Biotech,8,2,-0.0,9,0.0,1,10,5,1,1,1,1,MVP_DE_results_T_10_delta_5_scen_1_trial_1_inv_1_cap._1_cap.inc._1.json
Rotavirus,Bharat_Biotech,8,2,-0.0,8,0.0,1,10,5,1,1,1,1,MVP_DE_results_T_10_delta_5_scen_1_trial_1_inv_1_cap._1_cap.inc._1.json
Rotavirus,Bharat_Biotech,9,1,1.0,10,0.0,1,10,5,1,1,1,1,MVP_DE_results_T_10_delta_5_scen_1_trial_1_inv_1_cap._1_cap.inc._1.json
Rotavirus,Bharat_Biotech,9,1,1.0,9,60100.0,1,10,5,1,1,1,1,MVP_DE_results_T_10_delta_5_scen_1_trial_1_inv_1_cap._1_cap.inc._1.json
Rotavirus,Bharat_Biotech,9,2,0.0,10,0.0,1,10,5,1,1,1,1,MVP_DE_results_T_10_delta_5_scen_1_trial_1_inv_1_cap._1_cap.inc._1.json
Rotavirus,Bharat_Biotech,9,2,0.0,9,0.0,1,10,5,1,1,1,1,MVP_DE_results_T_10_delta_5_scen_1_trial_1_inv_1_cap._1_cap.inc._1.json
Rotavirus,Bharat_Biotech,10,1,0.0,10,0.0,1,10,5,1,1,1,1,MVP_DE_results_T_10_delta_5_scen_1_trial_1_inv_1_cap._1_cap.inc._1.json
Rotavirus,Bharat_Biotech,10,2,1.0,10,71400.0,1,10,5,1,1,1,1,MVP_DE_results_T_10_delta_5_scen_1_trial_1_inv_1_cap._1_cap.inc._1.json
Rotavirus,GSK,1,1,1.0,5,60100.0,1,10,5,1,1,1,1,MVP_DE_results_T_10_delta_5_scen_1_trial_1_inv_1_cap._1_cap.inc._1.json
Rotavirus,GSK,1,1,1.0,4,0.0,1,10,5,1,1,1,1,MVP_DE_results_T_10_delta_5_scen_1_trial_1_inv_1_cap._1_cap.inc._1.json
Rotavirus,GSK,1,1,1.0,2,0.0,1,10,5,1,1,1,1,MVP_DE_results_T_10_delta_5_scen_1_trial_1_inv_1_cap._1_cap.inc._1.json
Rotavirus,GSK,1,1,1.0,3,29340.0,1,10,5,1,1,1,1,MVP_DE_results_T_10_delta_5_scen_1_trial_1_inv_1_cap._1_cap.inc._1.json
Rotavirus,GSK,1,1,1.0,1,29340.0,1,10,5,1,1,1,1,MVP_DE_results_T_10_delta_5_scen_1_trial_1_inv_1_cap._1_cap.inc._1.json
Rotavirus,GSK,1,2,0.0,5,0.0,1,10,5,1,1,1,1,MVP_DE_results_T_10_delta_5_scen_1_trial_1_inv_1_cap._1_cap.inc._1.json
Rotavirus,GSK,1,2,0.0,4,0.0,1,10,5,1,1,1,1,MVP_DE_results_T_10_delta_5_scen_1_trial_1_inv_1_cap._1_cap.inc._1.json
Rotavirus,GSK,1,2,0.0,2,0.0,1,10,5,1,1,1,1,MVP_DE_results_T_10_delta_5_scen_1_trial_1_inv_1_cap._1_cap.inc._1.json
Rotavirus,GSK,1,2,0.0,3,0.0,1,10,5,1,1,1,1,MVP_DE_results_T_10_delta_5_scen_1_trial_1_inv_1_cap._1_cap.inc._1.json
Rotavirus,GSK,1,2,0.0,1,0.0,1,10,5,1,1,1,1,MVP_DE_results_T_10_delta_5_scen_1_trial_1_inv_1_cap._1_cap.inc._1.json
Rotavirus,GSK,2,1,1.0,5,0.0,1,10,5,1,1,1,1,MVP_DE_results_T_10_delta_5_scen_1_trial_1_inv_1_cap._1_cap.inc._1.json
Rotavirus,GSK,2,1,1.0,4,0.0,1,10,5,1,1,1,1,MVP_DE_results_T_10_delta_5_scen_1_trial_1_inv_1_cap._1_cap.inc._1.json
Rotavirus,GSK,2,1,1.0,6,0.0,1,10,5,1,1,1,1,MVP_DE_results_T_10_delta_5_scen_1_trial_1_inv_1_cap._1_cap.inc._1.json
Rotavirus,GSK,2,1,1.0,2,0.0,1,10,5,1,1,1,1,MVP_DE_results_T_10_delta_5_scen_1_trial_1_inv_1_cap._1_cap.inc._1.json
Rotavirus,GSK,2,1,1.0,3,0.0,1,10,5,1,1,1,1,MVP_DE_results_T_10_delta_5_scen_1_trial_1_inv_1_cap._1_cap.inc._1.json
Rotavirus,GSK,2,2,0.0,5,0.0,1,10,5,1,1,1,1,MVP_DE_results_T_10_delta_5_scen_1_trial_1_inv_1_cap._1_cap.inc._1.json
Rotavirus,GSK,2,2,0.0,4,0.0,1,10,5,1,1,1,1,MVP_DE_results_T_10_delta_5_scen_1_trial_1_inv_1_cap._1_cap.inc._1.json
Rotavirus,GSK,2,2,0.0,6,0.0,1,10,5,1,1,1,1,MVP_DE_results_T_10_delta_5_scen_1_trial_1_inv_1_cap._1_cap.inc._1.json
Rotavirus,GSK,2,2,0.0,2,0.0,1,10,5,1,1,1,1,MVP_DE_results_T_10_delta_5_scen_1_trial_1_inv_1_cap._1_cap.inc._1.json
Rotavirus,GSK,2,2,0.0,3,0.0,1,10,5,1,1,1,1,MVP_DE_results_T_10_delta_5_scen_1_trial_1_inv_1_cap._1_cap.inc._1.json
Rotavirus,GSK,3,1,1.0,5,0.0,1,10,5,1,1,1,1,MVP_DE_results_T_10_delta_5_scen_1_trial_1_inv_1_cap._1_cap.inc._1.json
Rotavirus,GSK,3,1,1.0,4,0.0,1,10,5,1,1,1,1,MVP_DE_results_T_10_delta_5_scen_1_trial_1_inv_1_cap._1_cap.inc._1.json
Rotavirus,GSK,3,1,1.0,6,54460.0,1,10,5,1,1,1,1,MVP_DE_results_T_10_delta_5_scen_1_trial_1_inv_1_cap._1_cap.inc._1.json
Rotavirus,GSK,3,1,1.0,7,0.0,1,10,5,1,1,1,1,MVP_DE_results_T_10_delta_5_scen_1_trial_1_inv_1_cap._1_cap.inc._1.json
Rotavirus,GSK,3,1,1.0,3,0.0,1,10,5,1,1,1,1,MVP_DE_results_T_10_delta_5_scen_1_trial_1_inv_1_cap._1_cap.inc._1.json
Rotavirus,GSK,3,2,0.0,5,0.0,1,10,5,1,1,1,1,MVP_DE_results_T_10_delta_5_scen_1_trial_1_inv_1_cap._1_cap.inc._1.json
Rotavirus,GSK,3,2,0.0,4,0.0,1,10,5,1,1,1,1,MVP_DE_results_T_10_delta_5_scen_1_trial_1_inv_1_cap._1_cap.inc._1.json
Rotavirus,GSK,3,2,0.0,6,0.0,1,10,5,1,1,1,1,MVP_DE_results_T_10_delta_5_scen_1_trial_1_inv_1_cap._1_cap.inc._1.json
Rotavirus,GSK,3,2,0.0,7,0.0,1,10,5,1,1,1,1,MVP_DE_results_T_10_delta_5_scen_1_trial_1_inv_1_cap._1_cap.inc._1.json
Rotavirus,GSK,3,2,0.0,3,0.0,1,10,5,1,1,1,1,MVP_DE_results_T_10_delta_5_scen_1_trial_1_inv_1_cap._1_cap.inc._1.json
Rotavirus,GSK,4,1,1.0,5,0.0,1,10,5,1,1,1,1,MVP_DE_results_T_10_delta_5_scen_1_trial_1_inv_1_cap._1_cap.inc._1.json
Rotavirus,GSK,4,1,1.0,4,0.0,1,10,5,1,1,1,1,MVP_DE_results_T_10_delta_5_scen_1_trial_1_inv_1_cap._1_cap.inc._1.json
Rotavirus,GSK,4,1,1.0,6,54460.0,1,10,5,1,1,1,1,MVP_DE_results_T_10_delta_5_scen_1_trial_1_inv_1_cap._1_cap.inc._1.json
Rotavirus,GSK,4,1,1.0,7,0.0,1,10,5,1,1,1,1,MVP_DE_results_T_10_delta_5_scen_1_trial_1_inv_1_cap._1_cap.inc._1.json
Rotavirus,GSK,4,1,1.0,8,0.0,1,10,5,1,1,1,1,MVP_DE_results_T_10_delta_5_scen_1_trial_1_inv_1_cap._1_cap.inc._1.json
Rotavirus,GSK,4,2,0.0,5,0.0,1,10,5,1,1,1,1,MVP_DE_results_T_10_delta_5_scen_1_trial_1_inv_1_cap._1_cap.inc._1.json
Rotavirus,GSK,4,2,0.0,4,0.0,1,10,5,1,1,1,1,MVP_DE_results_T_10_delta_5_scen_1_trial_1_inv_1_cap._1_cap.inc._1.json
Rotavirus,GSK,4,2,0.0,6,0.0,1,10,5,1,1,1,1,MVP_DE_results_T_10_delta_5_scen_1_trial_1_inv_1_cap._1_cap.inc._1.json
Rotavirus,GSK,4,2,0.0,7,0.0,1,10,5,1,1,1,1,MVP_DE_results_T_10_delta_5_scen_1_trial_1_inv_1_cap._1_cap.inc._1.json
Rotavirus,GSK,4,2,0.0,8,0.0,1,10,5,1,1,1,1,MVP_DE_results_T_10_delta_5_scen_1_trial_1_inv_1_cap._1_cap.inc._1.json
Rotavirus,GSK,5,1,1.0,5,0.0,1,10,5,1,1,1,1,MVP_DE_results_T_10_delta_5_scen_1_trial_1_inv_1_cap._1_cap.inc._1.json
Rotavirus,GSK,5,1,1.0,6,0.0,1,10,5,1,1,1,1,MVP_DE_results_T_10_delta_5_scen_1_trial_1_inv_1_cap._1_cap.inc._1.json
Rotavirus,GSK,5,1,1.0,7,0.0,1,10,5,1,1,1,1,MVP_DE_results_T_10_delta_5_scen_1_trial_1_inv_1_cap._1_cap.inc._1.json
Rotavirus,GSK,5,1,1.0,9,0.0,1,10,5,1,1,1,1,MVP_DE_results_T_10_delta_5_scen_1_trial_1_inv_1_cap._1_cap.inc._1.json
Rotavirus,GSK,5,1,1.0,8,0.0,1,10,5,1,1,1,1,MVP_DE_results_T_10_delta_5_scen_1_trial_1_inv_1_cap._1_cap.inc._1.json
Rotavirus,GSK,5,2,0.0,5,0.0,1,10,5,1,1,1,1,MVP_DE_results_T_10_delta_5_scen_1_trial_1_inv_1_cap._1_cap.inc._1.json
Rotavirus,GSK,5,2,0.0,6,0.0,1,10,5,1,1,1,1,MVP_DE_results_T_10_delta_5_scen_1_trial_1_inv_1_cap._1_cap.inc._1.json
Rotavirus,GSK,5,2,0.0,7,0.0,1,10,5,1,1,1,1,MVP_DE_results_T_10_delta_5_scen_1_trial_1_inv_1_cap._1_cap.inc._1.json
Rotavirus,GSK,5,2,0.0,9,0.0,1,10,5,1,1,1,1,MVP_DE_results_T_10_delta_5_scen_1_trial_1_inv_1_cap._1_cap.inc._1.json
Rotavirus,GSK,5,2,0.0,8,0.0,1,10,5,1,1,1,1,MVP_DE_results_T_10_delta_5_scen_1_trial_1_inv_1_cap._1_cap.inc._1.json
Rotavirus,GSK,6,1,1.0,6,0.0,1,10,5,1,1,1,1,MVP_DE_results_T_10_delta_5_scen_1_trial_1_inv_1_cap._1_cap.inc._1.json
Rotavirus,GSK,6,1,1.0,7,60100.0,1,10,5,1,1,1,1,MVP_DE_results_T_10_delta_5_scen_1_trial_1_inv_1_cap._1_cap.inc._1.json
Rotavirus,GSK,6,1,1.0,10,0.0,1,10,5,1,1,1,1,MVP_DE_results_T_10_delta_5_scen_1_trial_1_inv_1_cap._1_cap.inc._1.json
Rotavirus,GSK,6,1,1.0,9,0.0,1,10,5,1,1,1,1,MVP_DE_results_T_10_delta_5_scen_1_trial_1_inv_1_cap._1_cap.inc._1.json
Rotavirus,GSK,6,1,1.0,8,0.0,1,10,5,1,1,1,1,MVP_DE_results_T_10_delta_5_scen_1_trial_1_inv_1_cap._1_cap.inc._1.json
Rotavirus,GSK,6,2,0.0,6,0.0,1,10,5,1,1,1,1,MVP_DE_results_T_10_delta_5_scen_1_trial_1_inv_1_cap._1_cap.inc._1.json
Rotavirus,GSK,6,2,0.0,7,0.0,1,10,5,1,1,1,1,MVP_DE_results_T_10_delta_5_scen_1_trial_1_inv_1_cap._1_cap.inc._1.json
Rotavirus,GSK,6,2,0.0,10,0.0,1,10,5,1,1,1,1,MVP_DE_results_T_10_delta_5_scen_1_trial_1_inv_1_cap._1_cap.inc._1.json
Rotavirus,GSK,6,2,0.0,9,0.0,1,10,5,1,1,1,1,MVP_DE_results_T_10_delta_5_scen_1_trial_1_inv_1_cap._1_cap.inc._1.json
Rotavirus,GSK,6,2,0.0,8,0.0,1,10,5,1,1,1,1,MVP_DE_results_T_10_delta_5_scen_1_trial_1_inv_1_cap._1_cap.inc._1.json
Rotavirus,GSK,7,1,1.0,7,0.0,1,10,5,1,1,1,1,MVP_DE_results_T_10_delta_5_scen_1_trial_1_inv_1_cap._1_cap.inc._1.json
Rotavirus,GSK,7,1,1.0,10,0.0,1,10,5,1,1,1,1,MVP_DE_results_T_10_delta_5_scen_1_trial_1_inv_1_cap._1_cap.inc._1.json
Rotavirus,GSK,7,1,1.0,9,0.0,1,10,5,1,1,1,1,MVP_DE_results_T_10_delta_5_scen_1_trial_1_inv_1_cap._1_cap.inc._1.json
Rotavirus,GSK,7,1,1.0,8,60100.0,1,10,5,1,1,1,1,MVP_DE_results_T_10_delta_5_scen_1_trial_1_inv_1_cap._1_cap.inc._1.json
Rotavirus,GSK,7,2,-0.0,7,-0.0,1,10,5,1,1,1,1,MVP_DE_results_T_10_delta_5_scen_1_trial_1_inv_1_cap._1_cap.inc._1.json
Rotavirus,GSK,7,2,-0.0,10,0.0,1,10,5,1,1,1,1,MVP_DE_results_T_10_delta_5_scen_1_trial_1_inv_1_cap._1_cap.inc._1.json
Rotavirus,GSK,7,2,-0.0,9,0.0,1,10,5,1,1,1,1,MVP_DE_results_T_10_delta_5_scen_1_trial_1_inv_1_cap._1_cap.inc._1.json
Rotavirus,GSK,7,2,-0.0,8,0.0,1,10,5,1,1,1,1,MVP_DE_results_T_10_delta_5_scen_1_trial_1_inv_1_cap._1_cap.inc._1.json
Rotavirus,GSK,8,1,1.0,10,0.0,1,10,5,1,1,1,1,MVP_DE_results_T_10_delta_5_scen_1_trial_1_inv_1_cap._1_cap.inc._1.json
Rotavirus,GSK,8,1,1.0,9,60100.0,1,10,5,1,1,1,1,MVP_DE_results_T_10_delta_5_scen_1_trial_1_inv_1_cap._1_cap.inc._1.json
Rotavirus,GSK,8,1,1.0,8,0.0,1,10,5,1,1,1,1,MVP_DE_results_T_10_delta_5_scen_1_trial_1_inv_1_cap._1_cap.inc._1.json
Rotavirus,GSK,8,2,0.0,10,0.0,1,10,5,1,1,1,1,MVP_DE_results_T_10_delta_5_scen_1_trial_1_inv_1_cap._1_cap.inc._1.json
Rotavirus,GSK,8,2,0.0,9,0.0,1,10,5,1,1,1,1,MVP_DE_results_T_10_delta_5_scen_1_trial_1_inv_1_cap._1_cap.inc._1.json
Rotavirus,GSK,8,2,0.0,8,0.0,1,10,5,1,1,1,1,MVP_DE_results_T_10_delta_5_scen_1_trial_1_inv_1_cap._1_cap.inc._1.json
Rotavirus,GSK,9,1,1.0,10,0.0,1,10,5,1,1,1,1,MVP_DE_results_T_10_delta_5_scen_1_trial_1_inv_1_cap._1_cap.inc._1.json
Rotavirus,GSK,9,1,1.0,9,36400.0,1,10,5,1,1,1,1,MVP_DE_results_T_10_delta_5_scen_1_trial_1_inv_1_cap._1_cap.inc._1.json
Rotavirus,GSK,9,2,-0.0,10,0.0,1,10,5,1,1,1,1,MVP_DE_results_T_10_delta_5_scen_1_trial_1_inv_1_cap._1_cap.inc._1.json
Rotavirus,GSK,9,2,-0.0,9,-0.0,1,10,5,1,1,1,1,MVP_DE_results_T_10_delta_5_scen_1_trial_1_inv_1_cap._1_cap.inc._1.json
Rotavirus,GSK,10,1,1.0,10,36400.0,1,10,5,1,1,1,1,MVP_DE_results_T_10_delta_5_scen_1_trial_1_inv_1_cap._1_cap.inc._1.json
Rotavirus,GSK,10,2,-0.0,10,-0.0,1,10,5,1,1,1,1,MVP_DE_results_T_10_delta_5_scen_1_trial_1_inv_1_cap._1_cap.inc._1.json
Rotavirus,Serum_Institute,1,1,1.0,5,0.0,1,10,5,1,1,1,1,MVP_DE_results_T_10_delta_5_scen_1_trial_1_inv_1_cap._1_cap.inc._1.json
Rotavirus,Serum_Institute,1,1,1.0,4,0.0,1,10,5,1,1,1,1,MVP_DE_results_T_10_delta_5_scen_1_trial_1_inv_1_cap._1_cap.inc._1.json
Rotavirus,Serum_Institute,1,1,1.0,2,0.0,1,10,5,1,1,1,1,MVP_DE_results_T_10_delta_5_scen_1_trial_1_inv_1_cap._1_cap.inc._1.json
Rotavirus,Serum_Institute,1,1,1.0,3,0.0,1,10,5,1,1,1,1,MVP_DE_results_T_10_delta_5_scen_1_trial_1_inv_1_cap._1_cap.inc._1.json
Rotavirus,Serum_Institute,1,1,1.0,1,0.0,1,10,5,1,1,1,1,MVP_DE_results_T_10_delta_5_scen_1_trial_1_inv_1_cap._1_cap.inc._1.json
Rotavirus,Serum_Institute,1,2,0.0,5,0.0,1,10,5,1,1,1,1,MVP_DE_results_T_10_delta_5_scen_1_trial_1_inv_1_cap._1_cap.inc._1.json
Rotavirus,Serum_Institute,1,2,0.0,4,0.0,1,10,5,1,1,1,1,MVP_DE_results_T_10_delta_5_scen_1_trial_1_inv_1_cap._1_cap.inc._1.json
Rotavirus,Serum_Institute,1,2,0.0,2,0.0,1,10,5,1,1,1,1,MVP_DE_results_T_10_delta_5_scen_1_trial_1_inv_1_cap._1_cap.inc._1.json
Rotavirus,Serum_Institute,1,2,0.0,3,0.0,1,10,5,1,1,1,1,MVP_DE_results_T_10_delta_5_scen_1_trial_1_inv_1_cap._1_cap.inc._1.json
Rotavirus,Serum_Institute,1,2,0.0,1,0.0,1,10,5,1,1,1,1,MVP_DE_results_T_10_delta_5_scen_1_trial_1_inv_1_cap._1_cap.inc._1.json
Rotavirus,Serum_Institute,2,1,1.0,5,0.0,1,10,5,1,1,1,1,MVP_DE_results_T_10_delta_5_scen_1_trial_1_inv_1_cap._1_cap.inc._1.json
Rotavirus,Serum_Institute,2,1,1.0,4,0.0,1,10,5,1,1,1,1,MVP_DE_results_T_10_delta_5_scen_1_trial_1_inv_1_cap._1_cap.inc._1.json
Rotavirus,Serum_Institute,2,1,1.0,6,0.0,1,10,5,1,1,1,1,MVP_DE_results_T_10_delta_5_scen_1_trial_1_inv_1_cap._1_cap.inc._1.json
Rotavirus,Serum_Institute,2,1,1.0,2,0.0,1,10,5,1,1,1,1,MVP_DE_results_T_10_delta_5_scen_1_trial_1_inv_1_cap._1_cap.inc._1.json
Rotavirus,Serum_Institute,2,1,1.0,3,0.0,1,10,5,1,1,1,1,MVP_DE_results_T_10_delta_5_scen_1_trial_1_inv_1_cap._1_cap.inc._1.json
Rotavirus,Serum_Institute,2,2,0.0,5,0.0,1,10,5,1,1,1,1,MVP_DE_results_T_10_delta_5_scen_1_trial_1_inv_1_cap._1_cap.inc._1.json
Rotavirus,Serum_Institute,2,2,0.0,4,0.0,1,10,5,1,1,1,1,MVP_DE_results_T_10_delta_5_scen_1_trial_1_inv_1_cap._1_cap.inc._1.json
Rotavirus,Serum_Institute,2,2,0.0,6,0.0,1,10,5,1,1,1,1,MVP_DE_results_T_10_delta_5_scen_1_trial_1_inv_1_cap._1_cap.inc._1.json
Rotavirus,Serum_Institute,2,2,0.0,2,0.0,1,10,5,1,1,1,1,MVP_DE_results_T_10_delta_5_scen_1_trial_1_inv_1_cap._1_cap.inc._1.json
Rotavirus,Serum_Institute,2,2,0.0,3,0.0,1,10,5,1,1,1,1,MVP_DE_results_T_10_delta_5_scen_1_trial_1_inv_1_cap._1_cap.inc._1.json
Rotavirus,Serum_Institute,3,1,1.0,5,0.0,1,10,5,1,1,1,1,MVP_DE_results_T_10_delta_5_scen_1_trial_1_inv_1_cap._1_cap.inc._1.json
Rotavirus,Serum_Institute,3,1,1.0,4,0.0,1,10,5,1,1,1,1,MVP_DE_results_T_10_delta_5_scen_1_trial_1_inv_1_cap._1_cap.inc._1.json
Rotavirus,Serum_Institute,3,1,1.0,6,0.0,1,10,5,1,1,1,1,MVP_DE_results_T_10_delta_5_scen_1_trial_1_inv_1_cap._1_cap.inc._1.json
Rotavirus,Serum_Institute,3,1,1.0,7,0.0,1,10,5,1,1,1,1,MVP_DE_results_T_10_delta_5_scen_1_trial_1_inv_1_cap._1_cap.inc._1.json
Rotavirus,Serum_Institute,3,1,1.0,3,0.0,1,10,5,1,1,1,1,MVP_DE_results_T_10_delta_5_scen_1_trial_1_inv_1_cap._1_cap.inc._1.json
Rotavirus,Serum_Institute,3,2,0.0,5,0.0,1,10,5,1,1,1,1,MVP_DE_results_T_10_delta_5_scen_1_trial_1_inv_1_cap._1_cap.inc._1.json
Rotavirus,Serum_Institute,3,2,0.0,4,0.0,1,10,5,1,1,1,1,MVP_DE_results_T_10_delta_5_scen_1_trial_1_inv_1_cap._1_cap.inc._1.json
Rotavirus,Serum_Institute,3,2,0.0,6,0.0,1,10,5,1,1,1,1,MVP_DE_results_T_10_delta_5_scen_1_trial_1_inv_1_cap._1_cap.inc._1.json
Rotavirus,Serum_Institute,3,2,0.0,7,0.0,1,10,5,1,1,1,1,MVP_DE_results_T_10_delta_5_scen_1_trial_1_inv_1_cap._1_cap.inc._1.json
Rotavirus,Serum_Institute,3,2,0.0,3,0.0,1,10,5,1,1,1,1,MVP_DE_results_T_10_delta_5_scen_1_trial_1_inv_1_cap._1_cap.inc._1.json
Rotavirus,Serum_Institute,4,1,1.0,5,0.0,1,10,5,1,1,1,1,MVP_DE_results_T_10_delta_5_scen_1_trial_1_inv_1_cap._1_cap.inc._1.json
Rotavirus,Serum_Institute,4,1,1.0,4,0.0,1,10,5,1,1,1,1,MVP_DE_results_T_10_delta_5_scen_1_trial_1_inv_1_cap._1_cap.inc._1.json
Rotavirus,Serum_Institute,4,1,1.0,6,0.0,1,10,5,1,1,1,1,MVP_DE_results_T_10_delta_5_scen_1_trial_1_inv_1_cap._1_cap.inc._1.json
Rotavirus,Serum_Institute,4,1,1.0,7,0.0,1,10,5,1,1,1,1,MVP_DE_results_T_10_delta_5_scen_1_trial_1_inv_1_cap._1_cap.inc._1.json
Rotavirus,Serum_Institute,4,1,1.0,8,0.0,1,10,5,1,1,1,1,MVP_DE_results_T_10_delta_5_scen_1_trial_1_inv_1_cap._1_cap.inc._1.json
Rotavirus,Serum_Institute,4,2,0.0,5,0.0,1,10,5,1,1,1,1,MVP_DE_results_T_10_delta_5_scen_1_trial_1_inv_1_cap._1_cap.inc._1.json
Rotavirus,Serum_Institute,4,2,0.0,4,0.0,1,10,5,1,1,1,1,MVP_DE_results_T_10_delta_5_scen_1_trial_1_inv_1_cap._1_cap.inc._1.json
Rotavirus,Serum_Institute,4,2,0.0,6,0.0,1,10,5,1,1,1,1,MVP_DE_results_T_10_delta_5_scen_1_trial_1_inv_1_cap._1_cap.inc._1.json
Rotavirus,Serum_Institute,4,2,0.0,7,0.0,1,10,5,1,1,1,1,MVP_DE_results_T_10_delta_5_scen_1_trial_1_inv_1_cap._1_cap.inc._1.json
Rotavirus,Serum_Institute,4,2,0.0,8,0.0,1,10,5,1,1,1,1,MVP_DE_results_T_10_delta_5_scen_1_trial_1_inv_1_cap._1_cap.inc._1.json
Rotavirus,Serum_Institute,5,1,1.0,5,0.0,1,10,5,1,1,1,1,MVP_DE_results_T_10_delta_5_scen_1_trial_1_inv_1_cap._1_cap.inc._1.json
Rotavirus,Serum_Institute,5,1,1.0,6,0.0,1,10,5,1,1,1,1,MVP_DE_results_T_10_delta_5_scen_1_trial_1_inv_1_cap._1_cap.inc._1.json
Rotavirus,Serum_Institute,5,1,1.0,7,0.0,1,10,5,1,1,1,1,MVP_DE_results_T_10_delta_5_scen_1_trial_1_inv_1_cap._1_cap.inc._1.json
Rotavirus,Serum_Institute,5,1,1.0,9,0.0,1,10,5,1,1,1,1,MVP_DE_results_T_10_delta_5_scen_1_trial_1_inv_1_cap._1_cap.inc._1.json
Rotavirus,Serum_Institute,5,1,1.0,8,0.0,1,10,5,1,1,1,1,MVP_DE_results_T_10_delta_5_scen_1_trial_1_inv_1_cap._1_cap.inc._1.json
Rotavirus,Serum_Institute,5,2,0.0,5,0.0,1,10,5,1,1,1,1,MVP_DE_results_T_10_delta_5_scen_1_trial_1_inv_1_cap._1_cap.inc._1.json
Rotavirus,Serum_Institute,5,2,0.0,6,0.0,1,10,5,1,1,1,1,MVP_DE_results_T_10_delta_5_scen_1_trial_1_inv_1_cap._1_cap.inc._1.json
Rotavirus,Serum_Institute,5,2,0.0,7,0.0,1,10,5,1,1,1,1,MVP_DE_results_T_10_delta_5_scen_1_trial_1_inv_1_cap._1_cap.inc._1.json
Rotavirus,Serum_Institute,5,2,0.0,9,0.0,1,10,5,1,1,1,1,MVP_DE_results_T_10_delta_5_scen_1_trial_1_inv_1_cap._1_cap.inc._1.json
Rotavirus,Serum_Institute,5,2,0.0,8,0.0,1,10,5,1,1,1,1,MVP_DE_results_T_10_delta_5_scen_1_trial_1_inv_1_cap._1_cap.inc._1.json
Rotavirus,Serum_Institute,6,1,1.0,6,0.0,1,10,5,1,1,1,1,MVP_DE_results_T_10_delta_5_scen_1_trial_1_inv_1_cap._1_cap.inc._1.json
Rotavirus,Serum_Institute,6,1,1.0,7,0.0,1,10,5,1,1,1,1,MVP_DE_results_T_10_delta_5_scen_1_trial_1_inv_1_cap._1_cap.inc._1.json
Rotavirus,Serum_Institute,6,1,1.0,10,0.0,1,10,5,1,1,1,1,MVP_DE_results_T_10_delta_5_scen_1_trial_1_inv_1_cap._1_cap.inc._1.json
Rotavirus,Serum_Institute,6,1,1.0,9,0.0,1,10,5,1,1,1,1,MVP_DE_results_T_10_delta_5_scen_1_trial_1_inv_1_cap._1_cap.inc._1.json
Rotavirus,Serum_Institute,6,1,1.0,8,0.0,1,10,5,1,1,1,1,MVP_DE_results_T_10_delta_5_scen_1_trial_1_inv_1_cap._1_cap.inc._1.json
Rotavirus,Serum_Institute,6,2,0.0,6,0.0,1,10,5,1,1,1,1,MVP_DE_results_T_10_delta_5_scen_1_trial_1_inv_1_cap._1_cap.inc._1.json
Rotavirus,Serum_Institute,6,2,0.0,7,0.0,1,10,5,1,1,1,1,MVP_DE_results_T_10_delta_5_scen_1_trial_1_inv_1_cap._1_cap.inc._1.json
Rotavirus,Serum_Institute,6,2,0.0,10,0.0,1,10,5,1,1,1,1,MVP_DE_results_T_10_delta_5_scen_1_trial_1_inv_1_cap._1_cap.inc._1.json
Rotavirus,Serum_Institute,6,2,0.0,9,0.0,1,10,5,1,1,1,1,MVP_DE_results_T_10_delta_5_scen_1_trial_1_inv_1_cap._1_cap.inc._1.json
Rotavirus,Serum_Institute,6,2,0.0,8,0.0,1,10,5,1,1,1,1,MVP_DE_results_T_10_delta_5_scen_1_trial_1_inv_1_cap._1_cap.inc._1.json
Rotavirus,Serum_Institute,7,1,1.0,7,0.0,1,10,5,1,1,1,1,MVP_DE_results_T_10_delta_5_scen_1_trial_1_inv_1_cap._1_cap.inc._1.json
Rotavirus,Serum_Institute,7,1,1.0,10,0.0,1,10,5,1,1,1,1,MVP_DE_results_T_10_delta_5_scen_1_trial_1_inv_1_cap._1_cap.inc._1.json
Rotavirus,Serum_Institute,7,1,1.0,9,0.0,1,10,5,1,1,1,1,MVP_DE_results_T_10_delta_5_scen_1_trial_1_inv_1_cap._1_cap.inc._1.json
Rotavirus,Serum_Institute,7,1,1.0,8,0.0,1,10,5,1,1,1,1,MVP_DE_results_T_10_delta_5_scen_1_trial_1_inv_1_cap._1_cap.inc._1.json
Rotavirus,Serum_Institute,7,2,0.0,7,0.0,1,10,5,1,1,1,1,MVP_DE_results_T_10_delta_5_scen_1_trial_1_inv_1_cap._1_cap.inc._1.json
Rotavirus,Serum_Institute,7,2,0.0,10,0.0,1,10,5,1,1,1,1,MVP_DE_results_T_10_delta_5_scen_1_trial_1_inv_1_cap._1_cap.inc._1.json
Rotavirus,Serum_Institute,7,2,0.0,9,0.0,1,10,5,1,1,1,1,MVP_DE_results_T_10_delta_5_scen_1_trial_1_inv_1_cap._1_cap.inc._1.json
Rotavirus,Serum_Institute,7,2,0.0,8,0.0,1,10,5,1,1,1,1,MVP_DE_results_T_10_delta_5_scen_1_trial_1_inv_1_cap._1_cap.inc._1.json
Rotavirus,Serum_Institute,8,1,1.0,10,0.0,1,10,5,1,1,1,1,MVP_DE_results_T_10_delta_5_scen_1_trial_1_inv_1_cap._1_cap.inc._1.json
Rotavirus,Serum_Institute,8,1,1.0,9,0.0,1,10,5,1,1,1,1,MVP_DE_results_T_10_delta_5_scen_1_trial_1_inv_1_cap._1_cap.inc._1.json
Rotavirus,Serum_Institute,8,1,1.0,8,0.0,1,10,5,1,1,1,1,MVP_DE_results_T_10_delta_5_scen_1_trial_1_inv_1_cap._1_cap.inc._1.json
Rotavirus,Serum_Institute,8,2,0.0,10,0.0,1,10,5,1,1,1,1,MVP_DE_results_T_10_delta_5_scen_1_trial_1_inv_1_cap._1_cap.inc._1.json
Rotavirus,Serum_Institute,8,2,0.0,9,0.0,1,10,5,1,1,1,1,MVP_DE_results_T_10_delta_5_scen_1_trial_1_inv_1_cap._1_cap.inc._1.json
Rotavirus,Serum_Institute,8,2,0.0,8,0.0,1,10,5,1,1,1,1,MVP_DE_results_T_10_delta_5_scen_1_trial_1_inv_1_cap._1_cap.inc._1.json
Rotavirus,Serum_Institute,9,1,1.0,10,0.0,1,10,5,1,1,1,1,MVP_DE_results_T_10_delta_5_scen_1_trial_1_inv_1_cap._1_cap.inc._1.json
Rotavirus,Serum_Institute,9,1,1.0,9,0.0,1,10,5,1,1,1,1,MVP_DE_results_T_10_delta_5_scen_1_trial_1_inv_1_cap._1_cap.inc._1.json
Rotavirus,Serum_Institute,9,2,0.0,10,0.0,1,10,5,1,1,1,1,MVP_DE_results_T_10_delta_5_scen_1_trial_1_inv_1_cap._1_cap.inc._1.json
Rotavirus,Serum_Institute,9,2,0.0,9,0.0,1,10,5,1,1,1,1,MVP_DE_results_T_10_delta_5_scen_1_trial_1_inv_1_cap._1_cap.inc._1.json
Rotavirus,Serum_Institute,10,1,1.0,10,0.0,1,10,5,1,1,1,1,MVP_DE_results_T_10_delta_5_scen_1_trial_1_inv_1_cap._1_cap.inc._1.json
Rotavirus,Serum_Institute,10,2,0.0,10,0.0,1,10,5,1,1,1,1,MVP_DE_results_T_10_delta_5_scen_1_trial_1_inv_1_cap._1_cap.inc._1.json
TT,BB_NCIPD,1,1,1.0,5,0.0,1,10,5,1,1,1,1,MVP_DE_results_T_10_delta_5_scen_1_trial_1_inv_1_cap._1_cap.inc._1.json
TT,BB_NCIPD,1,1,1.0,4,0.0,1,10,5,1,1,1,1,MVP_DE_results_T_10_delta_5_scen_1_trial_1_inv_1_cap._1_cap.inc._1.json
TT,BB_NCIPD,1,1,1.0,2,0.0,1,10,5,1,1,1,1,MVP_DE_results_T_10_delta_5_scen_1_trial_1_inv_1_cap._1_cap.inc._1.json
TT,BB_NCIPD,1,1,1.0,3,0.0,1,10,5,1,1,1,1,MVP_DE_results_T_10_delta_5_scen_1_trial_1_inv_1_cap._1_cap.inc._1.json
TT,BB_NCIPD,1,1,1.0,1,0.0,1,10,5,1,1,1,1,MVP_DE_results_T_10_delta_5_scen_1_trial_1_inv_1_cap._1_cap.inc._1.json
TT,BB_NCIPD,1,2,0.0,5,0.0,1,10,5,1,1,1,1,MVP_DE_results_T_10_delta_5_scen_1_trial_1_inv_1_cap._1_cap.inc._1.json
TT,BB_NCIPD,1,2,0.0,4,0.0,1,10,5,1,1,1,1,MVP_DE_results_T_10_delta_5_scen_1_trial_1_inv_1_cap._1_cap.inc._1.json
TT,BB_NCIPD,1,2,0.0,2,0.0,1,10,5,1,1,1,1,MVP_DE_results_T_10_delta_5_scen_1_trial_1_inv_1_cap._1_cap.inc._1.json
TT,BB_NCIPD,1,2,0.0,3,0.0,1,10,5,1,1,1,1,MVP_DE_results_T_10_delta_5_scen_1_trial_1_inv_1_cap._1_cap.inc._1.json
TT,BB_NCIPD,1,2,0.0,1,0.0,1,10,5,1,1,1,1,MVP_DE_results_T_10_delta_5_scen_1_trial_1_inv_1_cap._1_cap.inc._1.json
TT,BB_NCIPD,2,1,1.0,5,0.0,1,10,5,1,1,1,1,MVP_DE_results_T_10_delta_5_scen_1_trial_1_inv_1_cap._1_cap.inc._1.json
TT,BB_NCIPD,2,1,1.0,4,0.0,1,10,5,1,1,1,1,MVP_DE_results_T_10_delta_5_scen_1_trial_1_inv_1_cap._1_cap.inc._1.json
TT,BB_NCIPD,2,1,1.0,6,0.0,1,10,5,1,1,1,1,MVP_DE_results_T_10_delta_5_scen_1_trial_1_inv_1_cap._1_cap.inc._1.json
TT,BB_NCIPD,2,1,1.0,2,0.0,1,10,5,1,1,1,1,MVP_DE_results_T_10_delta_5_scen_1_trial_1_inv_1_cap._1_cap.inc._1.json
TT,BB_NCIPD,2,1,1.0,3,0.0,1,10,5,1,1,1,1,MVP_DE_results_T_10_delta_5_scen_1_trial_1_inv_1_cap._1_cap.inc._1.json
TT,BB_NCIPD,2,2,0.0,5,0.0,1,10,5,1,1,1,1,MVP_DE_results_T_10_delta_5_scen_1_trial_1_inv_1_cap._1_cap.inc._1.json
TT,BB_NCIPD,2,2,0.0,4,0.0,1,10,5,1,1,1,1,MVP_DE_results_T_10_delta_5_scen_1_trial_1_inv_1_cap._1_cap.inc._1.json
TT,BB_NCIPD,2,2,0.0,6,0.0,1,10,5,1,1,1,1,MVP_DE_results_T_10_delta_5_scen_1_trial_1_inv_1_cap._1_cap.inc._1.json
TT,BB_NCIPD,2,2,0.0,2,0.0,1,10,5,1,1,1,1,MVP_DE_results_T_10_delta_5_scen_1_trial_1_inv_1_cap._1_cap.inc._1.json
TT,BB_NCIPD,2,2,0.0,3,0.0,1,10,5,1,1,1,1,MVP_DE_results_T_10_delta_5_scen_1_trial_1_inv_1_cap._1_cap.inc._1.json
TT,BB_NCIPD,3,1,1.0,5,0.0,1,10,5,1,1,1,1,MVP_DE_results_T_10_delta_5_scen_1_trial_1_inv_1_cap._1_cap.inc._1.json
TT,BB_NCIPD,3,1,1.0,4,0.0,1,10,5,1,1,1,1,MVP_DE_results_T_10_delta_5_scen_1_trial_1_inv_1_cap._1_cap.inc._1.json
TT,BB_NCIPD,3,1,1.0,6,0.0,1,10,5,1,1,1,1,MVP_DE_results_T_10_delta_5_scen_1_trial_1_inv_1_cap._1_cap.inc._1.json
TT,BB_NCIPD,3,1,1.0,7,0.0,1,10,5,1,1,1,1,MVP_DE_results_T_10_delta_5_scen_1_trial_1_inv_1_cap._1_cap.inc._1.json
TT,BB_NCIPD,3,1,1.0,3,0.0,1,10,5,1,1,1,1,MVP_DE_results_T_10_delta_5_scen_1_trial_1_inv_1_cap._1_cap.inc._1.json
TT,BB_NCIPD,3,2,0.0,5,0.0,1,10,5,1,1,1,1,MVP_DE_results_T_10_delta_5_scen_1_trial_1_inv_1_cap._1_cap.inc._1.json
TT,BB_NCIPD,3,2,0.0,4,0.0,1,10,5,1,1,1,1,MVP_DE_results_T_10_delta_5_scen_1_trial_1_inv_1_cap._1_cap.inc._1.json
TT,BB_NCIPD,3,2,0.0,6,0.0,1,10,5,1,1,1,1,MVP_DE_results_T_10_delta_5_scen_1_trial_1_inv_1_cap._1_cap.inc._1.json
TT,BB_NCIPD,3,2,0.0,7,0.0,1,10,5,1,1,1,1,MVP_DE_results_T_10_delta_5_scen_1_trial_1_inv_1_cap._1_cap.inc._1.json
TT,BB_NCIPD,3,2,0.0,3,0.0,1,10,5,1,1,1,1,MVP_DE_results_T_10_delta_5_scen_1_trial_1_inv_1_cap._1_cap.inc._1.json
TT,BB_NCIPD,4,1,1.0,5,0.0,1,10,5,1,1,1,1,MVP_DE_results_T_10_delta_5_scen_1_trial_1_inv_1_cap._1_cap.inc._1.json
TT,BB_NCIPD,4,1,1.0,4,0.0,1,10,5,1,1,1,1,MVP_DE_results_T_10_delta_5_scen_1_trial_1_inv_1_cap._1_cap.inc._1.json
TT,BB_NCIPD,4,1,1.0,6,0.0,1,10,5,1,1,1,1,MVP_DE_results_T_10_delta_5_scen_1_trial_1_inv_1_cap._1_cap.inc._1.json
TT,BB_NCIPD,4,1,1.0,7,2261.0,1,10,5,1,1,1,1,MVP_DE_results_T_10_delta_5_scen_1_trial_1_inv_1_cap._1_cap.inc._1.json
TT,BB_NCIPD,4,1,1.0,8,0.0,1,10,5,1,1,1,1,MVP_DE_results_T_10_delta_5_scen_1_trial_1_inv_1_cap._1_cap.inc._1.json
TT,BB_NCIPD,4,2,0.0,5,0.0,1,10,5,1,1,1,1,MVP_DE_results_T_10_delta_5_scen_1_trial_1_inv_1_cap._1_cap.inc._1.json
TT,BB_NCIPD,4,2,0.0,4,0.0,1,10,5,1,1,1,1,MVP_DE_results_T_10_delta_5_scen_1_trial_1_inv_1_cap._1_cap.inc._1.json
TT,BB_NCIPD,4,2,0.0,6,0.0,1,10,5,1,1,1,1,MVP_DE_results_T_10_delta_5_scen_1_trial_1_inv_1_cap._1_cap.inc._1.json
TT,BB_NCIPD,4,2,0.0,7,0.0,1,10,5,1,1,1,1,MVP_DE_results_T_10_delta_5_scen_1_trial_1_inv_1_cap._1_cap.inc._1.json
TT,BB_NCIPD,4,2,0.0,8,0.0,1,10,5,1,1,1,1,MVP_DE_results_T_10_delta_5_scen_1_trial_1_inv_1_cap._1_cap.inc._1.json
TT,BB_NCIPD,5,1,1.0,5,0.0,1,10,5,1,1,1,1,MVP_DE_results_T_10_delta_5_scen_1_trial_1_inv_1_cap._1_cap.inc._1.json
TT,BB_NCIPD,5,1,1.0,6,0.0,1,10,5,1,1,1,1,MVP_DE_results_T_10_delta_5_scen_1_trial_1_inv_1_cap._1_cap.inc._1.json
TT,BB_NCIPD,5,1,1.0,7,0.0,1,10,5,1,1,1,1,MVP_DE_results_T_10_delta_5_scen_1_trial_1_inv_1_cap._1_cap.inc._1.json
TT,BB_NCIPD,5,1,1.0,9,0.0,1,10,5,1,1,1,1,MVP_DE_results_T_10_delta_5_scen_1_trial_1_inv_1_cap._1_cap.inc._1.json
TT,BB_NCIPD,5,1,1.0,8,0.0,1,10,5,1,1,1,1,MVP_DE_results_T_10_delta_5_scen_1_trial_1_inv_1_cap._1_cap.inc._1.json
TT,BB_NCIPD,5,2,0.0,5,0.0,1,10,5,1,1,1,1,MVP_DE_results_T_10_delta_5_scen_1_trial_1_inv_1_cap._1_cap.inc._1.json
TT,BB_NCIPD,5,2,0.0,6,0.0,1,10,5,1,1,1,1,MVP_DE_results_T_10_delta_5_scen_1_trial_1_inv_1_cap._1_cap.inc._1.json
TT,BB_NCIPD,5,2,0.0,7,0.0,1,10,5,1,1,1,1,MVP_DE_results_T_10_delta_5_scen_1_trial_1_inv_1_cap._1_cap.inc._1.json
TT,BB_NCIPD,5,2,0.0,9,0.0,1,10,5,1,1,1,1,MVP_DE_results_T_10_delta_5_scen_1_trial_1_inv_1_cap._1_cap.inc._1.json
TT,BB_NCIPD,5,2,0.0,8,0.0,1,10,5,1,1,1,1,MVP_DE_results_T_10_delta_5_scen_1_trial_1_inv_1_cap._1_cap.inc._1.json
TT,BB_NCIPD,6,1,1.0,6,0.0,1,10,5,1,1,1,1,MVP_DE_results_T_10_delta_5_scen_1_trial_1_inv_1_cap._1_cap.inc._1.json
TT,BB_NCIPD,6,1,1.0,7,0.0,1,10,5,1,1,1,1,MVP_DE_results_T_10_delta_5_scen_1_trial_1_inv_1_cap._1_cap.inc._1.json
TT,BB_NCIPD,6,1,1.0,10,0.0,1,10,5,1,1,1,1,MVP_DE_results_T_10_delta_5_scen_1_trial_1_inv_1_cap._1_cap.inc._1.json
TT,BB_NCIPD,6,1,1.0,9,0.0,1,10,5,1,1,1,1,MVP_DE_results_T_10_delta_5_scen_1_trial_1_inv_1_cap._1_cap.inc._1.json
TT,BB_NCIPD,6,1,1.0,8,0.0,1,10,5,1,1,1,1,MVP_DE_results_T_10_delta_5_scen_1_trial_1_inv_1_cap._1_cap.inc._1.json
TT,BB_NCIPD,6,2,0.0,6,0.0,1,10,5,1,1,1,1,MVP_DE_results_T_10_delta_5_scen_1_trial_1_inv_1_cap._1_cap.inc._1.json
TT,BB_NCIPD,6,2,0.0,7,0.0,1,10,5,1,1,1,1,MVP_DE_results_T_10_delta_5_scen_1_trial_1_inv_1_cap._1_cap.inc._1.json
TT,BB_NCIPD,6,2,0.0,10,0.0,1,10,5,1,1,1,1,MVP_DE_results_T_10_delta_5_scen_1_trial_1_inv_1_cap._1_cap.inc._1.json
TT,BB_NCIPD,6,2,0.0,9,0.0,1,10,5,1,1,1,1,MVP_DE_results_T_10_delta_5_scen_1_trial_1_inv_1_cap._1_cap.inc._1.json
TT,BB_NCIPD,6,2,0.0,8,0.0,1,10,5,1,1,1,1,MVP_DE_results_T_10_delta_5_scen_1_trial_1_inv_1_cap._1_cap.inc._1.json
TT,BB_NCIPD,7,1,1.0,7,0.0,1,10,5,1,1,1,1,MVP_DE_results_T_10_delta_5_scen_1_trial_1_inv_1_cap._1_cap.inc._1.json
TT,BB_NCIPD,7,1,1.0,10,16562.0,1,10,5,1,1,1,1,MVP_DE_results_T_10_delta_5_scen_1_trial_1_inv_1_cap._1_cap.inc._1.json
TT,BB_NCIPD,7,1,1.0,9,0.0,1,10,5,1,1,1,1,MVP_DE_results_T_10_delta_5_scen_1_trial_1_inv_1_cap._1_cap.inc._1.json
TT,BB_NCIPD,7,1,1.0,8,0.0,1,10,5,1,1,1,1,MVP_DE_results_T_10_delta_5_scen_1_trial_1_inv_1_cap._1_cap.inc._1.json
TT,BB_NCIPD,7,2,0.0,7,0.0,1,10,5,1,1,1,1,MVP_DE_results_T_10_delta_5_scen_1_trial_1_inv_1_cap._1_cap.inc._1.json
TT,BB_NCIPD,7,2,0.0,10,0.0,1,10,5,1,1,1,1,MVP_DE_results_T_10_delta_5_scen_1_trial_1_inv_1_cap._1_cap.inc._1.json
TT,BB_NCIPD,7,2,0.0,9,0.0,1,10,5,1,1,1,1,MVP_DE_results_T_10_delta_5_scen_1_trial_1_inv_1_cap._1_cap.inc._1.json
TT,BB_NCIPD,7,2,0.0,8,0.0,1,10,5,1,1,1,1,MVP_DE_results_T_10_delta_5_scen_1_trial_1_inv_1_cap._1_cap.inc._1.json
TT,BB_NCIPD,8,1,1.0,10,0.0,1,10,5,1,1,1,1,MVP_DE_results_T_10_delta_5_scen_1_trial_1_inv_1_cap._1_cap.inc._1.json
TT,BB_NCIPD,8,1,1.0,9,0.0,1,10,5,1,1,1,1,MVP_DE_results_T_10_delta_5_scen_1_trial_1_inv_1_cap._1_cap.inc._1.json
TT,BB_NCIPD,8,1,1.0,8,0.0,1,10,5,1,1,1,1,MVP_DE_results_T_10_delta_5_scen_1_trial_1_inv_1_cap._1_cap.inc._1.json
TT,BB_NCIPD,8,2,0.0,10,0.0,1,10,5,1,1,1,1,MVP_DE_results_T_10_delta_5_scen_1_trial_1_inv_1_cap._1_cap.inc._1.json
TT,BB_NCIPD,8,2,0.0,9,0.0,1,10,5,1,1,1,1,MVP_DE_results_T_10_delta_5_scen_1_trial_1_inv_1_cap._1_cap.inc._1.json
TT,BB_NCIPD,8,2,0.0,8,0.0,1,10,5,1,1,1,1,MVP_DE_results_T_10_delta_5_scen_1_trial_1_inv_1_cap._1_cap.inc._1.json
TT,BB_NCIPD,9,1,1.0,10,0.0,1,10,5,1,1,1,1,MVP_DE_results_T_10_delta_5_scen_1_trial_1_inv_1_cap._1_cap.inc._1.json
TT,BB_NCIPD,9,1,1.0,9,0.0,1,10,5,1,1,1,1,MVP_DE_results_T_10_delta_5_scen_1_trial_1_inv_1_cap._1_cap.inc._1.json
TT,BB_NCIPD,9,2,0.0,10,0.0,1,10,5,1,1,1,1,MVP_DE_results_T_10_delta_5_scen_1_trial_1_inv_1_cap._1_cap.inc._1.json
TT,BB_NCIPD,9,2,0.0,9,0.0,1,10,5,1,1,1,1,MVP_DE_results_T_10_delta_5_scen_1_trial_1_inv_1_cap._1_cap.inc._1.json
TT,BB_NCIPD,10,1,1.0,10,0.0,1,10,5,1,1,1,1,MVP_DE_results_T_10_delta_5_scen_1_trial_1_inv_1_cap._1_cap.inc._1.json
TT,BB_NCIPD,10,2,0.0,10,0.0,1,10,5,1,1,1,1,MVP_DE_results_T_10_delta_5_scen_1_trial_1_inv_1_cap._1_cap.inc._1.json
TT,Biological_E,1,1,1.0,5,0.0,1,10,5,1,1,1,1,MVP_DE_results_T_10_delta_5_scen_1_trial_1_inv_1_cap._1_cap.inc._1.json
TT,Biological_E,1,1,1.0,4,0.0,1,10,5,1,1,1,1,MVP_DE_results_T_10_delta_5_scen_1_trial_1_inv_1_cap._1_cap.inc._1.json
TT,Biological_E,1,1,1.0,2,0.0,1,10,5,1,1,1,1,MVP_DE_results_T_10_delta_5_scen_1_trial_1_inv_1_cap._1_cap.inc._1.json
TT,Biological_E,1,1,1.0,3,0.0,1,10,5,1,1,1,1,MVP_DE_results_T_10_delta_5_scen_1_trial_1_inv_1_cap._1_cap.inc._1.json
TT,Biological_E,1,1,1.0,1,0.0,1,10,5,1,1,1,1,MVP_DE_results_T_10_delta_5_scen_1_trial_1_inv_1_cap._1_cap.inc._1.json
TT,Biological_E,1,2,0.0,5,0.0,1,10,5,1,1,1,1,MVP_DE_results_T_10_delta_5_scen_1_trial_1_inv_1_cap._1_cap.inc._1.json
TT,Biological_E,1,2,0.0,4,0.0,1,10,5,1,1,1,1,MVP_DE_results_T_10_delta_5_scen_1_trial_1_inv_1_cap._1_cap.inc._1.json
TT,Biological_E,1,2,0.0,2,0.0,1,10,5,1,1,1,1,MVP_DE_results_T_10_delta_5_scen_1_trial_1_inv_1_cap._1_cap.inc._1.json
TT,Biological_E,1,2,0.0,3,0.0,1,10,5,1,1,1,1,MVP_DE_results_T_10_delta_5_scen_1_trial_1_inv_1_cap._1_cap.inc._1.json
TT,Biological_E,1,2,0.0,1,0.0,1,10,5,1,1,1,1,MVP_DE_results_T_10_delta_5_scen_1_trial_1_inv_1_cap._1_cap.inc._1.json
TT,Biological_E,2,1,1.0,5,0.0,1,10,5,1,1,1,1,MVP_DE_results_T_10_delta_5_scen_1_trial_1_inv_1_cap._1_cap.inc._1.json
TT,Biological_E,2,1,1.0,4,0.0,1,10,5,1,1,1,1,MVP_DE_results_T_10_delta_5_scen_1_trial_1_inv_1_cap._1_cap.inc._1.json
TT,Biological_E,2,1,1.0,6,0.0,1,10,5,1,1,1,1,MVP_DE_results_T_10_delta_5_scen_1_trial_1_inv_1_cap._1_cap.inc._1.json
TT,Biological_E,2,1,1.0,2,0.0,1,10,5,1,1,1,1,MVP_DE_results_T_10_delta_5_scen_1_trial_1_inv_1_cap._1_cap.inc._1.json
TT,Biological_E,2,1,1.0,3,0.0,1,10,5,1,1,1,1,MVP_DE_results_T_10_delta_5_scen_1_trial_1_inv_1_cap._1_cap.inc._1.json
TT,Biological_E,2,2,-0.0,5,0.0,1,10,5,1,1,1,1,MVP_DE_results_T_10_delta_5_scen_1_trial_1_inv_1_cap._1_cap.inc._1.json
TT,Biological_E,2,2,-0.0,4,0.0,1,10,5,1,1,1,1,MVP_DE_results_T_10_delta_5_scen_1_trial_1_inv_1_cap._1_cap.inc._1.json
TT,Biological_E,2,2,-0.0,6,0.0,1,10,5,1,1,1,1,MVP_DE_results_T_10_delta_5_scen_1_trial_1_inv_1_cap._1_cap.inc._1.json
TT,Biological_E,2,2,-0.0,2,-0.0,1,10,5,1,1,1,1,MVP_DE_results_T_10_delta_5_scen_1_trial_1_inv_1_cap._1_cap.inc._1.json
TT,Biological_E,2,2,-0.0,3,0.0,1,10,5,1,1,1,1,MVP_DE_results_T_10_delta_5_scen_1_trial_1_inv_1_cap._1_cap.inc._1.json
TT,Biological_E,3,1,1.0,5,0.0,1,10,5,1,1,1,1,MVP_DE_results_T_10_delta_5_scen_1_trial_1_inv_1_cap._1_cap.inc._1.json
TT,Biological_E,3,1,1.0,4,0.0,1,10,5,1,1,1,1,MVP_DE_results_T_10_delta_5_scen_1_trial_1_inv_1_cap._1_cap.inc._1.json
TT,Biological_E,3,1,1.0,6,0.0,1,10,5,1,1,1,1,MVP_DE_results_T_10_delta_5_scen_1_trial_1_inv_1_cap._1_cap.inc._1.json
TT,Biological_E,3,1,1.0,7,0.0,1,10,5,1,1,1,1,MVP_DE_results_T_10_delta_5_scen_1_trial_1_inv_1_cap._1_cap.inc._1.json
TT,Biological_E,3,1,1.0,3,0.0,1,10,5,1,1,1,1,MVP_DE_results_T_10_delta_5_scen_1_trial_1_inv_1_cap._1_cap.inc._1.json
TT,Biological_E,3,2,-0.0,5,0.0,1,10,5,1,1,1,1,MVP_DE_results_T_10_delta_5_scen_1_trial_1_inv_1_cap._1_cap.inc._1.json
TT,Biological_E,3,2,-0.0,4,0.0,1,10,5,1,1,1,1,MVP_DE_results_T_10_delta_5_scen_1_trial_1_inv_1_cap._1_cap.inc._1.json
TT,Biological_E,3,2,-0.0,6,0.0,1,10,5,1,1,1,1,MVP_DE_results_T_10_delta_5_scen_1_trial_1_inv_1_cap._1_cap.inc._1.json
TT,Biological_E,3,2,-0.0,7,0.0,1,10,5,1,1,1,1,MVP_DE_results_T_10_delta_5_scen_1_trial_1_inv_1_cap._1_cap.inc._1.json
TT,Biological_E,3,2,-0.0,3,0.0,1,10,5,1,1,1,1,MVP_DE_results_T_10_delta_5_scen_1_trial_1_inv_1_cap._1_cap.inc._1.json
TT,Biological_E,4,1,1.0,5,0.0,1,10,5,1,1,1,1,MVP_DE_results_T_10_delta_5_scen_1_trial_1_inv_1_cap._1_cap.inc._1.json
TT,Biological_E,4,1,1.0,4,0.0,1,10,5,1,1,1,1,MVP_DE_results_T_10_delta_5_scen_1_trial_1_inv_1_cap._1_cap.inc._1.json
TT,Biological_E,4,1,1.0,6,0.0,1,10,5,1,1,1,1,MVP_DE_results_T_10_delta_5_scen_1_trial_1_inv_1_cap._1_cap.inc._1.json
TT,Biological_E,4,1,1.0,7,0.0,1,10,5,1,1,1,1,MVP_DE_results_T_10_delta_5_scen_1_trial_1_inv_1_cap._1_cap.inc._1.json
TT,Biological_E,4,1,1.0,8,0.0,1,10,5,1,1,1,1,MVP_DE_results_T_10_delta_5_scen_1_trial_1_inv_1_cap._1_cap.inc._1.json
TT,Biological_E,4,2,-0.0,5,0.0,1,10,5,1,1,1,1,MVP_DE_results_T_10_delta_5_scen_1_trial_1_inv_1_cap._1_cap.inc._1.json
TT,Biological_E,4,2,-0.0,4,0.0,1,10,5,1,1,1,1,MVP_DE_results_T_10_delta_5_scen_1_trial_1_inv_1_cap._1_cap.inc._1.json
TT,Biological_E,4,2,-0.0,6,0.0,1,10,5,1,1,1,1,MVP_DE_results_T_10_delta_5_scen_1_trial_1_inv_1_cap._1_cap.inc._1.json
TT,Biological_E,4,2,-0.0,7,0.0,1,10,5,1,1,1,1,MVP_DE_results_T_10_delta_5_scen_1_trial_1_inv_1_cap._1_cap.inc._1.json
TT,Biological_E,4,2,-0.0,8,0.0,1,10,5,1,1,1,1,MVP_DE_results_T_10_delta_5_scen_1_trial_1_inv_1_cap._1_cap.inc._1.json
TT,Biological_E,5,1,1.0,5,0.0,1,10,5,1,1,1,1,MVP_DE_results_T_10_delta_5_scen_1_trial_1_inv_1_cap._1_cap.inc._1.json
TT,Biological_E,5,1,1.0,6,0.0,1,10,5,1,1,1,1,MVP_DE_results_T_10_delta_5_scen_1_trial_1_inv_1_cap._1_cap.inc._1.json
TT,Biological_E,5,1,1.0,7,0.0,1,10,5,1,1,1,1,MVP_DE_results_T_10_delta_5_scen_1_trial_1_inv_1_cap._1_cap.inc._1.json
TT,Biological_E,5,1,1.0,9,0.0,1,10,5,1,1,1,1,MVP_DE_results_T_10_delta_5_scen_1_trial_1_inv_1_cap._1_cap.inc._1.json
TT,Biological_E,5,1,1.0,8,0.0,1,10,5,1,1,1,1,MVP_DE_results_T_10_delta_5_scen_1_trial_1_inv_1_cap._1_cap.inc._1.json
TT,Biological_E,5,2,-0.0,5,0.0,1,10,5,1,1,1,1,MVP_DE_results_T_10_delta_5_scen_1_trial_1_inv_1_cap._1_cap.inc._1.json
TT,Biological_E,5,2,-0.0,6,0.0,1,10,5,1,1,1,1,MVP_DE_results_T_10_delta_5_scen_1_trial_1_inv_1_cap._1_cap.inc._1.json
TT,Biological_E,5,2,-0.0,7,0.0,1,10,5,1,1,1,1,MVP_DE_results_T_10_delta_5_scen_1_trial_1_inv_1_cap._1_cap.inc._1.json
TT,Biological_E,5,2,-0.0,9,0.0,1,10,5,1,1,1,1,MVP_DE_results_T_10_delta_5_scen_1_trial_1_inv_1_cap._1_cap.inc._1.json
TT,Biological_E,5,2,-0.0,8,0.0,1,10,5,1,1,1,1,MVP_DE_results_T_10_delta_5_scen_1_trial_1_inv_1_cap._1_cap.inc._1.json
TT,Biological_E,6,1,1.0,6,0.0,1,10,5,1,1,1,1,MVP_DE_results_T_10_delta_5_scen_1_trial_1_inv_1_cap._1_cap.inc._1.json
TT,Biological_E,6,1,1.0,7,0.0,1,10,5,1,1,1,1,MVP_DE_results_T_10_delta_5_scen_1_trial_1_inv_1_cap._1_cap.inc._1.json
TT,Biological_E,6,1,1.0,10,0.0,1,10,5,1,1,1,1,MVP_DE_results_T_10_delta_5_scen_1_trial_1_inv_1_cap._1_cap.inc._1.json
TT,Biological_E,6,1,1.0,9,0.0,1,10,5,1,1,1,1,MVP_DE_results_T_10_delta_5_scen_1_trial_1_inv_1_cap._1_cap.inc._1.json
TT,Biological_E,6,1,1.0,8,0.0,1,10,5,1,1,1,1,MVP_DE_results_T_10_delta_5_scen_1_trial_1_inv_1_cap._1_cap.inc._1.json
TT,Biological_E,6,2,-0.0,6,-0.0,1,10,5,1,1,1,1,MVP_DE_results_T_10_delta_5_scen_1_trial_1_inv_1_cap._1_cap.inc._1.json
TT,Biological_E,6,2,-0.0,7,0.0,1,10,5,1,1,1,1,MVP_DE_results_T_10_delta_5_scen_1_trial_1_inv_1_cap._1_cap.inc._1.json
TT,Biological_E,6,2,-0.0,10,0.0,1,10,5,1,1,1,1,MVP_DE_results_T_10_delta_5_scen_1_trial_1_inv_1_cap._1_cap.inc._1.json
TT,Biological_E,6,2,-0.0,9,0.0,1,10,5,1,1,1,1,MVP_DE_results_T_10_delta_5_scen_1_trial_1_inv_1_cap._1_cap.inc._1.json
TT,Biological_E,6,2,-0.0,8,0.0,1,10,5,1,1,1,1,MVP_DE_results_T_10_delta_5_scen_1_trial_1_inv_1_cap._1_cap.inc._1.json
TT,Biological_E,7,1,1.0,7,0.0,1,10,5,1,1,1,1,MVP_DE_results_T_10_delta_5_scen_1_trial_1_inv_1_cap._1_cap.inc._1.json
TT,Biological_E,7,1,1.0,10,0.0,1,10,5,1,1,1,1,MVP_DE_results_T_10_delta_5_scen_1_trial_1_inv_1_cap._1_cap.inc._1.json
TT,Biological_E,7,1,1.0,9,0.0,1,10,5,1,1,1,1,MVP_DE_results_T_10_delta_5_scen_1_trial_1_inv_1_cap._1_cap.inc._1.json
TT,Biological_E,7,1,1.0,8,0.0,1,10,5,1,1,1,1,MVP_DE_results_T_10_delta_5_scen_1_trial_1_inv_1_cap._1_cap.inc._1.json
TT,Biological_E,7,2,-0.0,7,-0.0,1,10,5,1,1,1,1,MVP_DE_results_T_10_delta_5_scen_1_trial_1_inv_1_cap._1_cap.inc._1.json
TT,Biological_E,7,2,-0.0,10,0.0,1,10,5,1,1,1,1,MVP_DE_results_T_10_delta_5_scen_1_trial_1_inv_1_cap._1_cap.inc._1.json
TT,Biological_E,7,2,-0.0,9,0.0,1,10,5,1,1,1,1,MVP_DE_results_T_10_delta_5_scen_1_trial_1_inv_1_cap._1_cap.inc._1.json
TT,Biological_E,7,2,-0.0,8,0.0,1,10,5,1,1,1,1,MVP_DE_results_T_10_delta_5_scen_1_trial_1_inv_1_cap._1_cap.inc._1.json
TT,Biological_E,8,1,1.0,10,0.0,1,10,5,1,1,1,1,MVP_DE_results_T_10_delta_5_scen_1_trial_1_inv_1_cap._1_cap.inc._1.json
TT,Biological_E,8,1,1.0,9,0.0,1,10,5,1,1,1,1,MVP_DE_results_T_10_delta_5_scen_1_trial_1_inv_1_cap._1_cap.inc._1.json
TT,Biological_E,8,1,1.0,8,0.0,1,10,5,1,1,1,1,MVP_DE_results_T_10_delta_5_scen_1_trial_1_inv_1_cap._1_cap.inc._1.json
TT,Biological_E,8,2,-0.0,10,0.0,1,10,5,1,1,1,1,MVP_DE_results_T_10_delta_5_scen_1_trial_1_inv_1_cap._1_cap.inc._1.json
TT,Biological_E,8,2,-0.0,9,0.0,1,10,5,1,1,1,1,MVP_DE_results_T_10_delta_5_scen_1_trial_1_inv_1_cap._1_cap.inc._1.json
TT,Biological_E,8,2,-0.0,8,-0.0,1,10,5,1,1,1,1,MVP_DE_results_T_10_delta_5_scen_1_trial_1_inv_1_cap._1_cap.inc._1.json
TT,Biological_E,9,1,1.0,10,0.0,1,10,5,1,1,1,1,MVP_DE_results_T_10_delta_5_scen_1_trial_1_inv_1_cap._1_cap.inc._1.json
TT,Biological_E,9,1,1.0,9,0.0,1,10,5,1,1,1,1,MVP_DE_results_T_10_delta_5_scen_1_trial_1_inv_1_cap._1_cap.inc._1.json
TT,Biological_E,9,2,-0.0,10,0.0,1,10,5,1,1,1,1,MVP_DE_results_T_10_delta_5_scen_1_trial_1_inv_1_cap._1_cap.inc._1.json
TT,Biological_E,9,2,-0.0,9,0.0,1,10,5,1,1,1,1,MVP_DE_results_T_10_delta_5_scen_1_trial_1_inv_1_cap._1_cap.inc._1.json
TT,Biological_E,10,1,1.0,10,0.0,1,10,5,1,1,1,1,MVP_DE_results_T_10_delta_5_scen_1_trial_1_inv_1_cap._1_cap.inc._1.json
TT,Biological_E,10,2,-0.0,10,0.0,1,10,5,1,1,1,1,MVP_DE_results_T_10_delta_5_scen_1_trial_1_inv_1_cap._1_cap.inc._1.json
TT,PT_Bio,1,1,1.0,5,0.0,1,10,5,1,1,1,1,MVP_DE_results_T_10_delta_5_scen_1_trial_1_inv_1_cap._1_cap.inc._1.json
TT,PT_Bio,1,1,1.0,4,0.0,1,10,5,1,1,1,1,MVP_DE_results_T_10_delta_5_scen_1_trial_1_inv_1_cap._1_cap.inc._1.json
TT,PT_Bio,1,1,1.0,2,0.0,1,10,5,1,1,1,1,MVP_DE_results_T_10_delta_5_scen_1_trial_1_inv_1_cap._1_cap.inc._1.json
TT,PT_Bio,1,1,1.0,3,0.0,1,10,5,1,1,1,1,MVP_DE_results_T_10_delta_5_scen_1_trial_1_inv_1_cap._1_cap.inc._1.json
TT,PT_Bio,1,1,1.0,1,0.0,1,10,5,1,1,1,1,MVP_DE_results_T_10_delta_5_scen_1_trial_1_inv_1_cap._1_cap.inc._1.json
TT,PT_Bio,1,2,0.0,5,0.0,1,10,5,1,1,1,1,MVP_DE_results_T_10_delta_5_scen_1_trial_1_inv_1_cap._1_cap.inc._1.json
TT,PT_Bio,1,2,0.0,4,0.0,1,10,5,1,1,1,1,MVP_DE_results_T_10_delta_5_scen_1_trial_1_inv_1_cap._1_cap.inc._1.json
TT,PT_Bio,1,2,0.0,2,0.0,1,10,5,1,1,1,1,MVP_DE_results_T_10_delta_5_scen_1_trial_1_inv_1_cap._1_cap.inc._1.json
TT,PT_Bio,1,2,0.0,3,0.0,1,10,5,1,1,1,1,MVP_DE_results_T_10_delta_5_scen_1_trial_1_inv_1_cap._1_cap.inc._1.json
TT,PT_Bio,1,2,0.0,1,0.0,1,10,5,1,1,1,1,MVP_DE_results_T_10_delta_5_scen_1_trial_1_inv_1_cap._1_cap.inc._1.json
TT,PT_Bio,2,1,1.0,5,0.0,1,10,5,1,1,1,1,MVP_DE_results_T_10_delta_5_scen_1_trial_1_inv_1_cap._1_cap.inc._1.json
TT,PT_Bio,2,1,1.0,4,0.0,1,10,5,1,1,1,1,MVP_DE_results_T_10_delta_5_scen_1_trial_1_inv_1_cap._1_cap.inc._1.json
TT,PT_Bio,2,1,1.0,6,6640.0,1,10,5,1,1,1,1,MVP_DE_results_T_10_delta_5_scen_1_trial_1_inv_1_cap._1_cap.inc._1.json
TT,PT_Bio,2,1,1.0,2,0.0,1,10,5,1,1,1,1,MVP_DE_results_T_10_delta_5_scen_1_trial_1_inv_1_cap._1_cap.inc._1.json
TT,PT_Bio,2,1,1.0,3,0.0,1,10,5,1,1,1,1,MVP_DE_results_T_10_delta_5_scen_1_trial_1_inv_1_cap._1_cap.inc._1.json
TT,PT_Bio,2,2,0.0,5,0.0,1,10,5,1,1,1,1,MVP_DE_results_T_10_delta_5_scen_1_trial_1_inv_1_cap._1_cap.inc._1.json
TT,PT_Bio,2,2,0.0,4,0.0,1,10,5,1,1,1,1,MVP_DE_results_T_10_delta_5_scen_1_trial_1_inv_1_cap._1_cap.inc._1.json
TT,PT_Bio,2,2,0.0,6,0.0,1,10,5,1,1,1,1,MVP_DE_results_T_10_delta_5_scen_1_trial_1_inv_1_cap._1_cap.inc._1.json
TT,PT_Bio,2,2,0.0,2,0.0,1,10,5,1,1,1,1,MVP_DE_results_T_10_delta_5_scen_1_trial_1_inv_1_cap._1_cap.inc._1.json
TT,PT_Bio,2,2,0.0,3,0.0,1,10,5,1,1,1,1,MVP_DE_results_T_10_delta_5_scen_1_trial_1_inv_1_cap._1_cap.inc._1.json
TT,PT_Bio,3,1,1.0,5,0.0,1,10,5,1,1,1,1,MVP_DE_results_T_10_delta_5_scen_1_trial_1_inv_1_cap._1_cap.inc._1.json
TT,PT_Bio,3,1,1.0,4,0.0,1,10,5,1,1,1,1,MVP_DE_results_T_10_delta_5_scen_1_trial_1_inv_1_cap._1_cap.inc._1.json
TT,PT_Bio,3,1,1.0,6,6640.0,1,10,5,1,1,1,1,MVP_DE_results_T_10_delta_5_scen_1_trial_1_inv_1_cap._1_cap.inc._1.json
TT,PT_Bio,3,1,1.0,7,38350.0,1,10,5,1,1,1,1,MVP_DE_results_T_10_delta_5_scen_1_trial_1_inv_1_cap._1_cap.inc._1.json
TT,PT_Bio,3,1,1.0,3,0.0,1,10,5,1,1,1,1,MVP_DE_results_T_10_delta_5_scen_1_trial_1_inv_1_cap._1_cap.inc._1.json
TT,PT_Bio,3,2,0.0,5,0.0,1,10,5,1,1,1,1,MVP_DE_results_T_10_delta_5_scen_1_trial_1_inv_1_cap._1_cap.inc._1.json
TT,PT_Bio,3,2,0.0,4,0.0,1,10,5,1,1,1,1,MVP_DE_results_T_10_delta_5_scen_1_trial_1_inv_1_cap._1_cap.inc._1.json
TT,PT_Bio,3,2,0.0,6,0.0,1,10,5,1,1,1,1,MVP_DE_results_T_10_delta_5_scen_1_trial_1_inv_1_cap._1_cap.inc._1.json
TT,PT_Bio,3,2,0.0,7,0.0,1,10,5,1,1,1,1,MVP_DE_results_T_10_delta_5_scen_1_trial_1_inv_1_cap._1_cap.inc._1.json
TT,PT_Bio,3,2,0.0,3,0.0,1,10,5,1,1,1,1,MVP_DE_results_T_10_delta_5_scen_1_trial_1_inv_1_cap._1_cap.inc._1.json
TT,PT_Bio,4,1,1.0,5,0.0,1,10,5,1,1,1,1,MVP_DE_results_T_10_delta_5_scen_1_trial_1_inv_1_cap._1_cap.inc._1.json
TT,PT_Bio,4,1,1.0,4,0.0,1,10,5,1,1,1,1,MVP_DE_results_T_10_delta_5_scen_1_trial_1_inv_1_cap._1_cap.inc._1.json
TT,PT_Bio,4,1,1.0,6,6640.0,1,10,5,1,1,1,1,MVP_DE_results_T_10_delta_5_scen_1_trial_1_inv_1_cap._1_cap.inc._1.json
TT,PT_Bio,4,1,1.0,7,38350.0,1,10,5,1,1,1,1,MVP_DE_results_T_10_delta_5_scen_1_trial_1_inv_1_cap._1_cap.inc._1.json
TT,PT_Bio,4,1,1.0,8,60100.0,1,10,5,1,1,1,1,MVP_DE_results_T_10_delta_5_scen_1_trial_1_inv_1_cap._1_cap.inc._1.json
TT,PT_Bio,4,2,0.0,5,0.0,1,10,5,1,1,1,1,MVP_DE_results_T_10_delta_5_scen_1_trial_1_inv_1_cap._1_cap.inc._1.json
TT,PT_Bio,4,2,0.0,4,0.0,1,10,5,1,1,1,1,MVP_DE_results_T_10_delta_5_scen_1_trial_1_inv_1_cap._1_cap.inc._1.json
TT,PT_Bio,4,2,0.0,6,0.0,1,10,5,1,1,1,1,MVP_DE_results_T_10_delta_5_scen_1_trial_1_inv_1_cap._1_cap.inc._1.json
TT,PT_Bio,4,2,0.0,7,0.0,1,10,5,1,1,1,1,MVP_DE_results_T_10_delta_5_scen_1_trial_1_inv_1_cap._1_cap.inc._1.json
TT,PT_Bio,4,2,0.0,8,0.0,1,10,5,1,1,1,1,MVP_DE_results_T_10_delta_5_scen_1_trial_1_inv_1_cap._1_cap.inc._1.json
TT,PT_Bio,5,1,1.0,5,0.0,1,10,5,1,1,1,1,MVP_DE_results_T_10_delta_5_scen_1_trial_1_inv_1_cap._1_cap.inc._1.json
TT,PT_Bio,5,1,1.0,6,0.0,1,10,5,1,1,1,1,MVP_DE_results_T_10_delta_5_scen_1_trial_1_inv_1_cap._1_cap.inc._1.json
TT,PT_Bio,5,1,1.0,7,0.0,1,10,5,1,1,1,1,MVP_DE_results_T_10_delta_5_scen_1_trial_1_inv_1_cap._1_cap.inc._1.json
TT,PT_Bio,5,1,1.0,9,0.0,1,10,5,1,1,1,1,MVP_DE_results_T_10_delta_5_scen_1_trial_1_inv_1_cap._1_cap.inc._1.json
TT,PT_Bio,5,1,1.0,8,0.0,1,10,5,1,1,1,1,MVP_DE_results_T_10_delta_5_scen_1_trial_1_inv_1_cap._1_cap.inc._1.json
TT,PT_Bio,5,2,0.0,5,0.0,1,10,5,1,1,1,1,MVP_DE_results_T_10_delta_5_scen_1_trial_1_inv_1_cap._1_cap.inc._1.json
TT,PT_Bio,5,2,0.0,6,0.0,1,10,5,1,1,1,1,MVP_DE_results_T_10_delta_5_scen_1_trial_1_inv_1_cap._1_cap.inc._1.json
TT,PT_Bio,5,2,0.0,7,0.0,1,10,5,1,1,1,1,MVP_DE_results_T_10_delta_5_scen_1_trial_1_inv_1_cap._1_cap.inc._1.json
TT,PT_Bio,5,2,0.0,9,0.0,1,10,5,1,1,1,1,MVP_DE_results_T_10_delta_5_scen_1_trial_1_inv_1_cap._1_cap.inc._1.json
TT,PT_Bio,5,2,0.0,8,0.0,1,10,5,1,1,1,1,MVP_DE_results_T_10_delta_5_scen_1_trial_1_inv_1_cap._1_cap.inc._1.json
TT,PT_Bio,6,1,1.0,6,0.0,1,10,5,1,1,1,1,MVP_DE_results_T_10_delta_5_scen_1_trial_1_inv_1_cap._1_cap.inc._1.json
TT,PT_Bio,6,1,1.0,7,0.0,1,10,5,1,1,1,1,MVP_DE_results_T_10_delta_5_scen_1_trial_1_inv_1_cap._1_cap.inc._1.json
TT,PT_Bio,6,1,1.0,10,0.0,1,10,5,1,1,1,1,MVP_DE_results_T_10_delta_5_scen_1_trial_1_inv_1_cap._1_cap.inc._1.json
TT,PT_Bio,6,1,1.0,9,0.0,1,10,5,1,1,1,1,MVP_DE_results_T_10_delta_5_scen_1_trial_1_inv_1_cap._1_cap.inc._1.json
TT,PT_Bio,6,1,1.0,8,0.0,1,10,5,1,1,1,1,MVP_DE_results_T_10_delta_5_scen_1_trial_1_inv_1_cap._1_cap.inc._1.json
TT,PT_Bio,6,2,-0.0,6,0.0,1,10,5,1,1,1,1,MVP_DE_results_T_10_delta_5_scen_1_trial_1_inv_1_cap._1_cap.inc._1.json
TT,PT_Bio,6,2,-0.0,7,0.0,1,10,5,1,1,1,1,MVP_DE_results_T_10_delta_5_scen_1_trial_1_inv_1_cap._1_cap.inc._1.json
TT,PT_Bio,6,2,-0.0,10,0.0,1,10,5,1,1,1,1,MVP_DE_results_T_10_delta_5_scen_1_trial_1_inv_1_cap._1_cap.inc._1.json
TT,PT_Bio,6,2,-0.0,9,0.0,1,10,5,1,1,1,1,MVP_DE_results_T_10_delta_5_scen_1_trial_1_inv_1_cap._1_cap.inc._1.json
TT,PT_Bio,6,2,-0.0,8,0.0,1,10,5,1,1,1,1,MVP_DE_results_T_10_delta_5_scen_1_trial_1_inv_1_cap._1_cap.inc._1.json
TT,PT_Bio,7,1,1.0,7,31710.0,1,10,5,1,1,1,1,MVP_DE_results_T_10_delta_5_scen_1_trial_1_inv_1_cap._1_cap.inc._1.json
TT,PT_Bio,7,1,1.0,10,60100.0,1,10,5,1,1,1,1,MVP_DE_results_T_10_delta_5_scen_1_trial_1_inv_1_cap._1_cap.inc._1.json
TT,PT_Bio,7,1,1.0,9,53460.0,1,10,5,1,1,1,1,MVP_DE_results_T_10_delta_5_scen_1_trial_1_inv_1_cap._1_cap.inc._1.json
TT,PT_Bio,7,1,1.0,8,53460.0,1,10,5,1,1,1,1,MVP_DE_results_T_10_delta_5_scen_1_trial_1_inv_1_cap._1_cap.inc._1.json
TT,PT_Bio,7,2,0.0,7,0.0,1,10,5,1,1,1,1,MVP_DE_results_T_10_delta_5_scen_1_trial_1_inv_1_cap._1_cap.inc._1.json
TT,PT_Bio,7,2,0.0,10,0.0,1,10,5,1,1,1,1,MVP_DE_results_T_10_delta_5_scen_1_trial_1_inv_1_cap._1_cap.inc._1.json
TT,PT_Bio,7,2,0.0,9,0.0,1,10,5,1,1,1,1,MVP_DE_results_T_10_delta_5_scen_1_trial_1_inv_1_cap._1_cap.inc._1.json
TT,PT_Bio,7,2,0.0,8,0.0,1,10,5,1,1,1,1,MVP_DE_results_T_10_delta_5_scen_1_trial_1_inv_1_cap._1_cap.inc._1.json
TT,PT_Bio,8,1,1.0,10,0.0,1,10,5,1,1,1,1,MVP_DE_results_T_10_delta_5_scen_1_trial_1_inv_1_cap._1_cap.inc._1.json
TT,PT_Bio,8,1,1.0,9,0.0,1,10,5,1,1,1,1,MVP_DE_results_T_10_delta_5_scen_1_trial_1_inv_1_cap._1_cap.inc._1.json
TT,PT_Bio,8,1,1.0,8,0.0,1,10,5,1,1,1,1,MVP_DE_results_T_10_delta_5_scen_1_trial_1_inv_1_cap._1_cap.inc._1.json
TT,PT_Bio,8,2,0.0,10,0.0,1,10,5,1,1,1,1,MVP_DE_results_T_10_delta_5_scen_1_trial_1_inv_1_cap._1_cap.inc._1.json
TT,PT_Bio,8,2,0.0,9,0.0,1,10,5,1,1,1,1,MVP_DE_results_T_10_delta_5_scen_1_trial_1_inv_1_cap._1_cap.inc._1.json
TT,PT_Bio,8,2,0.0,8,0.0,1,10,5,1,1,1,1,MVP_DE_results_T_10_delta_5_scen_1_trial_1_inv_1_cap._1_cap.inc._1.json
TT,PT_Bio,9,1,1.0,10,6640.0,1,10,5,1,1,1,1,MVP_DE_results_T_10_delta_5_scen_1_trial_1_inv_1_cap._1_cap.inc._1.json
TT,PT_Bio,9,1,1.0,9,0.0,1,10,5,1,1,1,1,MVP_DE_results_T_10_delta_5_scen_1_trial_1_inv_1_cap._1_cap.inc._1.json
TT,PT_Bio,9,2,0.0,10,0.0,1,10,5,1,1,1,1,MVP_DE_results_T_10_delta_5_scen_1_trial_1_inv_1_cap._1_cap.inc._1.json
TT,PT_Bio,9,2,0.0,9,0.0,1,10,5,1,1,1,1,MVP_DE_results_T_10_delta_5_scen_1_trial_1_inv_1_cap._1_cap.inc._1.json
TT,PT_Bio,10,1,1.0,10,6640.0,1,10,5,1,1,1,1,MVP_DE_results_T_10_delta_5_scen_1_trial_1_inv_1_cap._1_cap.inc._1.json
TT,PT_Bio,10,2,0.0,10,0.0,1,10,5,1,1,1,1,MVP_DE_results_T_10_delta_5_scen_1_trial_1_inv_1_cap._1_cap.inc._1.json
TT,Serum_Institute,1,1,1.0,5,0.0,1,10,5,1,1,1,1,MVP_DE_results_T_10_delta_5_scen_1_trial_1_inv_1_cap._1_cap.inc._1.json
TT,Serum_Institute,1,1,1.0,4,0.0,1,10,5,1,1,1,1,MVP_DE_results_T_10_delta_5_scen_1_trial_1_inv_1_cap._1_cap.inc._1.json
TT,Serum_Institute,1,1,1.0,2,0.0,1,10,5,1,1,1,1,MVP_DE_results_T_10_delta_5_scen_1_trial_1_inv_1_cap._1_cap.inc._1.json
TT,Serum_Institute,1,1,1.0,3,0.0,1,10,5,1,1,1,1,MVP_DE_results_T_10_delta_5_scen_1_trial_1_inv_1_cap._1_cap.inc._1.json
TT,Serum_Institute,1,1,1.0,1,0.0,1,10,5,1,1,1,1,MVP_DE_results_T_10_delta_5_scen_1_trial_1_inv_1_cap._1_cap.inc._1.json
TT,Serum_Institute,1,2,0.0,5,0.0,1,10,5,1,1,1,1,MVP_DE_results_T_10_delta_5_scen_1_trial_1_inv_1_cap._1_cap.inc._1.json
TT,Serum_Institute,1,2,0.0,4,0.0,1,10,5,1,1,1,1,MVP_DE_results_T_10_delta_5_scen_1_trial_1_inv_1_cap._1_cap.inc._1.json
TT,Serum_Institute,1,2,0.0,2,0.0,1,10,5,1,1,1,1,MVP_DE_results_T_10_delta_5_scen_1_trial_1_inv_1_cap._1_cap.inc._1.json
TT,Serum_Institute,1,2,0.0,3,0.0,1,10,5,1,1,1,1,MVP_DE_results_T_10_delta_5_scen_1_trial_1_inv_1_cap._1_cap.inc._1.json
TT,Serum_Institute,1,2,0.0,1,0.0,1,10,5,1,1,1,1,MVP_DE_results_T_10_delta_5_scen_1_trial_1_inv_1_cap._1_cap.inc._1.json
TT,Serum_Institute,2,1,1.0,5,0.0,1,10,5,1,1,1,1,MVP_DE_results_T_10_delta_5_scen_1_trial_1_inv_1_cap._1_cap.inc._1.json
TT,Serum_Institute,2,1,1.0,4,0.0,1,10,5,1,1,1,1,MVP_DE_results_T_10_delta_5_scen_1_trial_1_inv_1_cap._1_cap.inc._1.json
TT,Serum_Institute,2,1,1.0,6,0.0,1,10,5,1,1,1,1,MVP_DE_results_T_10_delta_5_scen_1_trial_1_inv_1_cap._1_cap.inc._1.json
TT,Serum_Institute,2,1,1.0,2,0.0,1,10,5,1,1,1,1,MVP_DE_results_T_10_delta_5_scen_1_trial_1_inv_1_cap._1_cap.inc._1.json
TT,Serum_Institute,2,1,1.0,3,0.0,1,10,5,1,1,1,1,MVP_DE_results_T_10_delta_5_scen_1_trial_1_inv_1_cap._1_cap.inc._1.json
TT,Serum_Institute,2,2,0.0,5,0.0,1,10,5,1,1,1,1,MVP_DE_results_T_10_delta_5_scen_1_trial_1_inv_1_cap._1_cap.inc._1.json
TT,Serum_Institute,2,2,0.0,4,0.0,1,10,5,1,1,1,1,MVP_DE_results_T_10_delta_5_scen_1_trial_1_inv_1_cap._1_cap.inc._1.json
TT,Serum_Institute,2,2,0.0,6,0.0,1,10,5,1,1,1,1,MVP_DE_results_T_10_delta_5_scen_1_trial_1_inv_1_cap._1_cap.inc._1.json
TT,Serum_Institute,2,2,0.0,2,0.0,1,10,5,1,1,1,1,MVP_DE_results_T_10_delta_5_scen_1_trial_1_inv_1_cap._1_cap.inc._1.json
TT,Serum_Institute,2,2,0.0,3,0.0,1,10,5,1,1,1,1,MVP_DE_results_T_10_delta_5_scen_1_trial_1_inv_1_cap._1_cap.inc._1.json
TT,Serum_Institute,3,1,1.0,5,0.0,1,10,5,1,1,1,1,MVP_DE_results_T_10_delta_5_scen_1_trial_1_inv_1_cap._1_cap.inc._1.json
TT,Serum_Institute,3,1,1.0,4,0.0,1,10,5,1,1,1,1,MVP_DE_results_T_10_delta_5_scen_1_trial_1_inv_1_cap._1_cap.inc._1.json
TT,Serum_Institute,3,1,1.0,6,0.0,1,10,5,1,1,1,1,MVP_DE_results_T_10_delta_5_scen_1_trial_1_inv_1_cap._1_cap.inc._1.json
TT,Serum_Institute,3,1,1.0,7,0.0,1,10,5,1,1,1,1,MVP_DE_results_T_10_delta_5_scen_1_trial_1_inv_1_cap._1_cap.inc._1.json
TT,Serum_Institute,3,1,1.0,3,0.0,1,10,5,1,1,1,1,MVP_DE_results_T_10_delta_5_scen_1_trial_1_inv_1_cap._1_cap.inc._1.json
TT,Serum_Institute,3,2,0.0,5,0.0,1,10,5,1,1,1,1,MVP_DE_results_T_10_delta_5_scen_1_trial_1_inv_1_cap._1_cap.inc._1.json
TT,Serum_Institute,3,2,0.0,4,0.0,1,10,5,1,1,1,1,MVP_DE_results_T_10_delta_5_scen_1_trial_1_inv_1_cap._1_cap.inc._1.json
TT,Serum_Institute,3,2,0.0,6,0.0,1,10,5,1,1,1,1,MVP_DE_results_T_10_delta_5_scen_1_trial_1_inv_1_cap._1_cap.inc._1.json
TT,Serum_Institute,3,2,0.0,7,0.0,1,10,5,1,1,1,1,MVP_DE_results_T_10_delta_5_scen_1_trial_1_inv_1_cap._1_cap.inc._1.json
TT,Serum_Institute,3,2,0.0,3,0.0,1,10,5,1,1,1,1,MVP_DE_results_T_10_delta_5_scen_1_trial_1_inv_1_cap._1_cap.inc._1.json
TT,Serum_Institute,4,1,1.0,5,0.0,1,10,5,1,1,1,1,MVP_DE_results_T_10_delta_5_scen_1_trial_1_inv_1_cap._1_cap.inc._1.json
TT,Serum_Institute,4,1,1.0,4,0.0,1,10,5,1,1,1,1,MVP_DE_results_T_10_delta_5_scen_1_trial_1_inv_1_cap._1_cap.inc._1.json
TT,Serum_Institute,4,1,1.0,6,0.0,1,10,5,1,1,1,1,MVP_DE_results_T_10_delta_5_scen_1_trial_1_inv_1_cap._1_cap.inc._1.json
TT,Serum_Institute,4,1,1.0,7,0.0,1,10,5,1,1,1,1,MVP_DE_results_T_10_delta_5_scen_1_trial_1_inv_1_cap._1_cap.inc._1.json
TT,Serum_Institute,4,1,1.0,8,0.0,1,10,5,1,1,1,1,MVP_DE_results_T_10_delta_5_scen_1_trial_1_inv_1_cap._1_cap.inc._1.json
TT,Serum_Institute,4,2,0.0,5,0.0,1,10,5,1,1,1,1,MVP_DE_results_T_10_delta_5_scen_1_trial_1_inv_1_cap._1_cap.inc._1.json
TT,Serum_Institute,4,2,0.0,4,0.0,1,10,5,1,1,1,1,MVP_DE_results_T_10_delta_5_scen_1_trial_1_inv_1_cap._1_cap.inc._1.json
TT,Serum_Institute,4,2,0.0,6,0.0,1,10,5,1,1,1,1,MVP_DE_results_T_10_delta_5_scen_1_trial_1_inv_1_cap._1_cap.inc._1.json
TT,Serum_Institute,4,2,0.0,7,0.0,1,10,5,1,1,1,1,MVP_DE_results_T_10_delta_5_scen_1_trial_1_inv_1_cap._1_cap.inc._1.json
TT,Serum_Institute,4,2,0.0,8,0.0,1,10,5,1,1,1,1,MVP_DE_results_T_10_delta_5_scen_1_trial_1_inv_1_cap._1_cap.inc._1.json
TT,Serum_Institute,5,1,1.0,5,0.0,1,10,5,1,1,1,1,MVP_DE_results_T_10_delta_5_scen_1_trial_1_inv_1_cap._1_cap.inc._1.json
TT,Serum_Institute,5,1,1.0,6,0.0,1,10,5,1,1,1,1,MVP_DE_results_T_10_delta_5_scen_1_trial_1_inv_1_cap._1_cap.inc._1.json
TT,Serum_Institute,5,1,1.0,7,0.0,1,10,5,1,1,1,1,MVP_DE_results_T_10_delta_5_scen_1_trial_1_inv_1_cap._1_cap.inc._1.json
TT,Serum_Institute,5,1,1.0,9,0.0,1,10,5,1,1,1,1,MVP_DE_results_T_10_delta_5_scen_1_trial_1_inv_1_cap._1_cap.inc._1.json
TT,Serum_Institute,5,1,1.0,8,0.0,1,10,5,1,1,1,1,MVP_DE_results_T_10_delta_5_scen_1_trial_1_inv_1_cap._1_cap.inc._1.json
TT,Serum_Institute,5,2,0.0,5,0.0,1,10,5,1,1,1,1,MVP_DE_results_T_10_delta_5_scen_1_trial_1_inv_1_cap._1_cap.inc._1.json
TT,Serum_Institute,5,2,0.0,6,0.0,1,10,5,1,1,1,1,MVP_DE_results_T_10_delta_5_scen_1_trial_1_inv_1_cap._1_cap.inc._1.json
TT,Serum_Institute,5,2,0.0,7,0.0,1,10,5,1,1,1,1,MVP_DE_results_T_10_delta_5_scen_1_trial_1_inv_1_cap._1_cap.inc._1.json
TT,Serum_Institute,5,2,0.0,9,0.0,1,10,5,1,1,1,1,MVP_DE_results_T_10_delta_5_scen_1_trial_1_inv_1_cap._1_cap.inc._1.json
TT,Serum_Institute,5,2,0.0,8,0.0,1,10,5,1,1,1,1,MVP_DE_results_T_10_delta_5_scen_1_trial_1_inv_1_cap._1_cap.inc._1.json
TT,Serum_Institute,6,1,1.0,6,0.0,1,10,5,1,1,1,1,MVP_DE_results_T_10_delta_5_scen_1_trial_1_inv_1_cap._1_cap.inc._1.json
TT,Serum_Institute,6,1,1.0,7,0.0,1,10,5,1,1,1,1,MVP_DE_results_T_10_delta_5_scen_1_trial_1_inv_1_cap._1_cap.inc._1.json
TT,Serum_Institute,6,1,1.0,10,0.0,1,10,5,1,1,1,1,MVP_DE_results_T_10_delta_5_scen_1_trial_1_inv_1_cap._1_cap.inc._1.json
TT,Serum_Institute,6,1,1.0,9,0.0,1,10,5,1,1,1,1,MVP_DE_results_T_10_delta_5_scen_1_trial_1_inv_1_cap._1_cap.inc._1.json
TT,Serum_Institute,6,1,1.0,8,0.0,1,10,5,1,1,1,1,MVP_DE_results_T_10_delta_5_scen_1_trial_1_inv_1_cap._1_cap.inc._1.json
TT,Serum_Institute,6,2,0.0,6,0.0,1,10,5,1,1,1,1,MVP_DE_results_T_10_delta_5_scen_1_trial_1_inv_1_cap._1_cap.inc._1.json
TT,Serum_Institute,6,2,0.0,7,0.0,1,10,5,1,1,1,1,MVP_DE_results_T_10_delta_5_scen_1_trial_1_inv_1_cap._1_cap.inc._1.json
TT,Serum_Institute,6,2,0.0,10,0.0,1,10,5,1,1,1,1,MVP_DE_results_T_10_delta_5_scen_1_trial_1_inv_1_cap._1_cap.inc._1.json
TT,Serum_Institute,6,2,0.0,9,0.0,1,10,5,1,1,1,1,MVP_DE_results_T_10_delta_5_scen_1_trial_1_inv_1_cap._1_cap.inc._1.json
TT,Serum_Institute,6,2,0.0,8,0.0,1,10,5,1,1,1,1,MVP_DE_results_T_10_delta_5_scen_1_trial_1_inv_1_cap._1_cap.inc._1.json
TT,Serum_Institute,7,1,1.0,7,0.0,1,10,5,1,1,1,1,MVP_DE_results_T_10_delta_5_scen_1_trial_1_inv_1_cap._1_cap.inc._1.json
TT,Serum_Institute,7,1,1.0,10,0.0,1,10,5,1,1,1,1,MVP_DE_results_T_10_delta_5_scen_1_trial_1_inv_1_cap._1_cap.inc._1.json
TT,Serum_Institute,7,1,1.0,9,0.0,1,10,5,1,1,1,1,MVP_DE_results_T_10_delta_5_scen_1_trial_1_inv_1_cap._1_cap.inc._1.json
TT,Serum_Institute,7,1,1.0,8,0.0,1,10,5,1,1,1,1,MVP_DE_results_T_10_delta_5_scen_1_trial_1_inv_1_cap._1_cap.inc._1.json
TT,Serum_Institute,7,2,0.0,7,0.0,1,10,5,1,1,1,1,MVP_DE_results_T_10_delta_5_scen_1_trial_1_inv_1_cap._1_cap.inc._1.json
TT,Serum_Institute,7,2,0.0,10,0.0,1,10,5,1,1,1,1,MVP_DE_results_T_10_delta_5_scen_1_trial_1_inv_1_cap._1_cap.inc._1.json
TT,Serum_Institute,7,2,0.0,9,0.0,1,10,5,1,1,1,1,MVP_DE_results_T_10_delta_5_scen_1_trial_1_inv_1_cap._1_cap.inc._1.json
TT,Serum_Institute,7,2,0.0,8,0.0,1,10,5,1,1,1,1,MVP_DE_results_T_10_delta_5_scen_1_trial_1_inv_1_cap._1_cap.inc._1.json
TT,Serum_Institute,8,1,1.0,10,0.0,1,10,5,1,1,1,1,MVP_DE_results_T_10_delta_5_scen_1_trial_1_inv_1_cap._1_cap.inc._1.json
TT,Serum_Institute,8,1,1.0,9,0.0,1,10,5,1,1,1,1,MVP_DE_results_T_10_delta_5_scen_1_trial_1_inv_1_cap._1_cap.inc._1.json
TT,Serum_Institute,8,1,1.0,8,0.0,1,10,5,1,1,1,1,MVP_DE_results_T_10_delta_5_scen_1_trial_1_inv_1_cap._1_cap.inc._1.json
TT,Serum_Institute,8,2,0.0,10,0.0,1,10,5,1,1,1,1,MVP_DE_results_T_10_delta_5_scen_1_trial_1_inv_1_cap._1_cap.inc._1.json
TT,Serum_Institute,8,2,0.0,9,0.0,1,10,5,1,1,1,1,MVP_DE_results_T_10_delta_5_scen_1_trial_1_inv_1_cap._1_cap.inc._1.json
TT,Serum_Institute,8,2,0.0,8,0.0,1,10,5,1,1,1,1,MVP_DE_results_T_10_delta_5_scen_1_trial_1_inv_1_cap._1_cap.inc._1.json
TT,Serum_Institute,9,1,1.0,10,0.0,1,10,5,1,1,1,1,MVP_DE_results_T_10_delta_5_scen_1_trial_1_inv_1_cap._1_cap.inc._1.json
TT,Serum_Institute,9,1,1.0,9,0.0,1,10,5,1,1,1,1,MVP_DE_results_T_10_delta_5_scen_1_trial_1_inv_1_cap._1_cap.inc._1.json
TT,Serum_Institute,9,2,0.0,10,0.0,1,10,5,1,1,1,1,MVP_DE_results_T_10_delta_5_scen_1_trial_1_inv_1_cap._1_cap.inc._1.json
TT,Serum_Institute,9,2,0.0,9,0.0,1,10,5,1,1,1,1,MVP_DE_results_T_10_delta_5_scen_1_trial_1_inv_1_cap._1_cap.inc._1.json
TT,Serum_Institute,10,1,1.0,10,0.0,1,10,5,1,1,1,1,MVP_DE_results_T_10_delta_5_scen_1_trial_1_inv_1_cap._1_cap.inc._1.json
TT,Serum_Institute,10,2,0.0,10,0.0,1,10,5,1,1,1,1,MVP_DE_results_T_10_delta_5_scen_1_trial_1_inv_1_cap._1_cap.inc._1.json
Td,BB_NCIPD,1,1,1.0,5,0.0,1,10,5,1,1,1,1,MVP_DE_results_T_10_delta_5_scen_1_trial_1_inv_1_cap._1_cap.inc._1.json
Td,BB_NCIPD,1,1,1.0,4,0.0,1,10,5,1,1,1,1,MVP_DE_results_T_10_delta_5_scen_1_trial_1_inv_1_cap._1_cap.inc._1.json
Td,BB_NCIPD,1,1,1.0,2,0.0,1,10,5,1,1,1,1,MVP_DE_results_T_10_delta_5_scen_1_trial_1_inv_1_cap._1_cap.inc._1.json
Td,BB_NCIPD,1,1,1.0,3,0.0,1,10,5,1,1,1,1,MVP_DE_results_T_10_delta_5_scen_1_trial_1_inv_1_cap._1_cap.inc._1.json
Td,BB_NCIPD,1,1,1.0,1,11830.0,1,10,5,1,1,1,1,MVP_DE_results_T_10_delta_5_scen_1_trial_1_inv_1_cap._1_cap.inc._1.json
Td,BB_NCIPD,1,2,0.0,5,0.0,1,10,5,1,1,1,1,MVP_DE_results_T_10_delta_5_scen_1_trial_1_inv_1_cap._1_cap.inc._1.json
Td,BB_NCIPD,1,2,0.0,4,0.0,1,10,5,1,1,1,1,MVP_DE_results_T_10_delta_5_scen_1_trial_1_inv_1_cap._1_cap.inc._1.json
Td,BB_NCIPD,1,2,0.0,2,0.0,1,10,5,1,1,1,1,MVP_DE_results_T_10_delta_5_scen_1_trial_1_inv_1_cap._1_cap.inc._1.json
Td,BB_NCIPD,1,2,0.0,3,0.0,1,10,5,1,1,1,1,MVP_DE_results_T_10_delta_5_scen_1_trial_1_inv_1_cap._1_cap.inc._1.json
Td,BB_NCIPD,1,2,0.0,1,0.0,1,10,5,1,1,1,1,MVP_DE_results_T_10_delta_5_scen_1_trial_1_inv_1_cap._1_cap.inc._1.json
Td,BB_NCIPD,2,1,1.0,5,46382.0,1,10,5,1,1,1,1,MVP_DE_results_T_10_delta_5_scen_1_trial_1_inv_1_cap._1_cap.inc._1.json
Td,BB_NCIPD,2,1,1.0,4,0.0,1,10,5,1,1,1,1,MVP_DE_results_T_10_delta_5_scen_1_trial_1_inv_1_cap._1_cap.inc._1.json
Td,BB_NCIPD,2,1,1.0,6,58212.0,1,10,5,1,1,1,1,MVP_DE_results_T_10_delta_5_scen_1_trial_1_inv_1_cap._1_cap.inc._1.json
Td,BB_NCIPD,2,1,1.0,2,0.0,1,10,5,1,1,1,1,MVP_DE_results_T_10_delta_5_scen_1_trial_1_inv_1_cap._1_cap.inc._1.json
Td,BB_NCIPD,2,1,1.0,3,0.0,1,10,5,1,1,1,1,MVP_DE_results_T_10_delta_5_scen_1_trial_1_inv_1_cap._1_cap.inc._1.json
Td,BB_NCIPD,2,2,0.0,5,0.0,1,10,5,1,1,1,1,MVP_DE_results_T_10_delta_5_scen_1_trial_1_inv_1_cap._1_cap.inc._1.json
Td,BB_NCIPD,2,2,0.0,4,0.0,1,10,5,1,1,1,1,MVP_DE_results_T_10_delta_5_scen_1_trial_1_inv_1_cap._1_cap.inc._1.json
Td,BB_NCIPD,2,2,0.0,6,0.0,1,10,5,1,1,1,1,MVP_DE_results_T_10_delta_5_scen_1_trial_1_inv_1_cap._1_cap.inc._1.json
Td,BB_NCIPD,2,2,0.0,2,0.0,1,10,5,1,1,1,1,MVP_DE_results_T_10_delta_5_scen_1_trial_1_inv_1_cap._1_cap.inc._1.json
Td,BB_NCIPD,2,2,0.0,3,0.0,1,10,5,1,1,1,1,MVP_DE_results_T_10_delta_5_scen_1_trial_1_inv_1_cap._1_cap.inc._1.json
Td,BB_NCIPD,3,1,1.0,5,34552.0,1,10,5,1,1,1,1,MVP_DE_results_T_10_delta_5_scen_1_trial_1_inv_1_cap._1_cap.inc._1.json
Td,BB_NCIPD,3,1,1.0,4,22722.0,1,10,5,1,1,1,1,MVP_DE_results_T_10_delta_5_scen_1_trial_1_inv_1_cap._1_cap.inc._1.json
Td,BB_NCIPD,3,1,1.0,6,0.0,1,10,5,1,1,1,1,MVP_DE_results_T_10_delta_5_scen_1_trial_1_inv_1_cap._1_cap.inc._1.json
Td,BB_NCIPD,3,1,1.0,7,0.0,1,10,5,1,1,1,1,MVP_DE_results_T_10_delta_5_scen_1_trial_1_inv_1_cap._1_cap.inc._1.json
Td,BB_NCIPD,3,1,1.0,3,0.0,1,10,5,1,1,1,1,MVP_DE_results_T_10_delta_5_scen_1_trial_1_inv_1_cap._1_cap.inc._1.json
Td,BB_NCIPD,3,2,0.0,5,0.0,1,10,5,1,1,1,1,MVP_DE_results_T_10_delta_5_scen_1_trial_1_inv_1_cap._1_cap.inc._1.json
Td,BB_NCIPD,3,2,0.0,4,0.0,1,10,5,1,1,1,1,MVP_DE_results_T_10_delta_5_scen_1_trial_1_inv_1_cap._1_cap.inc._1.json
Td,BB_NCIPD,3,2,0.0,6,0.0,1,10,5,1,1,1,1,MVP_DE_results_T_10_delta_5_scen_1_trial_1_inv_1_cap._1_cap.inc._1.json
Td,BB_NCIPD,3,2,0.0,7,0.0,1,10,5,1,1,1,1,MVP_DE_results_T_10_delta_5_scen_1_trial_1_inv_1_cap._1_cap.inc._1.json
Td,BB_NCIPD,3,2,0.0,3,0.0,1,10,5,1,1,1,1,MVP_DE_results_T_10_delta_5_scen_1_trial_1_inv_1_cap._1_cap.inc._1.json
Td,BB_NCIPD,4,1,1.0,5,0.0,1,10,5,1,1,1,1,MVP_DE_results_T_10_delta_5_scen_1_trial_1_inv_1_cap._1_cap.inc._1.json
Td,BB_NCIPD,4,1,1.0,4,10892.0,1,10,5,1,1,1,1,MVP_DE_results_T_10_delta_5_scen_1_trial_1_inv_1_cap._1_cap.inc._1.json
Td,BB_NCIPD,4,1,1.0,6,0.0,1,10,5,1,1,1,1,MVP_DE_results_T_10_delta_5_scen_1_trial_1_inv_1_cap._1_cap.inc._1.json
Td,BB_NCIPD,4,1,1.0,7,46382.0,1,10,5,1,1,1,1,MVP_DE_results_T_10_delta_5_scen_1_trial_1_inv_1_cap._1_cap.inc._1.json
Td,BB_NCIPD,4,1,1.0,8,0.0,1,10,5,1,1,1,1,MVP_DE_results_T_10_delta_5_scen_1_trial_1_inv_1_cap._1_cap.inc._1.json
Td,BB_NCIPD,4,2,0.0,5,0.0,1,10,5,1,1,1,1,MVP_DE_results_T_10_delta_5_scen_1_trial_1_inv_1_cap._1_cap.inc._1.json
Td,BB_NCIPD,4,2,0.0,4,0.0,1,10,5,1,1,1,1,MVP_DE_results_T_10_delta_5_scen_1_trial_1_inv_1_cap._1_cap.inc._1.json
Td,BB_NCIPD,4,2,0.0,6,0.0,1,10,5,1,1,1,1,MVP_DE_results_T_10_delta_5_scen_1_trial_1_inv_1_cap._1_cap.inc._1.json
Td,BB_NCIPD,4,2,0.0,7,0.0,1,10,5,1,1,1,1,MVP_DE_results_T_10_delta_5_scen_1_trial_1_inv_1_cap._1_cap.inc._1.json
Td,BB_NCIPD,4,2,0.0,8,0.0,1,10,5,1,1,1,1,MVP_DE_results_T_10_delta_5_scen_1_trial_1_inv_1_cap._1_cap.inc._1.json
Td,BB_NCIPD,5,1,1.0,5,0.0,1,10,5,1,1,1,1,MVP_DE_results_T_10_delta_5_scen_1_trial_1_inv_1_cap._1_cap.inc._1.json
Td,BB_NCIPD,5,1,1.0,6,0.0,1,10,5,1,1,1,1,MVP_DE_results_T_10_delta_5_scen_1_trial_1_inv_1_cap._1_cap.inc._1.json
Td,BB_NCIPD,5,1,1.0,7,0.0,1,10,5,1,1,1,1,MVP_DE_results_T_10_delta_5_scen_1_trial_1_inv_1_cap._1_cap.inc._1.json
Td,BB_NCIPD,5,1,1.0,9,0.0,1,10,5,1,1,1,1,MVP_DE_results_T_10_delta_5_scen_1_trial_1_inv_1_cap._1_cap.inc._1.json
Td,BB_NCIPD,5,1,1.0,8,0.0,1,10,5,1,1,1,1,MVP_DE_results_T_10_delta_5_scen_1_trial_1_inv_1_cap._1_cap.inc._1.json
Td,BB_NCIPD,5,2,0.0,5,0.0,1,10,5,1,1,1,1,MVP_DE_results_T_10_delta_5_scen_1_trial_1_inv_1_cap._1_cap.inc._1.json
Td,BB_NCIPD,5,2,0.0,6,0.0,1,10,5,1,1,1,1,MVP_DE_results_T_10_delta_5_scen_1_trial_1_inv_1_cap._1_cap.inc._1.json
Td,BB_NCIPD,5,2,0.0,7,0.0,1,10,5,1,1,1,1,MVP_DE_results_T_10_delta_5_scen_1_trial_1_inv_1_cap._1_cap.inc._1.json
Td,BB_NCIPD,5,2,0.0,9,0.0,1,10,5,1,1,1,1,MVP_DE_results_T_10_delta_5_scen_1_trial_1_inv_1_cap._1_cap.inc._1.json
Td,BB_NCIPD,5,2,0.0,8,0.0,1,10,5,1,1,1,1,MVP_DE_results_T_10_delta_5_scen_1_trial_1_inv_1_cap._1_cap.inc._1.json
Td,BB_NCIPD,6,1,1.0,6,0.0,1,10,5,1,1,1,1,MVP_DE_results_T_10_delta_5_scen_1_trial_1_inv_1_cap._1_cap.inc._1.json
Td,BB_NCIPD,6,1,1.0,7,0.0,1,10,5,1,1,1,1,MVP_DE_results_T_10_delta_5_scen_1_trial_1_inv_1_cap._1_cap.inc._1.json
Td,BB_NCIPD,6,1,1.0,10,0.0,1,10,5,1,1,1,1,MVP_DE_results_T_10_delta_5_scen_1_trial_1_inv_1_cap._1_cap.inc._1.json
Td,BB_NCIPD,6,1,1.0,9,0.0,1,10,5,1,1,1,1,MVP_DE_results_T_10_delta_5_scen_1_trial_1_inv_1_cap._1_cap.inc._1.json
Td,BB_NCIPD,6,1,1.0,8,0.0,1,10,5,1,1,1,1,MVP_DE_results_T_10_delta_5_scen_1_trial_1_inv_1_cap._1_cap.inc._1.json
Td,BB_NCIPD,6,2,0.0,6,0.0,1,10,5,1,1,1,1,MVP_DE_results_T_10_delta_5_scen_1_trial_1_inv_1_cap._1_cap.inc._1.json
Td,BB_NCIPD,6,2,0.0,7,0.0,1,10,5,1,1,1,1,MVP_DE_results_T_10_delta_5_scen_1_trial_1_inv_1_cap._1_cap.inc._1.json
Td,BB_NCIPD,6,2,0.0,10,0.0,1,10,5,1,1,1,1,MVP_DE_results_T_10_delta_5_scen_1_trial_1_inv_1_cap._1_cap.inc._1.json
Td,BB_NCIPD,6,2,0.0,9,0.0,1,10,5,1,1,1,1,MVP_DE_results_T_10_delta_5_scen_1_trial_1_inv_1_cap._1_cap.inc._1.json
Td,BB_NCIPD,6,2,0.0,8,0.0,1,10,5,1,1,1,1,MVP_DE_results_T_10_delta_5_scen_1_trial_1_inv_1_cap._1_cap.inc._1.json
Td,BB_NCIPD,7,1,1.0,7,0.0,1,10,5,1,1,1,1,MVP_DE_results_T_10_delta_5_scen_1_trial_1_inv_1_cap._1_cap.inc._1.json
Td,BB_NCIPD,7,1,1.0,10,35490.0,1,10,5,1,1,1,1,MVP_DE_results_T_10_delta_5_scen_1_trial_1_inv_1_cap._1_cap.inc._1.json
Td,BB_NCIPD,7,1,1.0,9,0.0,1,10,5,1,1,1,1,MVP_DE_results_T_10_delta_5_scen_1_trial_1_inv_1_cap._1_cap.inc._1.json
Td,BB_NCIPD,7,1,1.0,8,0.0,1,10,5,1,1,1,1,MVP_DE_results_T_10_delta_5_scen_1_trial_1_inv_1_cap._1_cap.inc._1.json
Td,BB_NCIPD,7,2,0.0,7,0.0,1,10,5,1,1,1,1,MVP_DE_results_T_10_delta_5_scen_1_trial_1_inv_1_cap._1_cap.inc._1.json
Td,BB_NCIPD,7,2,0.0,10,0.0,1,10,5,1,1,1,1,MVP_DE_results_T_10_delta_5_scen_1_trial_1_inv_1_cap._1_cap.inc._1.json
Td,BB_NCIPD,7,2,0.0,9,0.0,1,10,5,1,1,1,1,MVP_DE_results_T_10_delta_5_scen_1_trial_1_inv_1_cap._1_cap.inc._1.json
Td,BB_NCIPD,7,2,0.0,8,0.0,1,10,5,1,1,1,1,MVP_DE_results_T_10_delta_5_scen_1_trial_1_inv_1_cap._1_cap.inc._1.json
Td,BB_NCIPD,8,1,1.0,10,0.0,1,10,5,1,1,1,1,MVP_DE_results_T_10_delta_5_scen_1_trial_1_inv_1_cap._1_cap.inc._1.json
Td,BB_NCIPD,8,1,1.0,9,0.0,1,10,5,1,1,1,1,MVP_DE_results_T_10_delta_5_scen_1_trial_1_inv_1_cap._1_cap.inc._1.json
Td,BB_NCIPD,8,1,1.0,8,0.0,1,10,5,1,1,1,1,MVP_DE_results_T_10_delta_5_scen_1_trial_1_inv_1_cap._1_cap.inc._1.json
Td,BB_NCIPD,8,2,0.0,10,0.0,1,10,5,1,1,1,1,MVP_DE_results_T_10_delta_5_scen_1_trial_1_inv_1_cap._1_cap.inc._1.json
Td,BB_NCIPD,8,2,0.0,9,0.0,1,10,5,1,1,1,1,MVP_DE_results_T_10_delta_5_scen_1_trial_1_inv_1_cap._1_cap.inc._1.json
Td,BB_NCIPD,8,2,0.0,8,0.0,1,10,5,1,1,1,1,MVP_DE_results_T_10_delta_5_scen_1_trial_1_inv_1_cap._1_cap.inc._1.json
Td,BB_NCIPD,9,1,1.0,10,0.0,1,10,5,1,1,1,1,MVP_DE_results_T_10_delta_5_scen_1_trial_1_inv_1_cap._1_cap.inc._1.json
Td,BB_NCIPD,9,1,1.0,9,0.0,1,10,5,1,1,1,1,MVP_DE_results_T_10_delta_5_scen_1_trial_1_inv_1_cap._1_cap.inc._1.json
Td,BB_NCIPD,9,2,0.0,10,0.0,1,10,5,1,1,1,1,MVP_DE_results_T_10_delta_5_scen_1_trial_1_inv_1_cap._1_cap.inc._1.json
Td,BB_NCIPD,9,2,0.0,9,0.0,1,10,5,1,1,1,1,MVP_DE_results_T_10_delta_5_scen_1_trial_1_inv_1_cap._1_cap.inc._1.json
Td,BB_NCIPD,10,1,1.0,10,0.0,1,10,5,1,1,1,1,MVP_DE_results_T_10_delta_5_scen_1_trial_1_inv_1_cap._1_cap.inc._1.json
Td,BB_NCIPD,10,2,0.0,10,0.0,1,10,5,1,1,1,1,MVP_DE_results_T_10_delta_5_scen_1_trial_1_inv_1_cap._1_cap.inc._1.json
Td,Biological_E,1,1,1.0,5,0.0,1,10,5,1,1,1,1,MVP_DE_results_T_10_delta_5_scen_1_trial_1_inv_1_cap._1_cap.inc._1.json
Td,Biological_E,1,1,1.0,4,0.0,1,10,5,1,1,1,1,MVP_DE_results_T_10_delta_5_scen_1_trial_1_inv_1_cap._1_cap.inc._1.json
Td,Biological_E,1,1,1.0,2,0.0,1,10,5,1,1,1,1,MVP_DE_results_T_10_delta_5_scen_1_trial_1_inv_1_cap._1_cap.inc._1.json
Td,Biological_E,1,1,1.0,3,0.0,1,10,5,1,1,1,1,MVP_DE_results_T_10_delta_5_scen_1_trial_1_inv_1_cap._1_cap.inc._1.json
Td,Biological_E,1,1,1.0,1,4327.0,1,10,5,1,1,1,1,MVP_DE_results_T_10_delta_5_scen_1_trial_1_inv_1_cap._1_cap.inc._1.json
Td,Biological_E,1,2,0.0,5,0.0,1,10,5,1,1,1,1,MVP_DE_results_T_10_delta_5_scen_1_trial_1_inv_1_cap._1_cap.inc._1.json
Td,Biological_E,1,2,0.0,4,0.0,1,10,5,1,1,1,1,MVP_DE_results_T_10_delta_5_scen_1_trial_1_inv_1_cap._1_cap.inc._1.json
Td,Biological_E,1,2,0.0,2,0.0,1,10,5,1,1,1,1,MVP_DE_results_T_10_delta_5_scen_1_trial_1_inv_1_cap._1_cap.inc._1.json
Td,Biological_E,1,2,0.0,3,0.0,1,10,5,1,1,1,1,MVP_DE_results_T_10_delta_5_scen_1_trial_1_inv_1_cap._1_cap.inc._1.json
Td,Biological_E,1,2,0.0,1,0.0,1,10,5,1,1,1,1,MVP_DE_results_T_10_delta_5_scen_1_trial_1_inv_1_cap._1_cap.inc._1.json
Td,Biological_E,2,1,1.0,5,27753.0,1,10,5,1,1,1,1,MVP_DE_results_T_10_delta_5_scen_1_trial_1_inv_1_cap._1_cap.inc._1.json
Td,Biological_E,2,1,1.0,4,27753.0,1,10,5,1,1,1,1,MVP_DE_results_T_10_delta_5_scen_1_trial_1_inv_1_cap._1_cap.inc._1.json
Td,Biological_E,2,1,1.0,6,60100.0,1,10,5,1,1,1,1,MVP_DE_results_T_10_delta_5_scen_1_trial_1_inv_1_cap._1_cap.inc._1.json
Td,Biological_E,2,1,1.0,2,3924.0,1,10,5,1,1,1,1,MVP_DE_results_T_10_delta_5_scen_1_trial_1_inv_1_cap._1_cap.inc._1.json
Td,Biological_E,2,1,1.0,3,13175.0,1,10,5,1,1,1,1,MVP_DE_results_T_10_delta_5_scen_1_trial_1_inv_1_cap._1_cap.inc._1.json
Td,Biological_E,2,2,-0.0,5,0.0,1,10,5,1,1,1,1,MVP_DE_results_T_10_delta_5_scen_1_trial_1_inv_1_cap._1_cap.inc._1.json
Td,Biological_E,2,2,-0.0,4,0.0,1,10,5,1,1,1,1,MVP_DE_results_T_10_delta_5_scen_1_trial_1_inv_1_cap._1_cap.inc._1.json
Td,Biological_E,2,2,-0.0,6,0.0,1,10,5,1,1,1,1,MVP_DE_results_T_10_delta_5_scen_1_trial_1_inv_1_cap._1_cap.inc._1.json
Td,Biological_E,2,2,-0.0,2,-0.0,1,10,5,1,1,1,1,MVP_DE_results_T_10_delta_5_scen_1_trial_1_inv_1_cap._1_cap.inc._1.json
Td,Biological_E,2,2,-0.0,3,0.0,1,10,5,1,1,1,1,MVP_DE_results_T_10_delta_5_scen_1_trial_1_inv_1_cap._1_cap.inc._1.json
Td,Biological_E,3,1,1.0,5,23829.0,1,10,5,1,1,1,1,MVP_DE_results_T_10_delta_5_scen_1_trial_1_inv_1_cap._1_cap.inc._1.json
Td,Biological_E,3,1,1.0,4,23829.0,1,10,5,1,1,1,1,MVP_DE_results_T_10_delta_5_scen_1_trial_1_inv_1_cap._1_cap.inc._1.json
Td,Biological_E,3,1,1.0,6,56176.0,1,10,5,1,1,1,1,MVP_DE_results_T_10_delta_5_scen_1_trial_1_inv_1_cap._1_cap.inc._1.json
Td,Biological_E,3,1,1.0,7,56176.0,1,10,5,1,1,1,1,MVP_DE_results_T_10_delta_5_scen_1_trial_1_inv_1_cap._1_cap.inc._1.json
Td,Biological_E,3,1,1.0,3,9251.0,1,10,5,1,1,1,1,MVP_DE_results_T_10_delta_5_scen_1_trial_1_inv_1_cap._1_cap.inc._1.json
Td,Biological_E,3,2,0.0,5,0.0,1,10,5,1,1,1,1,MVP_DE_results_T_10_delta_5_scen_1_trial_1_inv_1_cap._1_cap.inc._1.json
Td,Biological_E,3,2,0.0,4,0.0,1,10,5,1,1,1,1,MVP_DE_results_T_10_delta_5_scen_1_trial_1_inv_1_cap._1_cap.inc._1.json
Td,Biological_E,3,2,0.0,6,0.0,1,10,5,1,1,1,1,MVP_DE_results_T_10_delta_5_scen_1_trial_1_inv_1_cap._1_cap.inc._1.json
Td,Biological_E,3,2,0.0,7,0.0,1,10,5,1,1,1,1,MVP_DE_results_T_10_delta_5_scen_1_trial_1_inv_1_cap._1_cap.inc._1.json
Td,Biological_E,3,2,0.0,3,0.0,1,10,5,1,1,1,1,MVP_DE_results_T_10_delta_5_scen_1_trial_1_inv_1_cap._1_cap.inc._1.json
Td,Biological_E,4,1,1.0,5,14578.0,1,10,5,1,1,1,1,MVP_DE_results_T_10_delta_5_scen_1_trial_1_inv_1_cap._1_cap.inc._1.json
Td,Biological_E,4,1,1.0,4,14578.0,1,10,5,1,1,1,1,MVP_DE_results_T_10_delta_5_scen_1_trial_1_inv_1_cap._1_cap.inc._1.json
Td,Biological_E,4,1,1.0,6,46925.0,1,10,5,1,1,1,1,MVP_DE_results_T_10_delta_5_scen_1_trial_1_inv_1_cap._1_cap.inc._1.json
Td,Biological_E,4,1,1.0,7,46925.0,1,10,5,1,1,1,1,MVP_DE_results_T_10_delta_5_scen_1_trial_1_inv_1_cap._1_cap.inc._1.json
Td,Biological_E,4,1,1.0,8,46925.0,1,10,5,1,1,1,1,MVP_DE_results_T_10_delta_5_scen_1_trial_1_inv_1_cap._1_cap.inc._1.json
Td,Biological_E,4,2,-0.0,5,0.0,1,10,5,1,1,1,1,MVP_DE_results_T_10_delta_5_scen_1_trial_1_inv_1_cap._1_cap.inc._1.json
Td,Biological_E,4,2,-0.0,4,0.0,1,10,5,1,1,1,1,MVP_DE_results_T_10_delta_5_scen_1_trial_1_inv_1_cap._1_cap.inc._1.json
Td,Biological_E,4,2,-0.0,6,0.0,1,10,5,1,1,1,1,MVP_DE_results_T_10_delta_5_scen_1_trial_1_inv_1_cap._1_cap.inc._1.json
Td,Biological_E,4,2,-0.0,7,0.0,1,10,5,1,1,1,1,MVP_DE_results_T_10_delta_5_scen_1_trial_1_inv_1_cap._1_cap.inc._1.json
Td,Biological_E,4,2,-0.0,8,0.0,1,10,5,1,1,1,1,MVP_DE_results_T_10_delta_5_scen_1_trial_1_inv_1_cap._1_cap.inc._1.json
Td,Biological_E,5,1,1.0,5,0.0,1,10,5,1,1,1,1,MVP_DE_results_T_10_delta_5_scen_1_trial_1_inv_1_cap._1_cap.inc._1.json
Td,Biological_E,5,1,1.0,6,0.0,1,10,5,1,1,1,1,MVP_DE_results_T_10_delta_5_scen_1_trial_1_inv_1_cap._1_cap.inc._1.json
Td,Biological_E,5,1,1.0,7,0.0,1,10,5,1,1,1,1,MVP_DE_results_T_10_delta_5_scen_1_trial_1_inv_1_cap._1_cap.inc._1.json
Td,Biological_E,5,1,1.0,9,0.0,1,10,5,1,1,1,1,MVP_DE_results_T_10_delta_5_scen_1_trial_1_inv_1_cap._1_cap.inc._1.json
Td,Biological_E,5,1,1.0,8,0.0,1,10,5,1,1,1,1,MVP_DE_results_T_10_delta_5_scen_1_trial_1_inv_1_cap._1_cap.inc._1.json
Td,Biological_E,5,2,-0.0,5,-0.0,1,10,5,1,1,1,1,MVP_DE_results_T_10_delta_5_scen_1_trial_1_inv_1_cap._1_cap.inc._1.json
Td,Biological_E,5,2,-0.0,6,0.0,1,10,5,1,1,1,1,MVP_DE_results_T_10_delta_5_scen_1_trial_1_inv_1_cap._1_cap.inc._1.json
Td,Biological_E,5,2,-0.0,7,0.0,1,10,5,1,1,1,1,MVP_DE_results_T_10_delta_5_scen_1_trial_1_inv_1_cap._1_cap.inc._1.json
Td,Biological_E,5,2,-0.0,9,0.0,1,10,5,1,1,1,1,MVP_DE_results_T_10_delta_5_scen_1_trial_1_inv_1_cap._1_cap.inc._1.json
Td,Biological_E,5,2,-0.0,8,0.0,1,10,5,1,1,1,1,MVP_DE_results_T_10_delta_5_scen_1_trial_1_inv_1_cap._1_cap.inc._1.json
Td,Biological_E,6,1,1.0,6,0.0,1,10,5,1,1,1,1,MVP_DE_results_T_10_delta_5_scen_1_trial_1_inv_1_cap._1_cap.inc._1.json
Td,Biological_E,6,1,1.0,7,0.0,1,10,5,1,1,1,1,MVP_DE_results_T_10_delta_5_scen_1_trial_1_inv_1_cap._1_cap.inc._1.json
Td,Biological_E,6,1,1.0,10,0.0,1,10,5,1,1,1,1,MVP_DE_results_T_10_delta_5_scen_1_trial_1_inv_1_cap._1_cap.inc._1.json
Td,Biological_E,6,1,1.0,9,0.0,1,10,5,1,1,1,1,MVP_DE_results_T_10_delta_5_scen_1_trial_1_inv_1_cap._1_cap.inc._1.json
Td,Biological_E,6,1,1.0,8,0.0,1,10,5,1,1,1,1,MVP_DE_results_T_10_delta_5_scen_1_trial_1_inv_1_cap._1_cap.inc._1.json
Td,Biological_E,6,2,-0.0,6,0.0,1,10,5,1,1,1,1,MVP_DE_results_T_10_delta_5_scen_1_trial_1_inv_1_cap._1_cap.inc._1.json
Td,Biological_E,6,2,-0.0,7,0.0,1,10,5,1,1,1,1,MVP_DE_results_T_10_delta_5_scen_1_trial_1_inv_1_cap._1_cap.inc._1.json
Td,Biological_E,6,2,-0.0,10,0.0,1,10,5,1,1,1,1,MVP_DE_results_T_10_delta_5_scen_1_trial_1_inv_1_cap._1_cap.inc._1.json
Td,Biological_E,6,2,-0.0,9,0.0,1,10,5,1,1,1,1,MVP_DE_results_T_10_delta_5_scen_1_trial_1_inv_1_cap._1_cap.inc._1.json
Td,Biological_E,6,2,-0.0,8,0.0,1,10,5,1,1,1,1,MVP_DE_results_T_10_delta_5_scen_1_trial_1_inv_1_cap._1_cap.inc._1.json
Td,Biological_E,7,1,1.0,7,0.0,1,10,5,1,1,1,1,MVP_DE_results_T_10_delta_5_scen_1_trial_1_inv_1_cap._1_cap.inc._1.json
Td,Biological_E,7,1,1.0,10,60100.0,1,10,5,1,1,1,1,MVP_DE_results_T_10_delta_5_scen_1_trial_1_inv_1_cap._1_cap.inc._1.json
Td,Biological_E,7,1,1.0,9,50723.0,1,10,5,1,1,1,1,MVP_DE_results_T_10_delta_5_scen_1_trial_1_inv_1_cap._1_cap.inc._1.json
Td,Biological_E,7,1,1.0,8,0.0,1,10,5,1,1,1,1,MVP_DE_results_T_10_delta_5_scen_1_trial_1_inv_1_cap._1_cap.inc._1.json
Td,Biological_E,7,2,-0.0,7,0.0,1,10,5,1,1,1,1,MVP_DE_results_T_10_delta_5_scen_1_trial_1_inv_1_cap._1_cap.inc._1.json
Td,Biological_E,7,2,-0.0,10,0.0,1,10,5,1,1,1,1,MVP_DE_results_T_10_delta_5_scen_1_trial_1_inv_1_cap._1_cap.inc._1.json
Td,Biological_E,7,2,-0.0,9,0.0,1,10,5,1,1,1,1,MVP_DE_results_T_10_delta_5_scen_1_trial_1_inv_1_cap._1_cap.inc._1.json
Td,Biological_E,7,2,-0.0,8,0.0,1,10,5,1,1,1,1,MVP_DE_results_T_10_delta_5_scen_1_trial_1_inv_1_cap._1_cap.inc._1.json
Td,Biological_E,8,1,1.0,10,0.0,1,10,5,1,1,1,1,MVP_DE_results_T_10_delta_5_scen_1_trial_1_inv_1_cap._1_cap.inc._1.json
Td,Biological_E,8,1,1.0,9,0.0,1,10,5,1,1,1,1,MVP_DE_results_T_10_delta_5_scen_1_trial_1_inv_1_cap._1_cap.inc._1.json
Td,Biological_E,8,1,1.0,8,0.0,1,10,5,1,1,1,1,MVP_DE_results_T_10_delta_5_scen_1_trial_1_inv_1_cap._1_cap.inc._1.json
Td,Biological_E,8,2,-0.0,10,0.0,1,10,5,1,1,1,1,MVP_DE_results_T_10_delta_5_scen_1_trial_1_inv_1_cap._1_cap.inc._1.json
Td,Biological_E,8,2,-0.0,9,0.0,1,10,5,1,1,1,1,MVP_DE_results_T_10_delta_5_scen_1_trial_1_inv_1_cap._1_cap.inc._1.json
Td,Biological_E,8,2,-0.0,8,-0.0,1,10,5,1,1,1,1,MVP_DE_results_T_10_delta_5_scen_1_trial_1_inv_1_cap._1_cap.inc._1.json
Td,Biological_E,9,1,1.0,10,60100.0,1,10,5,1,1,1,1,MVP_DE_results_T_10_delta_5_scen_1_trial_1_inv_1_cap._1_cap.inc._1.json
Td,Biological_E,9,1,1.0,9,0.0,1,10,5,1,1,1,1,MVP_DE_results_T_10_delta_5_scen_1_trial_1_inv_1_cap._1_cap.inc._1.json
Td,Biological_E,9,2,-0.0,10,0.0,1,10,5,1,1,1,1,MVP_DE_results_T_10_delta_5_scen_1_trial_1_inv_1_cap._1_cap.inc._1.json
Td,Biological_E,9,2,-0.0,9,0.0,1,10,5,1,1,1,1,MVP_DE_results_T_10_delta_5_scen_1_trial_1_inv_1_cap._1_cap.inc._1.json
Td,Biological_E,10,1,1.0,10,0.0,1,10,5,1,1,1,1,MVP_DE_results_T_10_delta_5_scen_1_trial_1_inv_1_cap._1_cap.inc._1.json
Td,Biological_E,10,2,-0.0,10,0.0,1,10,5,1,1,1,1,MVP_DE_results_T_10_delta_5_scen_1_trial_1_inv_1_cap._1_cap.inc._1.json
Td,PT_Bio,1,1,1.0,5,0.0,1,10,5,1,1,1,1,MVP_DE_results_T_10_delta_5_scen_1_trial_1_inv_1_cap._1_cap.inc._1.json
Td,PT_Bio,1,1,1.0,4,0.0,1,10,5,1,1,1,1,MVP_DE_results_T_10_delta_5_scen_1_trial_1_inv_1_cap._1_cap.inc._1.json
Td,PT_Bio,1,1,1.0,2,0.0,1,10,5,1,1,1,1,MVP_DE_results_T_10_delta_5_scen_1_trial_1_inv_1_cap._1_cap.inc._1.json
Td,PT_Bio,1,1,1.0,3,0.0,1,10,5,1,1,1,1,MVP_DE_results_T_10_delta_5_scen_1_trial_1_inv_1_cap._1_cap.inc._1.json
Td,PT_Bio,1,1,1.0,1,0.0,1,10,5,1,1,1,1,MVP_DE_results_T_10_delta_5_scen_1_trial_1_inv_1_cap._1_cap.inc._1.json
Td,PT_Bio,1,2,0.0,5,0.0,1,10,5,1,1,1,1,MVP_DE_results_T_10_delta_5_scen_1_trial_1_inv_1_cap._1_cap.inc._1.json
Td,PT_Bio,1,2,0.0,4,0.0,1,10,5,1,1,1,1,MVP_DE_results_T_10_delta_5_scen_1_trial_1_inv_1_cap._1_cap.inc._1.json
Td,PT_Bio,1,2,0.0,2,0.0,1,10,5,1,1,1,1,MVP_DE_results_T_10_delta_5_scen_1_trial_1_inv_1_cap._1_cap.inc._1.json
Td,PT_Bio,1,2,0.0,3,0.0,1,10,5,1,1,1,1,MVP_DE_results_T_10_delta_5_scen_1_trial_1_inv_1_cap._1_cap.inc._1.json
Td,PT_Bio,1,2,0.0,1,0.0,1,10,5,1,1,1,1,MVP_DE_results_T_10_delta_5_scen_1_trial_1_inv_1_cap._1_cap.inc._1.json
Td,PT_Bio,2,1,1.0,5,60100.0,1,10,5,1,1,1,1,MVP_DE_results_T_10_delta_5_scen_1_trial_1_inv_1_cap._1_cap.inc._1.json
Td,PT_Bio,2,1,1.0,4,57078.0,1,10,5,1,1,1,1,MVP_DE_results_T_10_delta_5_scen_1_trial_1_inv_1_cap._1_cap.inc._1.json
Td,PT_Bio,2,1,1.0,6,60100.0,1,10,5,1,1,1,1,MVP_DE_results_T_10_delta_5_scen_1_trial_1_inv_1_cap._1_cap.inc._1.json
Td,PT_Bio,2,1,1.0,2,12684.0,1,10,5,1,1,1,1,MVP_DE_results_T_10_delta_5_scen_1_trial_1_inv_1_cap._1_cap.inc._1.json
Td,PT_Bio,2,1,1.0,3,31710.0,1,10,5,1,1,1,1,MVP_DE_results_T_10_delta_5_scen_1_trial_1_inv_1_cap._1_cap.inc._1.json
Td,PT_Bio,2,2,-0.0,5,0.0,1,10,5,1,1,1,1,MVP_DE_results_T_10_delta_5_scen_1_trial_1_inv_1_cap._1_cap.inc._1.json
Td,PT_Bio,2,2,-0.0,4,0.0,1,10,5,1,1,1,1,MVP_DE_results_T_10_delta_5_scen_1_trial_1_inv_1_cap._1_cap.inc._1.json
Td,PT_Bio,2,2,-0.0,6,0.0,1,10,5,1,1,1,1,MVP_DE_results_T_10_delta_5_scen_1_trial_1_inv_1_cap._1_cap.inc._1.json
Td,PT_Bio,2,2,-0.0,2,0.0,1,10,5,1,1,1,1,MVP_DE_results_T_10_delta_5_scen_1_trial_1_inv_1_cap._1_cap.inc._1.json
Td,PT_Bio,2,2,-0.0,3,0.0,1,10,5,1,1,1,1,MVP_DE_results_T_10_delta_5_scen_1_trial_1_inv_1_cap._1_cap.inc._1.json
Td,PT_Bio,3,1,1.0,5,47416.0,1,10,5,1,1,1,1,MVP_DE_results_T_10_delta_5_scen_1_trial_1_inv_1_cap._1_cap.inc._1.json
Td,PT_Bio,3,1,1.0,4,44394.0,1,10,5,1,1,1,1,MVP_DE_results_T_10_delta_5_scen_1_trial_1_inv_1_cap._1_cap.inc._1.json
Td,PT_Bio,3,1,1.0,6,47416.0,1,10,5,1,1,1,1,MVP_DE_results_T_10_delta_5_scen_1_trial_1_inv_1_cap._1_cap.inc._1.json
Td,PT_Bio,3,1,1.0,7,60100.0,1,10,5,1,1,1,1,MVP_DE_results_T_10_delta_5_scen_1_trial_1_inv_1_cap._1_cap.inc._1.json
Td,PT_Bio,3,1,1.0,3,19026.0,1,10,5,1,1,1,1,MVP_DE_results_T_10_delta_5_scen_1_trial_1_inv_1_cap._1_cap.inc._1.json
Td,PT_Bio,3,2,0.0,5,0.0,1,10,5,1,1,1,1,MVP_DE_results_T_10_delta_5_scen_1_trial_1_inv_1_cap._1_cap.inc._1.json
Td,PT_Bio,3,2,0.0,4,0.0,1,10,5,1,1,1,1,MVP_DE_results_T_10_delta_5_scen_1_trial_1_inv_1_cap._1_cap.inc._1.json
Td,PT_Bio,3,2,0.0,6,0.0,1,10,5,1,1,1,1,MVP_DE_results_T_10_delta_5_scen_1_trial_1_inv_1_cap._1_cap.inc._1.json
Td,PT_Bio,3,2,0.0,7,0.0,1,10,5,1,1,1,1,MVP_DE_results_T_10_delta_5_scen_1_trial_1_inv_1_cap._1_cap.inc._1.json
Td,PT_Bio,3,2,0.0,3,0.0,1,10,5,1,1,1,1,MVP_DE_results_T_10_delta_5_scen_1_trial_1_inv_1_cap._1_cap.inc._1.json
Td,PT_Bio,4,1,1.0,5,28390.0,1,10,5,1,1,1,1,MVP_DE_results_T_10_delta_5_scen_1_trial_1_inv_1_cap._1_cap.inc._1.json
Td,PT_Bio,4,1,1.0,4,25368.0,1,10,5,1,1,1,1,MVP_DE_results_T_10_delta_5_scen_1_trial_1_inv_1_cap._1_cap.inc._1.json
Td,PT_Bio,4,1,1.0,6,28390.0,1,10,5,1,1,1,1,MVP_DE_results_T_10_delta_5_scen_1_trial_1_inv_1_cap._1_cap.inc._1.json
Td,PT_Bio,4,1,1.0,7,41074.0,1,10,5,1,1,1,1,MVP_DE_results_T_10_delta_5_scen_1_trial_1_inv_1_cap._1_cap.inc._1.json
Td,PT_Bio,4,1,1.0,8,60100.0,1,10,5,1,1,1,1,MVP_DE_results_T_10_delta_5_scen_1_trial_1_inv_1_cap._1_cap.inc._1.json
Td,PT_Bio,4,2,-0.0,5,0.0,1,10,5,1,1,1,1,MVP_DE_results_T_10_delta_5_scen_1_trial_1_inv_1_cap._1_cap.inc._1.json
Td,PT_Bio,4,2,-0.0,4,0.0,1,10,5,1,1,1,1,MVP_DE_results_T_10_delta_5_scen_1_trial_1_inv_1_cap._1_cap.inc._1.json
Td,PT_Bio,4,2,-0.0,6,0.0,1,10,5,1,1,1,1,MVP_DE_results_T_10_delta_5_scen_1_trial_1_inv_1_cap._1_cap.inc._1.json
Td,PT_Bio,4,2,-0.0,7,0.0,1,10,5,1,1,1,1,MVP_DE_results_T_10_delta_5_scen_1_trial_1_inv_1_cap._1_cap.inc._1.json
Td,PT_Bio,4,2,-0.0,8,0.0,1,10,5,1,1,1,1,MVP_DE_results_T_10_delta_5_scen_1_trial_1_inv_1_cap._1_cap.inc._1.json
Td,PT_Bio,5,1,1.0,5,0.0,1,10,5,1,1,1,1,MVP_DE_results_T_10_delta_5_scen_1_trial_1_inv_1_cap._1_cap.inc._1.json
Td,PT_Bio,5,1,1.0,6,0.0,1,10,5,1,1,1,1,MVP_DE_results_T_10_delta_5_scen_1_trial_1_inv_1_cap._1_cap.inc._1.json
Td,PT_Bio,5,1,1.0,7,0.0,1,10,5,1,1,1,1,MVP_DE_results_T_10_delta_5_scen_1_trial_1_inv_1_cap._1_cap.inc._1.json
Td,PT_Bio,5,1,1.0,9,0.0,1,10,5,1,1,1,1,MVP_DE_results_T_10_delta_5_scen_1_trial_1_inv_1_cap._1_cap.inc._1.json
Td,PT_Bio,5,1,1.0,8,0.0,1,10,5,1,1,1,1,MVP_DE_results_T_10_delta_5_scen_1_trial_1_inv_1_cap._1_cap.inc._1.json
Td,PT_Bio,5,2,-0.0,5,0.0,1,10,5,1,1,1,1,MVP_DE_results_T_10_delta_5_scen_1_trial_1_inv_1_cap._1_cap.inc._1.json
Td,PT_Bio,5,2,-0.0,6,0.0,1,10,5,1,1,1,1,MVP_DE_results_T_10_delta_5_scen_1_trial_1_inv_1_cap._1_cap.inc._1.json
Td,PT_Bio,5,2,-0.0,7,0.0,1,10,5,1,1,1,1,MVP_DE_results_T_10_delta_5_scen_1_trial_1_inv_1_cap._1_cap.inc._1.json
Td,PT_Bio,5,2,-0.0,9,0.0,1,10,5,1,1,1,1,MVP_DE_results_T_10_delta_5_scen_1_trial_1_inv_1_cap._1_cap.inc._1.json
Td,PT_Bio,5,2,-0.0,8,0.0,1,10,5,1,1,1,1,MVP_DE_results_T_10_delta_5_scen_1_trial_1_inv_1_cap._1_cap.inc._1.json
Td,PT_Bio,6,1,1.0,6,0.0,1,10,5,1,1,1,1,MVP_DE_results_T_10_delta_5_scen_1_trial_1_inv_1_cap._1_cap.inc._1.json
Td,PT_Bio,6,1,1.0,7,0.0,1,10,5,1,1,1,1,MVP_DE_results_T_10_delta_5_scen_1_trial_1_inv_1_cap._1_cap.inc._1.json
Td,PT_Bio,6,1,1.0,10,0.0,1,10,5,1,1,1,1,MVP_DE_results_T_10_delta_5_scen_1_trial_1_inv_1_cap._1_cap.inc._1.json
Td,PT_Bio,6,1,1.0,9,0.0,1,10,5,1,1,1,1,MVP_DE_results_T_10_delta_5_scen_1_trial_1_inv_1_cap._1_cap.inc._1.json
Td,PT_Bio,6,1,1.0,8,0.0,1,10,5,1,1,1,1,MVP_DE_results_T_10_delta_5_scen_1_trial_1_inv_1_cap._1_cap.inc._1.json
Td,PT_Bio,6,2,0.0,6,0.0,1,10,5,1,1,1,1,MVP_DE_results_T_10_delta_5_scen_1_trial_1_inv_1_cap._1_cap.inc._1.json
Td,PT_Bio,6,2,0.0,7,0.0,1,10,5,1,1,1,1,MVP_DE_results_T_10_delta_5_scen_1_trial_1_inv_1_cap._1_cap.inc._1.json
Td,PT_Bio,6,2,0.0,10,0.0,1,10,5,1,1,1,1,MVP_DE_results_T_10_delta_5_scen_1_trial_1_inv_1_cap._1_cap.inc._1.json
Td,PT_Bio,6,2,0.0,9,0.0,1,10,5,1,1,1,1,MVP_DE_results_T_10_delta_5_scen_1_trial_1_inv_1_cap._1_cap.inc._1.json
Td,PT_Bio,6,2,0.0,8,0.0,1,10,5,1,1,1,1,MVP_DE_results_T_10_delta_5_scen_1_trial_1_inv_1_cap._1_cap.inc._1.json
Td,PT_Bio,7,1,1.0,7,12684.0,1,10,5,1,1,1,1,MVP_DE_results_T_10_delta_5_scen_1_trial_1_inv_1_cap._1_cap.inc._1.json
Td,PT_Bio,7,1,1.0,10,60100.0,1,10,5,1,1,1,1,MVP_DE_results_T_10_delta_5_scen_1_trial_1_inv_1_cap._1_cap.inc._1.json
Td,PT_Bio,7,1,1.0,9,60100.0,1,10,5,1,1,1,1,MVP_DE_results_T_10_delta_5_scen_1_trial_1_inv_1_cap._1_cap.inc._1.json
Td,PT_Bio,7,1,1.0,8,31710.0,1,10,5,1,1,1,1,MVP_DE_results_T_10_delta_5_scen_1_trial_1_inv_1_cap._1_cap.inc._1.json
Td,PT_Bio,7,2,0.0,7,0.0,1,10,5,1,1,1,1,MVP_DE_results_T_10_delta_5_scen_1_trial_1_inv_1_cap._1_cap.inc._1.json
Td,PT_Bio,7,2,0.0,10,0.0,1,10,5,1,1,1,1,MVP_DE_results_T_10_delta_5_scen_1_trial_1_inv_1_cap._1_cap.inc._1.json
Td,PT_Bio,7,2,0.0,9,0.0,1,10,5,1,1,1,1,MVP_DE_results_T_10_delta_5_scen_1_trial_1_inv_1_cap._1_cap.inc._1.json
Td,PT_Bio,7,2,0.0,8,0.0,1,10,5,1,1,1,1,MVP_DE_results_T_10_delta_5_scen_1_trial_1_inv_1_cap._1_cap.inc._1.json
Td,PT_Bio,8,1,1.0,10,0.0,1,10,5,1,1,1,1,MVP_DE_results_T_10_delta_5_scen_1_trial_1_inv_1_cap._1_cap.inc._1.json
Td,PT_Bio,8,1,1.0,9,0.0,1,10,5,1,1,1,1,MVP_DE_results_T_10_delta_5_scen_1_trial_1_inv_1_cap._1_cap.inc._1.json
Td,PT_Bio,8,1,1.0,8,0.0,1,10,5,1,1,1,1,MVP_DE_results_T_10_delta_5_scen_1_trial_1_inv_1_cap._1_cap.inc._1.json
Td,PT_Bio,8,2,0.0,10,0.0,1,10,5,1,1,1,1,MVP_DE_results_T_10_delta_5_scen_1_trial_1_inv_1_cap._1_cap.inc._1.json
Td,PT_Bio,8,2,0.0,9,0.0,1,10,5,1,1,1,1,MVP_DE_results_T_10_delta_5_scen_1_trial_1_inv_1_cap._1_cap.inc._1.json
Td,PT_Bio,8,2,0.0,8,0.0,1,10,5,1,1,1,1,MVP_DE_results_T_10_delta_5_scen_1_trial_1_inv_1_cap._1_cap.inc._1.json
Td,PT_Bio,9,1,1.0,10,28390.0,1,10,5,1,1,1,1,MVP_DE_results_T_10_delta_5_scen_1_trial_1_inv_1_cap._1_cap.inc._1.json
Td,PT_Bio,9,1,1.0,9,28390.0,1,10,5,1,1,1,1,MVP_DE_results_T_10_delta_5_scen_1_trial_1_inv_1_cap._1_cap.inc._1.json
Td,PT_Bio,9,2,0.0,10,0.0,1,10,5,1,1,1,1,MVP_DE_results_T_10_delta_5_scen_1_trial_1_inv_1_cap._1_cap.inc._1.json
Td,PT_Bio,9,2,0.0,9,0.0,1,10,5,1,1,1,1,MVP_DE_results_T_10_delta_5_scen_1_trial_1_inv_1_cap._1_cap.inc._1.json
Td,PT_Bio,10,1,1.0,10,0.0,1,10,5,1,1,1,1,MVP_DE_results_T_10_delta_5_scen_1_trial_1_inv_1_cap._1_cap.inc._1.json
Td,PT_Bio,10,2,0.0,10,0.0,1,10,5,1,1,1,1,MVP_DE_results_T_10_delta_5_scen_1_trial_1_inv_1_cap._1_cap.inc._1.json
Td,Serum_Institute,1,1,1.0,5,0.0,1,10,5,1,1,1,1,MVP_DE_results_T_10_delta_5_scen_1_trial_1_inv_1_cap._1_cap.inc._1.json
Td,Serum_Institute,1,1,1.0,4,0.0,1,10,5,1,1,1,1,MVP_DE_results_T_10_delta_5_scen_1_trial_1_inv_1_cap._1_cap.inc._1.json
Td,Serum_Institute,1,1,1.0,2,0.0,1,10,5,1,1,1,1,MVP_DE_results_T_10_delta_5_scen_1_trial_1_inv_1_cap._1_cap.inc._1.json
Td,Serum_Institute,1,1,1.0,3,0.0,1,10,5,1,1,1,1,MVP_DE_results_T_10_delta_5_scen_1_trial_1_inv_1_cap._1_cap.inc._1.json
Td,Serum_Institute,1,1,1.0,1,0.0,1,10,5,1,1,1,1,MVP_DE_results_T_10_delta_5_scen_1_trial_1_inv_1_cap._1_cap.inc._1.json
Td,Serum_Institute,1,2,0.0,5,0.0,1,10,5,1,1,1,1,MVP_DE_results_T_10_delta_5_scen_1_trial_1_inv_1_cap._1_cap.inc._1.json
Td,Serum_Institute,1,2,0.0,4,0.0,1,10,5,1,1,1,1,MVP_DE_results_T_10_delta_5_scen_1_trial_1_inv_1_cap._1_cap.inc._1.json
Td,Serum_Institute,1,2,0.0,2,0.0,1,10,5,1,1,1,1,MVP_DE_results_T_10_delta_5_scen_1_trial_1_inv_1_cap._1_cap.inc._1.json
Td,Serum_Institute,1,2,0.0,3,0.0,1,10,5,1,1,1,1,MVP_DE_results_T_10_delta_5_scen_1_trial_1_inv_1_cap._1_cap.inc._1.json
Td,Serum_Institute,1,2,0.0,1,0.0,1,10,5,1,1,1,1,MVP_DE_results_T_10_delta_5_scen_1_trial_1_inv_1_cap._1_cap.inc._1.json
Td,Serum_Institute,2,1,1.0,5,0.0,1,10,5,1,1,1,1,MVP_DE_results_T_10_delta_5_scen_1_trial_1_inv_1_cap._1_cap.inc._1.json
Td,Serum_Institute,2,1,1.0,4,0.0,1,10,5,1,1,1,1,MVP_DE_results_T_10_delta_5_scen_1_trial_1_inv_1_cap._1_cap.inc._1.json
Td,Serum_Institute,2,1,1.0,6,0.0,1,10,5,1,1,1,1,MVP_DE_results_T_10_delta_5_scen_1_trial_1_inv_1_cap._1_cap.inc._1.json
Td,Serum_Institute,2,1,1.0,2,0.0,1,10,5,1,1,1,1,MVP_DE_results_T_10_delta_5_scen_1_trial_1_inv_1_cap._1_cap.inc._1.json
Td,Serum_Institute,2,1,1.0,3,0.0,1,10,5,1,1,1,1,MVP_DE_results_T_10_delta_5_scen_1_trial_1_inv_1_cap._1_cap.inc._1.json
Td,Serum_Institute,2,2,0.0,5,0.0,1,10,5,1,1,1,1,MVP_DE_results_T_10_delta_5_scen_1_trial_1_inv_1_cap._1_cap.inc._1.json
Td,Serum_Institute,2,2,0.0,4,0.0,1,10,5,1,1,1,1,MVP_DE_results_T_10_delta_5_scen_1_trial_1_inv_1_cap._1_cap.inc._1.json
Td,Serum_Institute,2,2,0.0,6,0.0,1,10,5,1,1,1,1,MVP_DE_results_T_10_delta_5_scen_1_trial_1_inv_1_cap._1_cap.inc._1.json
Td,Serum_Institute,2,2,0.0,2,0.0,1,10,5,1,1,1,1,MVP_DE_results_T_10_delta_5_scen_1_trial_1_inv_1_cap._1_cap.inc._1.json
Td,Serum_Institute,2,2,0.0,3,0.0,1,10,5,1,1,1,1,MVP_DE_results_T_10_delta_5_scen_1_trial_1_inv_1_cap._1_cap.inc._1.json
Td,Serum_Institute,3,1,1.0,5,0.0,1,10,5,1,1,1,1,MVP_DE_results_T_10_delta_5_scen_1_trial_1_inv_1_cap._1_cap.inc._1.json
Td,Serum_Institute,3,1,1.0,4,0.0,1,10,5,1,1,1,1,MVP_DE_results_T_10_delta_5_scen_1_trial_1_inv_1_cap._1_cap.inc._1.json
Td,Serum_Institute,3,1,1.0,6,0.0,1,10,5,1,1,1,1,MVP_DE_results_T_10_delta_5_scen_1_trial_1_inv_1_cap._1_cap.inc._1.json
Td,Serum_Institute,3,1,1.0,7,0.0,1,10,5,1,1,1,1,MVP_DE_results_T_10_delta_5_scen_1_trial_1_inv_1_cap._1_cap.inc._1.json
Td,Serum_Institute,3,1,1.0,3,0.0,1,10,5,1,1,1,1,MVP_DE_results_T_10_delta_5_scen_1_trial_1_inv_1_cap._1_cap.inc._1.json
Td,Serum_Institute,3,2,0.0,5,0.0,1,10,5,1,1,1,1,MVP_DE_results_T_10_delta_5_scen_1_trial_1_inv_1_cap._1_cap.inc._1.json
Td,Serum_Institute,3,2,0.0,4,0.0,1,10,5,1,1,1,1,MVP_DE_results_T_10_delta_5_scen_1_trial_1_inv_1_cap._1_cap.inc._1.json
Td,Serum_Institute,3,2,0.0,6,0.0,1,10,5,1,1,1,1,MVP_DE_results_T_10_delta_5_scen_1_trial_1_inv_1_cap._1_cap.inc._1.json
Td,Serum_Institute,3,2,0.0,7,0.0,1,10,5,1,1,1,1,MVP_DE_results_T_10_delta_5_scen_1_trial_1_inv_1_cap._1_cap.inc._1.json
Td,Serum_Institute,3,2,0.0,3,0.0,1,10,5,1,1,1,1,MVP_DE_results_T_10_delta_5_scen_1_trial_1_inv_1_cap._1_cap.inc._1.json
Td,Serum_Institute,4,1,1.0,5,0.0,1,10,5,1,1,1,1,MVP_DE_results_T_10_delta_5_scen_1_trial_1_inv_1_cap._1_cap.inc._1.json
Td,Serum_Institute,4,1,1.0,4,0.0,1,10,5,1,1,1,1,MVP_DE_results_T_10_delta_5_scen_1_trial_1_inv_1_cap._1_cap.inc._1.json
Td,Serum_Institute,4,1,1.0,6,0.0,1,10,5,1,1,1,1,MVP_DE_results_T_10_delta_5_scen_1_trial_1_inv_1_cap._1_cap.inc._1.json
Td,Serum_Institute,4,1,1.0,7,0.0,1,10,5,1,1,1,1,MVP_DE_results_T_10_delta_5_scen_1_trial_1_inv_1_cap._1_cap.inc._1.json
Td,Serum_Institute,4,1,1.0,8,0.0,1,10,5,1,1,1,1,MVP_DE_results_T_10_delta_5_scen_1_trial_1_inv_1_cap._1_cap.inc._1.json
Td,Serum_Institute,4,2,0.0,5,0.0,1,10,5,1,1,1,1,MVP_DE_results_T_10_delta_5_scen_1_trial_1_inv_1_cap._1_cap.inc._1.json
Td,Serum_Institute,4,2,0.0,4,0.0,1,10,5,1,1,1,1,MVP_DE_results_T_10_delta_5_scen_1_trial_1_inv_1_cap._1_cap.inc._1.json
Td,Serum_Institute,4,2,0.0,6,0.0,1,10,5,1,1,1,1,MVP_DE_results_T_10_delta_5_scen_1_trial_1_inv_1_cap._1_cap.inc._1.json
Td,Serum_Institute,4,2,0.0,7,0.0,1,10,5,1,1,1,1,MVP_DE_results_T_10_delta_5_scen_1_trial_1_inv_1_cap._1_cap.inc._1.json
Td,Serum_Institute,4,2,0.0,8,0.0,1,10,5,1,1,1,1,MVP_DE_results_T_10_delta_5_scen_1_trial_1_inv_1_cap._1_cap.inc._1.json
Td,Serum_Institute,5,1,1.0,5,0.0,1,10,5,1,1,1,1,MVP_DE_results_T_10_delta_5_scen_1_trial_1_inv_1_cap._1_cap.inc._1.json
Td,Serum_Institute,5,1,1.0,6,0.0,1,10,5,1,1,1,1,MVP_DE_results_T_10_delta_5_scen_1_trial_1_inv_1_cap._1_cap.inc._1.json
Td,Serum_Institute,5,1,1.0,7,0.0,1,10,5,1,1,1,1,MVP_DE_results_T_10_delta_5_scen_1_trial_1_inv_1_cap._1_cap.inc._1.json
Td,Serum_Institute,5,1,1.0,9,0.0,1,10,5,1,1,1,1,MVP_DE_results_T_10_delta_5_scen_1_trial_1_inv_1_cap._1_cap.inc._1.json
Td,Serum_Institute,5,1,1.0,8,0.0,1,10,5,1,1,1,1,MVP_DE_results_T_10_delta_5_scen_1_trial_1_inv_1_cap._1_cap.inc._1.json
Td,Serum_Institute,5,2,0.0,5,0.0,1,10,5,1,1,1,1,MVP_DE_results_T_10_delta_5_scen_1_trial_1_inv_1_cap._1_cap.inc._1.json
Td,Serum_Institute,5,2,0.0,6,0.0,1,10,5,1,1,1,1,MVP_DE_results_T_10_delta_5_scen_1_trial_1_inv_1_cap._1_cap.inc._1.json
Td,Serum_Institute,5,2,0.0,7,0.0,1,10,5,1,1,1,1,MVP_DE_results_T_10_delta_5_scen_1_trial_1_inv_1_cap._1_cap.inc._1.json
Td,Serum_Institute,5,2,0.0,9,0.0,1,10,5,1,1,1,1,MVP_DE_results_T_10_delta_5_scen_1_trial_1_inv_1_cap._1_cap.inc._1.json
Td,Serum_Institute,5,2,0.0,8,0.0,1,10,5,1,1,1,1,MVP_DE_results_T_10_delta_5_scen_1_trial_1_inv_1_cap._1_cap.inc._1.json
Td,Serum_Institute,6,1,1.0,6,0.0,1,10,5,1,1,1,1,MVP_DE_results_T_10_delta_5_scen_1_trial_1_inv_1_cap._1_cap.inc._1.json
Td,Serum_Institute,6,1,1.0,7,0.0,1,10,5,1,1,1,1,MVP_DE_results_T_10_delta_5_scen_1_trial_1_inv_1_cap._1_cap.inc._1.json
Td,Serum_Institute,6,1,1.0,10,0.0,1,10,5,1,1,1,1,MVP_DE_results_T_10_delta_5_scen_1_trial_1_inv_1_cap._1_cap.inc._1.json
Td,Serum_Institute,6,1,1.0,9,0.0,1,10,5,1,1,1,1,MVP_DE_results_T_10_delta_5_scen_1_trial_1_inv_1_cap._1_cap.inc._1.json
Td,Serum_Institute,6,1,1.0,8,0.0,1,10,5,1,1,1,1,MVP_DE_results_T_10_delta_5_scen_1_trial_1_inv_1_cap._1_cap.inc._1.json
Td,Serum_Institute,6,2,0.0,6,0.0,1,10,5,1,1,1,1,MVP_DE_results_T_10_delta_5_scen_1_trial_1_inv_1_cap._1_cap.inc._1.json
Td,Serum_Institute,6,2,0.0,7,0.0,1,10,5,1,1,1,1,MVP_DE_results_T_10_delta_5_scen_1_trial_1_inv_1_cap._1_cap.inc._1.json
Td,Serum_Institute,6,2,0.0,10,0.0,1,10,5,1,1,1,1,MVP_DE_results_T_10_delta_5_scen_1_trial_1_inv_1_cap._1_cap.inc._1.json
Td,Serum_Institute,6,2,0.0,9,0.0,1,10,5,1,1,1,1,MVP_DE_results_T_10_delta_5_scen_1_trial_1_inv_1_cap._1_cap.inc._1.json
Td,Serum_Institute,6,2,0.0,8,0.0,1,10,5,1,1,1,1,MVP_DE_results_T_10_delta_5_scen_1_trial_1_inv_1_cap._1_cap.inc._1.json
Td,Serum_Institute,7,1,1.0,7,0.0,1,10,5,1,1,1,1,MVP_DE_results_T_10_delta_5_scen_1_trial_1_inv_1_cap._1_cap.inc._1.json
Td,Serum_Institute,7,1,1.0,10,10402.0,1,10,5,1,1,1,1,MVP_DE_results_T_10_delta_5_scen_1_trial_1_inv_1_cap._1_cap.inc._1.json
Td,Serum_Institute,7,1,1.0,9,5201.0,1,10,5,1,1,1,1,MVP_DE_results_T_10_delta_5_scen_1_trial_1_inv_1_cap._1_cap.inc._1.json
Td,Serum_Institute,7,1,1.0,8,0.0,1,10,5,1,1,1,1,MVP_DE_results_T_10_delta_5_scen_1_trial_1_inv_1_cap._1_cap.inc._1.json
Td,Serum_Institute,7,2,0.0,7,0.0,1,10,5,1,1,1,1,MVP_DE_results_T_10_delta_5_scen_1_trial_1_inv_1_cap._1_cap.inc._1.json
Td,Serum_Institute,7,2,0.0,10,0.0,1,10,5,1,1,1,1,MVP_DE_results_T_10_delta_5_scen_1_trial_1_inv_1_cap._1_cap.inc._1.json
Td,Serum_Institute,7,2,0.0,9,0.0,1,10,5,1,1,1,1,MVP_DE_results_T_10_delta_5_scen_1_trial_1_inv_1_cap._1_cap.inc._1.json
Td,Serum_Institute,7,2,0.0,8,0.0,1,10,5,1,1,1,1,MVP_DE_results_T_10_delta_5_scen_1_trial_1_inv_1_cap._1_cap.inc._1.json
Td,Serum_Institute,8,1,1.0,10,0.0,1,10,5,1,1,1,1,MVP_DE_results_T_10_delta_5_scen_1_trial_1_inv_1_cap._1_cap.inc._1.json
Td,Serum_Institute,8,1,1.0,9,5201.0,1,10,5,1,1,1,1,MVP_DE_results_T_10_delta_5_scen_1_trial_1_inv_1_cap._1_cap.inc._1.json
Td,Serum_Institute,8,1,1.0,8,0.0,1,10,5,1,1,1,1,MVP_DE_results_T_10_delta_5_scen_1_trial_1_inv_1_cap._1_cap.inc._1.json
Td,Serum_Institute,8,2,0.0,10,0.0,1,10,5,1,1,1,1,MVP_DE_results_T_10_delta_5_scen_1_trial_1_inv_1_cap._1_cap.inc._1.json
Td,Serum_Institute,8,2,0.0,9,0.0,1,10,5,1,1,1,1,MVP_DE_results_T_10_delta_5_scen_1_trial_1_inv_1_cap._1_cap.inc._1.json
Td,Serum_Institute,8,2,0.0,8,0.0,1,10,5,1,1,1,1,MVP_DE_results_T_10_delta_5_scen_1_trial_1_inv_1_cap._1_cap.inc._1.json
Td,Serum_Institute,9,1,1.0,10,10402.0,1,10,5,1,1,1,1,MVP_DE_results_T_10_delta_5_scen_1_trial_1_inv_1_cap._1_cap.inc._1.json
Td,Serum_Institute,9,1,1.0,9,5201.0,1,10,5,1,1,1,1,MVP_DE_results_T_10_delta_5_scen_1_trial_1_inv_1_cap._1_cap.inc._1.json
Td,Serum_Institute,9,2,0.0,10,0.0,1,10,5,1,1,1,1,MVP_DE_results_T_10_delta_5_scen_1_trial_1_inv_1_cap._1_cap.inc._1.json
Td,Serum_Institute,9,2,0.0,9,0.0,1,10,5,1,1,1,1,MVP_DE_results_T_10_delta_5_scen_1_trial_1_inv_1_cap._1_cap.inc._1.json
Td,Serum_Institute,10,1,1.0,10,5201.0,1,10,5,1,1,1,1,MVP_DE_results_T_10_delta_5_scen_1_trial_1_inv_1_cap._1_cap.inc._1.json
Td,Serum_Institute,10,2,0.0,10,0.0,1,10,5,1,1,1,1,MVP_DE_results_T_10_delta_5_scen_1_trial_1_inv_1_cap._1_cap.inc._1.json
