unit,values,type,pair_idx,pair,pair_probability
Diphtheria,"[670487400 735223400 677717200 802467500 967639900 1081033700 1100762400
 1063053300 2147483648 1209481000]",antigen,1,Demand: 4 - Capacity: base_capacity,0.1077504
HPV,"[30334800 35937000 39631100 46530800 51332300 61773100 70626000 77523300
 90316100 96557800]",antigen,1,Demand: 4 - Capacity: base_capacity,0.1077504
Hepatitis_B,"[370407500 444508300 399556600 426122800 423485500 418566300 307698900
 354228100 613698000 433404100]",antigen,1,Demand: 4 - Capacity: base_capacity,0.1077504
Hib,"[281761500 293066700 346902200 330750100 358004200 351235200 328019400
 360224500 420677000 368138300]",antigen,1,Demand: 4 - Capacity: base_capacity,0.1077504
Measles,"[353668900 489897600 638311200 403718000 676101000 661328300 1003061300
 815416800 1187197600 547798800]",antigen,1,Demand: 4 - Capacity: base_capacity,0.1077504
Mumps,"[25649100 28849400 39045200 39722700 36402400 27034800 45075800 60712500
 54612500 29676400]",antigen,1,Demand: 4 - Capacity: base_capacity,0.1077504
PCV,"[211790700 226310500 305294700 272866400 319420400 420952100 428136200
 287020700 528636500 318672000]",antigen,1,Demand: 4 - Capacity: base_capacity,0.1077504
Pertussis,"[351095500 342628700 356906100 342541800 348739500 360337100 381747400
 376965100 330916900 258759400]",antigen,1,Demand: 4 - Capacity: base_capacity,0.1077504
Polio,"[614187100 654523900 665289500 726314000 767137300 824302900 825918000
 838587200 825905500 1162269500]",antigen,1,Demand: 4 - Capacity: base_capacity,0.1077504
Rotavirus,"[209202600 181239300 315516000 294039300 257511300 381815400 479180500
 492327200 991227200 307926400]",antigen,1,Demand: 4 - Capacity: base_capacity,0.1077504
Rubella,"[337697800 430499200 284148500 402899500 427746000 632589800 549036000
 518741000 566111500 368942400]",antigen,1,Demand: 4 - Capacity: base_capacity,0.1077504
Tetanus,"[615261700 628073100 584840600 659296500 664099600 698020100 751701100
 551029500 767677700 776856700]",antigen,1,Demand: 4 - Capacity: base_capacity,0.1077504
AJ_Vaccines,"[7711003.0, 7711003.0, 7711003.0, 7711003.0, 7711003.0, 7711003.0, 7711003.0, 7711003.0, 7711003.0, 7711003.0]",manufacturer,1,Demand: 4 - Capacity: base_capacity,0.1077504
BB_NCIPD,"[39223956.0, 39223956.0, 39223956.0, 39223956.0, 39223956.0, 39223956.0, 39223956.0, 39223956.0, 39223956.0, 39223956.0]",manufacturer,1,Demand: 4 - Capacity: base_capacity,0.1077504
Bharat_Biotech,"[61029105.0, 61029105.0, 61029105.0, 61029105.0, 61029105.0, 61029105.0, 61029105.0, 61029105.0, 61029105.0, 61029105.0]",manufacturer,1,Demand: 4 - Capacity: base_capacity,0.1077504
Bilthoven,"[12048153.0, 12048153.0, 12048153.0, 12048153.0, 12048153.0, 12048153.0, 12048153.0, 12048153.0, 12048153.0, 12048153.0]",manufacturer,1,Demand: 4 - Capacity: base_capacity,0.1077504
Biological_E,"[164885690.0, 164885690.0, 164885690.0, 164885690.0, 164885690.0, 164885690.0, 164885690.0, 164885690.0, 164885690.0, 164885690.0]",manufacturer,1,Demand: 4 - Capacity: base_capacity,0.1077504
China_National,"[12812242.0, 12812242.0, 12812242.0, 12812242.0, 12812242.0, 12812242.0, 12812242.0, 12812242.0, 12812242.0, 12812242.0]",manufacturer,1,Demand: 4 - Capacity: base_capacity,0.1077504
GSK,"[226762686.0, 226762686.0, 226762686.0, 226762686.0, 226762686.0, 226762686.0, 226762686.0, 226762686.0, 226762686.0, 226762686.0]",manufacturer,1,Demand: 4 - Capacity: base_capacity,0.1077504
Haffkine_Bio,"[80972855.0, 80972855.0, 80972855.0, 80972855.0, 80972855.0, 80972855.0, 80972855.0, 80972855.0, 80972855.0, 80972855.0]",manufacturer,1,Demand: 4 - Capacity: base_capacity,0.1077504
LG_Chem,"[43702188.0, 43702188.0, 43702188.0, 43702188.0, 43702188.0, 43702188.0, 43702188.0, 43702188.0, 43702188.0, 43702188.0]",manufacturer,1,Demand: 4 - Capacity: base_capacity,0.1077504
Merck_Sharp,"[56991052.0, 56991052.0, 56991052.0, 56991052.0, 56991052.0, 56991052.0, 56991052.0, 56991052.0, 56991052.0, 56991052.0]",manufacturer,1,Demand: 4 - Capacity: base_capacity,0.1077504
PT_Bio,"[45911731.0, 45911731.0, 45911731.0, 45911731.0, 45911731.0, 45911731.0, 45911731.0, 45911731.0, 45911731.0, 45911731.0]",manufacturer,1,Demand: 4 - Capacity: base_capacity,0.1077504
Panacea_Biotec,"[10874165.0, 10874165.0, 10874165.0, 10874165.0, 10874165.0, 10874165.0, 10874165.0, 10874165.0, 10874165.0, 10874165.0]",manufacturer,1,Demand: 4 - Capacity: base_capacity,0.1077504
Pfizer,"[83916974.0, 83916974.0, 83916974.0, 83916974.0, 83916974.0, 83916974.0, 83916974.0, 83916974.0, 83916974.0, 83916974.0]",manufacturer,1,Demand: 4 - Capacity: base_capacity,0.1077504
Sanofi,"[87429432.0, 87429432.0, 87429432.0, 87429432.0, 87429432.0, 87429432.0, 87429432.0, 87429432.0, 87429432.0, 87429432.0]",manufacturer,1,Demand: 4 - Capacity: base_capacity,0.1077504
Serum_Institute,"[587114096.0, 587114096.0, 587114096.0, 587114096.0, 587114096.0, 587114096.0, 587114096.0, 587114096.0, 587114096.0, 587114096.0]",manufacturer,1,Demand: 4 - Capacity: base_capacity,0.1077504
Diphtheria,"[698092700 777470800 820389200 835304100 942971100 833464100 1345958700
 1491305500 1224775600 2147483648]",antigen,2,Demand: 3 - Capacity: base_capacity,0.2542236
HPV,"[28964500 35811700 38689000 46939600 51718400 58695200 66608700 67270900
 90442800 82309200]",antigen,2,Demand: 3 - Capacity: base_capacity,0.2542236
Hepatitis_B,"[367794100 400191400 379740400 437196300 360947900 378720600 362889600
 417680100 270106000 367548300]",antigen,2,Demand: 3 - Capacity: base_capacity,0.2542236
Hib,"[316433200 302792900 339239700 342566800 332089500 350984400 383264800
 392851900 363416400 425222700]",antigen,2,Demand: 3 - Capacity: base_capacity,0.2542236
Measles,"[463676600 570622500 454167100 806025900 848281600 705620500 761611500
 677237400 823511600 633617500]",antigen,2,Demand: 3 - Capacity: base_capacity,0.2542236
Mumps,"[23093500 24442800 27787300 44732600 31925200 33114600 54943500 65230000
 78861900 67219600]",antigen,2,Demand: 3 - Capacity: base_capacity,0.2542236
PCV,"[228140100 293972900 280196100 344667600 315166900 378101600 402441200
 580352000 312482300 334129000]",antigen,2,Demand: 3 - Capacity: base_capacity,0.2542236
Pertussis,"[364692000 345936400 359926400 368572400 330632300 357802900 369397300
 295244400 427464000 371042600]",antigen,2,Demand: 3 - Capacity: base_capacity,0.2542236
Polio,"[603345500 655574500 694963800 708181800 677996900 840687100 808107400
 861154600 1059663600 980287300]",antigen,2,Demand: 3 - Capacity: base_capacity,0.2542236
Rotavirus,"[157053900 184442900 251870200 182109400 303972700 302459400 413883000
 550021000 455392700 284730800]",antigen,2,Demand: 3 - Capacity: base_capacity,0.2542236
Rubella,"[407188800 390935900 580177400 403616000 489912100 721479200 587356700
 522360700 605891600 1007629000]",antigen,2,Demand: 3 - Capacity: base_capacity,0.2542236
Tetanus,"[615050500 621090700 637994400 671745700 776966300 708346100 703875400
 749080900 712086700 690684800]",antigen,2,Demand: 3 - Capacity: base_capacity,0.2542236
AJ_Vaccines,"[7711003.0, 7711003.0, 7711003.0, 7711003.0, 7711003.0, 7711003.0, 7711003.0, 7711003.0, 7711003.0, 7711003.0]",manufacturer,2,Demand: 3 - Capacity: base_capacity,0.2542236
BB_NCIPD,"[39223956.0, 39223956.0, 39223956.0, 39223956.0, 39223956.0, 39223956.0, 39223956.0, 39223956.0, 39223956.0, 39223956.0]",manufacturer,2,Demand: 3 - Capacity: base_capacity,0.2542236
Bharat_Biotech,"[61029105.0, 61029105.0, 61029105.0, 61029105.0, 61029105.0, 61029105.0, 61029105.0, 61029105.0, 61029105.0, 61029105.0]",manufacturer,2,Demand: 3 - Capacity: base_capacity,0.2542236
Bilthoven,"[12048153.0, 12048153.0, 12048153.0, 12048153.0, 12048153.0, 12048153.0, 12048153.0, 12048153.0, 12048153.0, 12048153.0]",manufacturer,2,Demand: 3 - Capacity: base_capacity,0.2542236
Biological_E,"[164885690.0, 164885690.0, 164885690.0, 164885690.0, 164885690.0, 164885690.0, 164885690.0, 164885690.0, 164885690.0, 164885690.0]",manufacturer,2,Demand: 3 - Capacity: base_capacity,0.2542236
China_National,"[12812242.0, 12812242.0, 12812242.0, 12812242.0, 12812242.0, 12812242.0, 12812242.0, 12812242.0, 12812242.0, 12812242.0]",manufacturer,2,Demand: 3 - Capacity: base_capacity,0.2542236
GSK,"[226762686.0, 226762686.0, 226762686.0, 226762686.0, 226762686.0, 226762686.0, 226762686.0, 226762686.0, 226762686.0, 226762686.0]",manufacturer,2,Demand: 3 - Capacity: base_capacity,0.2542236
Haffkine_Bio,"[80972855.0, 80972855.0, 80972855.0, 80972855.0, 80972855.0, 80972855.0, 80972855.0, 80972855.0, 80972855.0, 80972855.0]",manufacturer,2,Demand: 3 - Capacity: base_capacity,0.2542236
LG_Chem,"[43702188.0, 43702188.0, 43702188.0, 43702188.0, 43702188.0, 43702188.0, 43702188.0, 43702188.0, 43702188.0, 43702188.0]",manufacturer,2,Demand: 3 - Capacity: base_capacity,0.2542236
Merck_Sharp,"[56991052.0, 56991052.0, 56991052.0, 56991052.0, 56991052.0, 56991052.0, 56991052.0, 56991052.0, 56991052.0, 56991052.0]",manufacturer,2,Demand: 3 - Capacity: base_capacity,0.2542236
PT_Bio,"[45911731.0, 45911731.0, 45911731.0, 45911731.0, 45911731.0, 45911731.0, 45911731.0, 45911731.0, 45911731.0, 45911731.0]",manufacturer,2,Demand: 3 - Capacity: base_capacity,0.2542236
Panacea_Biotec,"[10874165.0, 10874165.0, 10874165.0, 10874165.0, 10874165.0, 10874165.0, 10874165.0, 10874165.0, 10874165.0, 10874165.0]",manufacturer,2,Demand: 3 - Capacity: base_capacity,0.2542236
Pfizer,"[83916974.0, 83916974.0, 83916974.0, 83916974.0, 83916974.0, 83916974.0, 83916974.0, 83916974.0, 83916974.0, 83916974.0]",manufacturer,2,Demand: 3 - Capacity: base_capacity,0.2542236
Sanofi,"[87429432.0, 87429432.0, 87429432.0, 87429432.0, 87429432.0, 87429432.0, 87429432.0, 87429432.0, 87429432.0, 87429432.0]",manufacturer,2,Demand: 3 - Capacity: base_capacity,0.2542236
Serum_Institute,"[587114096.0, 587114096.0, 587114096.0, 587114096.0, 587114096.0, 587114096.0, 587114096.0, 587114096.0, 587114096.0, 587114096.0]",manufacturer,2,Demand: 3 - Capacity: base_capacity,0.2542236
Diphtheria,"[581444300 522983000 801296600 736455500 916074700 1022240500 1063939700
 1058865900 1526287500 1601795000]",antigen,3,Demand: 5 - Capacity: base_capacity,0.3148332000000001
HPV,"[30633600 37216400 42703400 48271500 52131400 55329100 66802400 74145900
 74147500 78883700]",antigen,3,Demand: 5 - Capacity: base_capacity,0.3148332000000001
Hepatitis_B,"[415970900 388180600 350262100 375166800 420410400 487360500 434906700
 467342200 409724600 533443100]",antigen,3,Demand: 5 - Capacity: base_capacity,0.3148332000000001
Hib,"[299433200 287933700 348688600 338043300 377829100 364540600 382140000
 399816100 426025300 454071000]",antigen,3,Demand: 5 - Capacity: base_capacity,0.3148332000000001
Measles,"[570665100 559310700 614308200 543124700 687344900 579170800 1053447000
 690158000 330757900 1120540100]",antigen,3,Demand: 5 - Capacity: base_capacity,0.3148332000000001
Mumps,"[29915900 42880800 32573500 30876900 54989500 41453200 38535600 66882700
 69737100 96361100]",antigen,3,Demand: 5 - Capacity: base_capacity,0.3148332000000001
PCV,"[222556200 268654200 273946800 321722700 444595800 369710800 381844400
 455529100 470730400 902895300]",antigen,3,Demand: 5 - Capacity: base_capacity,0.3148332000000001
Pertussis,"[360214500 360608200 378381300 414326900 340761600 341426400 390099300
 424364000 451424300 392313700]",antigen,3,Demand: 5 - Capacity: base_capacity,0.3148332000000001
Polio,"[652386500 643240100 574863000 726677800 753423000 877586600 739684000
 803043500 849221900 738018800]",antigen,3,Demand: 5 - Capacity: base_capacity,0.3148332000000001
Rotavirus,"[206578800 244793900 275584600 265721000 139046400 355831000 449939800
 601532300 804202600 1278199400]",antigen,3,Demand: 5 - Capacity: base_capacity,0.3148332000000001
Rubella,"[408826200 494397000 495553000 584674400 458533300 615968200 607172500
 957920600 1168859200 578260000]",antigen,3,Demand: 5 - Capacity: base_capacity,0.3148332000000001
Tetanus,"[665307800 615563200 655205600 718497200 629880900 631721600 684434000
 624472400 706152200 551363400]",antigen,3,Demand: 5 - Capacity: base_capacity,0.3148332000000001
AJ_Vaccines,"[7711003.0, 7711003.0, 7711003.0, 7711003.0, 7711003.0, 7711003.0, 7711003.0, 7711003.0, 7711003.0, 7711003.0]",manufacturer,3,Demand: 5 - Capacity: base_capacity,0.3148332000000001
BB_NCIPD,"[39223956.0, 39223956.0, 39223956.0, 39223956.0, 39223956.0, 39223956.0, 39223956.0, 39223956.0, 39223956.0, 39223956.0]",manufacturer,3,Demand: 5 - Capacity: base_capacity,0.3148332000000001
Bharat_Biotech,"[61029105.0, 61029105.0, 61029105.0, 61029105.0, 61029105.0, 61029105.0, 61029105.0, 61029105.0, 61029105.0, 61029105.0]",manufacturer,3,Demand: 5 - Capacity: base_capacity,0.3148332000000001
Bilthoven,"[12048153.0, 12048153.0, 12048153.0, 12048153.0, 12048153.0, 12048153.0, 12048153.0, 12048153.0, 12048153.0, 12048153.0]",manufacturer,3,Demand: 5 - Capacity: base_capacity,0.3148332000000001
Biological_E,"[164885690.0, 164885690.0, 164885690.0, 164885690.0, 164885690.0, 164885690.0, 164885690.0, 164885690.0, 164885690.0, 164885690.0]",manufacturer,3,Demand: 5 - Capacity: base_capacity,0.3148332000000001
China_National,"[12812242.0, 12812242.0, 12812242.0, 12812242.0, 12812242.0, 12812242.0, 12812242.0, 12812242.0, 12812242.0, 12812242.0]",manufacturer,3,Demand: 5 - Capacity: base_capacity,0.3148332000000001
GSK,"[226762686.0, 226762686.0, 226762686.0, 226762686.0, 226762686.0, 226762686.0, 226762686.0, 226762686.0, 226762686.0, 226762686.0]",manufacturer,3,Demand: 5 - Capacity: base_capacity,0.3148332000000001
Haffkine_Bio,"[80972855.0, 80972855.0, 80972855.0, 80972855.0, 80972855.0, 80972855.0, 80972855.0, 80972855.0, 80972855.0, 80972855.0]",manufacturer,3,Demand: 5 - Capacity: base_capacity,0.3148332000000001
LG_Chem,"[43702188.0, 43702188.0, 43702188.0, 43702188.0, 43702188.0, 43702188.0, 43702188.0, 43702188.0, 43702188.0, 43702188.0]",manufacturer,3,Demand: 5 - Capacity: base_capacity,0.3148332000000001
Merck_Sharp,"[56991052.0, 56991052.0, 56991052.0, 56991052.0, 56991052.0, 56991052.0, 56991052.0, 56991052.0, 56991052.0, 56991052.0]",manufacturer,3,Demand: 5 - Capacity: base_capacity,0.3148332000000001
PT_Bio,"[45911731.0, 45911731.0, 45911731.0, 45911731.0, 45911731.0, 45911731.0, 45911731.0, 45911731.0, 45911731.0, 45911731.0]",manufacturer,3,Demand: 5 - Capacity: base_capacity,0.3148332000000001
Panacea_Biotec,"[10874165.0, 10874165.0, 10874165.0, 10874165.0, 10874165.0, 10874165.0, 10874165.0, 10874165.0, 10874165.0, 10874165.0]",manufacturer,3,Demand: 5 - Capacity: base_capacity,0.3148332000000001
Pfizer,"[83916974.0, 83916974.0, 83916974.0, 83916974.0, 83916974.0, 83916974.0, 83916974.0, 83916974.0, 83916974.0, 83916974.0]",manufacturer,3,Demand: 5 - Capacity: base_capacity,0.3148332000000001
Sanofi,"[87429432.0, 87429432.0, 87429432.0, 87429432.0, 87429432.0, 87429432.0, 87429432.0, 87429432.0, 87429432.0, 87429432.0]",manufacturer,3,Demand: 5 - Capacity: base_capacity,0.3148332000000001
Serum_Institute,"[587114096.0, 587114096.0, 587114096.0, 587114096.0, 587114096.0, 587114096.0, 587114096.0, 587114096.0, 587114096.0, 587114096.0]",manufacturer,3,Demand: 5 - Capacity: base_capacity,0.3148332000000001
Diphtheria,"[711050900 679613900 917355100 836818100 746278900 922058400 1426859000
 1175127700 973057200 683673500]",antigen,4,Demand: 2 - Capacity: base_capacity,0.1077504
HPV,"[29266600 35276000 39728900 46412200 53476900 58358000 66330900 72908300
 75298300 90917800]",antigen,4,Demand: 2 - Capacity: base_capacity,0.1077504
Hepatitis_B,"[313064100 382531200 437092100 429619500 393742900 369097400 442800200
 528674500 443817200 451808800]",antigen,4,Demand: 2 - Capacity: base_capacity,0.1077504
Hib,"[286677800 306061700 285422200 361438000 341935900 360397500 372502800
 382097300 409937600 418451200]",antigen,4,Demand: 2 - Capacity: base_capacity,0.1077504
Measles,"[518619900 375746400 398902700 542762500 713609600 811118000 736873900
 888747300 907113900 1156756300]",antigen,4,Demand: 2 - Capacity: base_capacity,0.1077504
Mumps,"[30963300 26656000 28518400 31697300 36449300 57974700 42272200 43307200
 42762600 62740800]",antigen,4,Demand: 2 - Capacity: base_capacity,0.1077504
PCV,"[230807600 252874000 253518100 358761500 378449000 338860200 414534900
 389114800 490285100 600132100]",antigen,4,Demand: 2 - Capacity: base_capacity,0.1077504
Pertussis,"[377184400 390393100 371773400 340315800 366275200 384359400 367113300
 405201700 364753200 404717500]",antigen,4,Demand: 2 - Capacity: base_capacity,0.1077504
Polio,"[608569400 624020000 553923300 730725000 729740400 776213400 853164200
 874966100 822064900 926389900]",antigen,4,Demand: 2 - Capacity: base_capacity,0.1077504
Rotavirus,"[202102100 155841000 236069900 312315400 307625200 297413300 443961600
 554686000 622167600 824016700]",antigen,4,Demand: 2 - Capacity: base_capacity,0.1077504
Rubella,"[325694200 395129200 347429400 601371100 523107200 513020400 709081300
 680422400 789246000 777607700]",antigen,4,Demand: 2 - Capacity: base_capacity,0.1077504
Tetanus,"[663050300 640523300 688976600 667612000 592749800 672927700 695883700
 735641400 733819100 737757700]",antigen,4,Demand: 2 - Capacity: base_capacity,0.1077504
AJ_Vaccines,"[7711003.0, 7711003.0, 7711003.0, 7711003.0, 7711003.0, 7711003.0, 7711003.0, 7711003.0, 7711003.0, 7711003.0]",manufacturer,4,Demand: 2 - Capacity: base_capacity,0.1077504
BB_NCIPD,"[39223956.0, 39223956.0, 39223956.0, 39223956.0, 39223956.0, 39223956.0, 39223956.0, 39223956.0, 39223956.0, 39223956.0]",manufacturer,4,Demand: 2 - Capacity: base_capacity,0.1077504
Bharat_Biotech,"[61029105.0, 61029105.0, 61029105.0, 61029105.0, 61029105.0, 61029105.0, 61029105.0, 61029105.0, 61029105.0, 61029105.0]",manufacturer,4,Demand: 2 - Capacity: base_capacity,0.1077504
Bilthoven,"[12048153.0, 12048153.0, 12048153.0, 12048153.0, 12048153.0, 12048153.0, 12048153.0, 12048153.0, 12048153.0, 12048153.0]",manufacturer,4,Demand: 2 - Capacity: base_capacity,0.1077504
Biological_E,"[164885690.0, 164885690.0, 164885690.0, 164885690.0, 164885690.0, 164885690.0, 164885690.0, 164885690.0, 164885690.0, 164885690.0]",manufacturer,4,Demand: 2 - Capacity: base_capacity,0.1077504
China_National,"[12812242.0, 12812242.0, 12812242.0, 12812242.0, 12812242.0, 12812242.0, 12812242.0, 12812242.0, 12812242.0, 12812242.0]",manufacturer,4,Demand: 2 - Capacity: base_capacity,0.1077504
GSK,"[226762686.0, 226762686.0, 226762686.0, 226762686.0, 226762686.0, 226762686.0, 226762686.0, 226762686.0, 226762686.0, 226762686.0]",manufacturer,4,Demand: 2 - Capacity: base_capacity,0.1077504
Haffkine_Bio,"[80972855.0, 80972855.0, 80972855.0, 80972855.0, 80972855.0, 80972855.0, 80972855.0, 80972855.0, 80972855.0, 80972855.0]",manufacturer,4,Demand: 2 - Capacity: base_capacity,0.1077504
LG_Chem,"[43702188.0, 43702188.0, 43702188.0, 43702188.0, 43702188.0, 43702188.0, 43702188.0, 43702188.0, 43702188.0, 43702188.0]",manufacturer,4,Demand: 2 - Capacity: base_capacity,0.1077504
Merck_Sharp,"[56991052.0, 56991052.0, 56991052.0, 56991052.0, 56991052.0, 56991052.0, 56991052.0, 56991052.0, 56991052.0, 56991052.0]",manufacturer,4,Demand: 2 - Capacity: base_capacity,0.1077504
PT_Bio,"[45911731.0, 45911731.0, 45911731.0, 45911731.0, 45911731.0, 45911731.0, 45911731.0, 45911731.0, 45911731.0, 45911731.0]",manufacturer,4,Demand: 2 - Capacity: base_capacity,0.1077504
Panacea_Biotec,"[10874165.0, 10874165.0, 10874165.0, 10874165.0, 10874165.0, 10874165.0, 10874165.0, 10874165.0, 10874165.0, 10874165.0]",manufacturer,4,Demand: 2 - Capacity: base_capacity,0.1077504
Pfizer,"[83916974.0, 83916974.0, 83916974.0, 83916974.0, 83916974.0, 83916974.0, 83916974.0, 83916974.0, 83916974.0, 83916974.0]",manufacturer,4,Demand: 2 - Capacity: base_capacity,0.1077504
Sanofi,"[87429432.0, 87429432.0, 87429432.0, 87429432.0, 87429432.0, 87429432.0, 87429432.0, 87429432.0, 87429432.0, 87429432.0]",manufacturer,4,Demand: 2 - Capacity: base_capacity,0.1077504
Serum_Institute,"[587114096.0, 587114096.0, 587114096.0, 587114096.0, 587114096.0, 587114096.0, 587114096.0, 587114096.0, 587114096.0, 587114096.0]",manufacturer,4,Demand: 2 - Capacity: base_capacity,0.1077504
Diphtheria,"[642408300 714535200 897608600 818289200 963049500 931640500 1276827300
 1526507500 2147483648 2147483648]",antigen,5,Demand: 6 - Capacity: base_capacity,0.057242400000000006
HPV,"[28844100 35384600 42445700 44137400 55775600 54943000 64653400 72277000
 81321500 102766700]",antigen,5,Demand: 6 - Capacity: base_capacity,0.057242400000000006
Hepatitis_B,"[328764400 338278000 363941200 315285800 361981700 391349300 380926800
 401354500 470964300 204941500]",antigen,5,Demand: 6 - Capacity: base_capacity,0.057242400000000006
Hib,"[297663600 313468700 307213300 325967900 368972100 378754000 392407500
 381970900 353894200 411595400]",antigen,5,Demand: 6 - Capacity: base_capacity,0.057242400000000006
Measles,"[400883100 581098000 627345300 601708900 527397400 648710700 499739400
 1430522900 749141400 792097600]",antigen,5,Demand: 6 - Capacity: base_capacity,0.057242400000000006
Mumps,"[31323900 40485900 35986200 32310500 28697000 35574100 70375000 18721800
 82701200 57528700]",antigen,5,Demand: 6 - Capacity: base_capacity,0.057242400000000006
PCV,"[234816000 261757300 283853300 311953200 374069800 348716700 337817600
 359541700 788352600 578695300]",antigen,5,Demand: 6 - Capacity: base_capacity,0.057242400000000006
Pertussis,"[345333400 352676200 337014400 374357900 361488700 347533000 394569400
 340491000 313930300 513941800]",antigen,5,Demand: 6 - Capacity: base_capacity,0.057242400000000006
Polio,"[640700600 707179300 727217300 720878200 794851900 569168400 909572600
 704333600 787577600 968494100]",antigen,5,Demand: 6 - Capacity: base_capacity,0.057242400000000006
Rotavirus,"[196024500 214933900 247486700 265032000 430765400 379173100 407748500
 688775600 312426900 685661900]",antigen,5,Demand: 6 - Capacity: base_capacity,0.057242400000000006
Rubella,"[325278800 358973400 356303700 539029100 536140700 565319100 538291600
 763453500 455207700 996210600]",antigen,5,Demand: 6 - Capacity: base_capacity,0.057242400000000006
Tetanus,"[628507500 638317000 667638500 690996300 672818600 751608200 594929900
 688270100 881382600 843943100]",antigen,5,Demand: 6 - Capacity: base_capacity,0.057242400000000006
AJ_Vaccines,"[7711003.0, 7711003.0, 7711003.0, 7711003.0, 7711003.0, 7711003.0, 7711003.0, 7711003.0, 7711003.0, 7711003.0]",manufacturer,5,Demand: 6 - Capacity: base_capacity,0.057242400000000006
BB_NCIPD,"[39223956.0, 39223956.0, 39223956.0, 39223956.0, 39223956.0, 39223956.0, 39223956.0, 39223956.0, 39223956.0, 39223956.0]",manufacturer,5,Demand: 6 - Capacity: base_capacity,0.057242400000000006
Bharat_Biotech,"[61029105.0, 61029105.0, 61029105.0, 61029105.0, 61029105.0, 61029105.0, 61029105.0, 61029105.0, 61029105.0, 61029105.0]",manufacturer,5,Demand: 6 - Capacity: base_capacity,0.057242400000000006
Bilthoven,"[12048153.0, 12048153.0, 12048153.0, 12048153.0, 12048153.0, 12048153.0, 12048153.0, 12048153.0, 12048153.0, 12048153.0]",manufacturer,5,Demand: 6 - Capacity: base_capacity,0.057242400000000006
Biological_E,"[164885690.0, 164885690.0, 164885690.0, 164885690.0, 164885690.0, 164885690.0, 164885690.0, 164885690.0, 164885690.0, 164885690.0]",manufacturer,5,Demand: 6 - Capacity: base_capacity,0.057242400000000006
China_National,"[12812242.0, 12812242.0, 12812242.0, 12812242.0, 12812242.0, 12812242.0, 12812242.0, 12812242.0, 12812242.0, 12812242.0]",manufacturer,5,Demand: 6 - Capacity: base_capacity,0.057242400000000006
GSK,"[226762686.0, 226762686.0, 226762686.0, 226762686.0, 226762686.0, 226762686.0, 226762686.0, 226762686.0, 226762686.0, 226762686.0]",manufacturer,5,Demand: 6 - Capacity: base_capacity,0.057242400000000006
Haffkine_Bio,"[80972855.0, 80972855.0, 80972855.0, 80972855.0, 80972855.0, 80972855.0, 80972855.0, 80972855.0, 80972855.0, 80972855.0]",manufacturer,5,Demand: 6 - Capacity: base_capacity,0.057242400000000006
LG_Chem,"[43702188.0, 43702188.0, 43702188.0, 43702188.0, 43702188.0, 43702188.0, 43702188.0, 43702188.0, 43702188.0, 43702188.0]",manufacturer,5,Demand: 6 - Capacity: base_capacity,0.057242400000000006
Merck_Sharp,"[56991052.0, 56991052.0, 56991052.0, 56991052.0, 56991052.0, 56991052.0, 56991052.0, 56991052.0, 56991052.0, 56991052.0]",manufacturer,5,Demand: 6 - Capacity: base_capacity,0.057242400000000006
PT_Bio,"[45911731.0, 45911731.0, 45911731.0, 45911731.0, 45911731.0, 45911731.0, 45911731.0, 45911731.0, 45911731.0, 45911731.0]",manufacturer,5,Demand: 6 - Capacity: base_capacity,0.057242400000000006
Panacea_Biotec,"[10874165.0, 10874165.0, 10874165.0, 10874165.0, 10874165.0, 10874165.0, 10874165.0, 10874165.0, 10874165.0, 10874165.0]",manufacturer,5,Demand: 6 - Capacity: base_capacity,0.057242400000000006
Pfizer,"[83916974.0, 83916974.0, 83916974.0, 83916974.0, 83916974.0, 83916974.0, 83916974.0, 83916974.0, 83916974.0, 83916974.0]",manufacturer,5,Demand: 6 - Capacity: base_capacity,0.057242400000000006
Sanofi,"[87429432.0, 87429432.0, 87429432.0, 87429432.0, 87429432.0, 87429432.0, 87429432.0, 87429432.0, 87429432.0, 87429432.0]",manufacturer,5,Demand: 6 - Capacity: base_capacity,0.057242400000000006
Serum_Institute,"[587114096.0, 587114096.0, 587114096.0, 587114096.0, 587114096.0, 587114096.0, 587114096.0, 587114096.0, 587114096.0, 587114096.0]",manufacturer,5,Demand: 6 - Capacity: base_capacity,0.057242400000000006
Diphtheria,"[711050900 679613900 917355100 836818100 746278900 922058400 1426859000
 1175127700 973057200 683673500]",antigen,6,Demand: 2 - Capacity: IPV_Shortage,0.0022144
HPV,"[29266600 35276000 39728900 46412200 53476900 58358000 66330900 72908300
 75298300 90917800]",antigen,6,Demand: 2 - Capacity: IPV_Shortage,0.0022144
Hepatitis_B,"[313064100 382531200 437092100 429619500 393742900 369097400 442800200
 528674500 443817200 451808800]",antigen,6,Demand: 2 - Capacity: IPV_Shortage,0.0022144
Hib,"[286677800 306061700 285422200 361438000 341935900 360397500 372502800
 382097300 409937600 418451200]",antigen,6,Demand: 2 - Capacity: IPV_Shortage,0.0022144
Measles,"[518619900 375746400 398902700 542762500 713609600 811118000 736873900
 888747300 907113900 1156756300]",antigen,6,Demand: 2 - Capacity: IPV_Shortage,0.0022144
Mumps,"[30963300 26656000 28518400 31697300 36449300 57974700 42272200 43307200
 42762600 62740800]",antigen,6,Demand: 2 - Capacity: IPV_Shortage,0.0022144
PCV,"[230807600 252874000 253518100 358761500 378449000 338860200 414534900
 389114800 490285100 600132100]",antigen,6,Demand: 2 - Capacity: IPV_Shortage,0.0022144
Pertussis,"[377184400 390393100 371773400 340315800 366275200 384359400 367113300
 405201700 364753200 404717500]",antigen,6,Demand: 2 - Capacity: IPV_Shortage,0.0022144
Polio,"[608569400 624020000 553923300 730725000 729740400 776213400 853164200
 874966100 822064900 926389900]",antigen,6,Demand: 2 - Capacity: IPV_Shortage,0.0022144
Rotavirus,"[202102100 155841000 236069900 312315400 307625200 297413300 443961600
 554686000 622167600 824016700]",antigen,6,Demand: 2 - Capacity: IPV_Shortage,0.0022144
Rubella,"[325694200 395129200 347429400 601371100 523107200 513020400 709081300
 680422400 789246000 777607700]",antigen,6,Demand: 2 - Capacity: IPV_Shortage,0.0022144
Tetanus,"[663050300 640523300 688976600 667612000 592749800 672927700 695883700
 735641400 733819100 737757700]",antigen,6,Demand: 2 - Capacity: IPV_Shortage,0.0022144
AJ_Vaccines,"[7711003.0, 7711003.0, 7094122.0, 6939902.0, 7479673.0, 7711003.0, 7711003.0, 7711003.0, 7711003.0, 7711003.0]",manufacturer,6,Demand: 2 - Capacity: IPV_Shortage,0.0022144
BB_NCIPD,"[39223956.0, 39223956.0, 39223956.0, 39223956.0, 39223956.0, 39223956.0, 39223956.0, 39223956.0, 39223956.0, 39223956.0]",manufacturer,6,Demand: 2 - Capacity: IPV_Shortage,0.0022144
Bharat_Biotech,"[61029105.0, 61029105.0, 61029105.0, 61029105.0, 61029105.0, 61029105.0, 61029105.0, 61029105.0, 61029105.0, 61029105.0]",manufacturer,6,Demand: 2 - Capacity: IPV_Shortage,0.0022144
Bilthoven,"[12048153.0, 12048153.0, 11084301.0, 10843338.0, 11686709.0, 12048153.0, 12048153.0, 12048153.0, 12048153.0, 12048153.0]",manufacturer,6,Demand: 2 - Capacity: IPV_Shortage,0.0022144
Biological_E,"[164885690.0, 164885690.0, 164885690.0, 164885690.0, 164885690.0, 164885690.0, 164885690.0, 164885690.0, 164885690.0, 164885690.0]",manufacturer,6,Demand: 2 - Capacity: IPV_Shortage,0.0022144
China_National,"[12812242.0, 12812242.0, 12812242.0, 12812242.0, 12812242.0, 12812242.0, 12812242.0, 12812242.0, 12812242.0, 12812242.0]",manufacturer,6,Demand: 2 - Capacity: IPV_Shortage,0.0022144
GSK,"[226762686.0, 226762686.0, 226762686.0, 226762686.0, 226762686.0, 226762686.0, 226762686.0, 226762686.0, 226762686.0, 226762686.0]",manufacturer,6,Demand: 2 - Capacity: IPV_Shortage,0.0022144
Haffkine_Bio,"[80972855.0, 80972855.0, 80972855.0, 80972855.0, 80972855.0, 80972855.0, 80972855.0, 80972855.0, 80972855.0, 80972855.0]",manufacturer,6,Demand: 2 - Capacity: IPV_Shortage,0.0022144
LG_Chem,"[43702188.0, 43702188.0, 43493336.0, 43441123.0, 43623868.0, 43702188.0, 43702188.0, 43702188.0, 43702188.0, 43702188.0]",manufacturer,6,Demand: 2 - Capacity: IPV_Shortage,0.0022144
Merck_Sharp,"[56991052.0, 56991052.0, 56991052.0, 56991052.0, 56991052.0, 56991052.0, 56991052.0, 56991052.0, 56991052.0, 56991052.0]",manufacturer,6,Demand: 2 - Capacity: IPV_Shortage,0.0022144
PT_Bio,"[45911731.0, 45911731.0, 45911731.0, 45911731.0, 45911731.0, 45911731.0, 45911731.0, 45911731.0, 45911731.0, 45911731.0]",manufacturer,6,Demand: 2 - Capacity: IPV_Shortage,0.0022144
Panacea_Biotec,"[10874165.0, 10874165.0, 10874165.0, 10874165.0, 10874165.0, 10874165.0, 10874165.0, 10874165.0, 10874165.0, 10874165.0]",manufacturer,6,Demand: 2 - Capacity: IPV_Shortage,0.0022144
Pfizer,"[83916974.0, 83916974.0, 83916974.0, 83916974.0, 83916974.0, 83916974.0, 83916974.0, 83916974.0, 83916974.0, 83916974.0]",manufacturer,6,Demand: 2 - Capacity: IPV_Shortage,0.0022144
Sanofi,"[87429432.0, 87429432.0, 82259017.0, 80966413.0, 85490526.0, 87429432.0, 87429432.0, 87429432.0, 87429432.0, 87429432.0]",manufacturer,6,Demand: 2 - Capacity: IPV_Shortage,0.0022144
Serum_Institute,"[587114096.0, 587114096.0, 587114096.0, 587114096.0, 587114096.0, 587114096.0, 587114096.0, 587114096.0, 587114096.0, 587114096.0]",manufacturer,6,Demand: 2 - Capacity: IPV_Shortage,0.0022144
Diphtheria,"[670487400 735223400 677717200 802467500 967639900 1081033700 1100762400
 1063053300 2147483648 1209481000]",antigen,7,Demand: 4 - Capacity: IPV_Shortage,0.0022144
HPV,"[30334800 35937000 39631100 46530800 51332300 61773100 70626000 77523300
 90316100 96557800]",antigen,7,Demand: 4 - Capacity: IPV_Shortage,0.0022144
Hepatitis_B,"[370407500 444508300 399556600 426122800 423485500 418566300 307698900
 354228100 613698000 433404100]",antigen,7,Demand: 4 - Capacity: IPV_Shortage,0.0022144
Hib,"[281761500 293066700 346902200 330750100 358004200 351235200 328019400
 360224500 420677000 368138300]",antigen,7,Demand: 4 - Capacity: IPV_Shortage,0.0022144
Measles,"[353668900 489897600 638311200 403718000 676101000 661328300 1003061300
 815416800 1187197600 547798800]",antigen,7,Demand: 4 - Capacity: IPV_Shortage,0.0022144
Mumps,"[25649100 28849400 39045200 39722700 36402400 27034800 45075800 60712500
 54612500 29676400]",antigen,7,Demand: 4 - Capacity: IPV_Shortage,0.0022144
PCV,"[211790700 226310500 305294700 272866400 319420400 420952100 428136200
 287020700 528636500 318672000]",antigen,7,Demand: 4 - Capacity: IPV_Shortage,0.0022144
Pertussis,"[351095500 342628700 356906100 342541800 348739500 360337100 381747400
 376965100 330916900 258759400]",antigen,7,Demand: 4 - Capacity: IPV_Shortage,0.0022144
Polio,"[614187100 654523900 665289500 726314000 767137300 824302900 825918000
 838587200 825905500 1162269500]",antigen,7,Demand: 4 - Capacity: IPV_Shortage,0.0022144
Rotavirus,"[209202600 181239300 315516000 294039300 257511300 381815400 479180500
 492327200 991227200 307926400]",antigen,7,Demand: 4 - Capacity: IPV_Shortage,0.0022144
Rubella,"[337697800 430499200 284148500 402899500 427746000 632589800 549036000
 518741000 566111500 368942400]",antigen,7,Demand: 4 - Capacity: IPV_Shortage,0.0022144
Tetanus,"[615261700 628073100 584840600 659296500 664099600 698020100 751701100
 551029500 767677700 776856700]",antigen,7,Demand: 4 - Capacity: IPV_Shortage,0.0022144
AJ_Vaccines,"[7711003.0, 7711003.0, 7094122.0, 6939902.0, 7479673.0, 7711003.0, 7711003.0, 7711003.0, 7711003.0, 7711003.0]",manufacturer,7,Demand: 4 - Capacity: IPV_Shortage,0.0022144
BB_NCIPD,"[39223956.0, 39223956.0, 39223956.0, 39223956.0, 39223956.0, 39223956.0, 39223956.0, 39223956.0, 39223956.0, 39223956.0]",manufacturer,7,Demand: 4 - Capacity: IPV_Shortage,0.0022144
Bharat_Biotech,"[61029105.0, 61029105.0, 61029105.0, 61029105.0, 61029105.0, 61029105.0, 61029105.0, 61029105.0, 61029105.0, 61029105.0]",manufacturer,7,Demand: 4 - Capacity: IPV_Shortage,0.0022144
Bilthoven,"[12048153.0, 12048153.0, 11084301.0, 10843338.0, 11686709.0, 12048153.0, 12048153.0, 12048153.0, 12048153.0, 12048153.0]",manufacturer,7,Demand: 4 - Capacity: IPV_Shortage,0.0022144
Biological_E,"[164885690.0, 164885690.0, 164885690.0, 164885690.0, 164885690.0, 164885690.0, 164885690.0, 164885690.0, 164885690.0, 164885690.0]",manufacturer,7,Demand: 4 - Capacity: IPV_Shortage,0.0022144
China_National,"[12812242.0, 12812242.0, 12812242.0, 12812242.0, 12812242.0, 12812242.0, 12812242.0, 12812242.0, 12812242.0, 12812242.0]",manufacturer,7,Demand: 4 - Capacity: IPV_Shortage,0.0022144
GSK,"[226762686.0, 226762686.0, 226762686.0, 226762686.0, 226762686.0, 226762686.0, 226762686.0, 226762686.0, 226762686.0, 226762686.0]",manufacturer,7,Demand: 4 - Capacity: IPV_Shortage,0.0022144
Haffkine_Bio,"[80972855.0, 80972855.0, 80972855.0, 80972855.0, 80972855.0, 80972855.0, 80972855.0, 80972855.0, 80972855.0, 80972855.0]",manufacturer,7,Demand: 4 - Capacity: IPV_Shortage,0.0022144
LG_Chem,"[43702188.0, 43702188.0, 43493336.0, 43441123.0, 43623868.0, 43702188.0, 43702188.0, 43702188.0, 43702188.0, 43702188.0]",manufacturer,7,Demand: 4 - Capacity: IPV_Shortage,0.0022144
Merck_Sharp,"[56991052.0, 56991052.0, 56991052.0, 56991052.0, 56991052.0, 56991052.0, 56991052.0, 56991052.0, 56991052.0, 56991052.0]",manufacturer,7,Demand: 4 - Capacity: IPV_Shortage,0.0022144
PT_Bio,"[45911731.0, 45911731.0, 45911731.0, 45911731.0, 45911731.0, 45911731.0, 45911731.0, 45911731.0, 45911731.0, 45911731.0]",manufacturer,7,Demand: 4 - Capacity: IPV_Shortage,0.0022144
Panacea_Biotec,"[10874165.0, 10874165.0, 10874165.0, 10874165.0, 10874165.0, 10874165.0, 10874165.0, 10874165.0, 10874165.0, 10874165.0]",manufacturer,7,Demand: 4 - Capacity: IPV_Shortage,0.0022144
Pfizer,"[83916974.0, 83916974.0, 83916974.0, 83916974.0, 83916974.0, 83916974.0, 83916974.0, 83916974.0, 83916974.0, 83916974.0]",manufacturer,7,Demand: 4 - Capacity: IPV_Shortage,0.0022144
Sanofi,"[87429432.0, 87429432.0, 82259017.0, 80966413.0, 85490526.0, 87429432.0, 87429432.0, 87429432.0, 87429432.0, 87429432.0]",manufacturer,7,Demand: 4 - Capacity: IPV_Shortage,0.0022144
Serum_Institute,"[587114096.0, 587114096.0, 587114096.0, 587114096.0, 587114096.0, 587114096.0, 587114096.0, 587114096.0, 587114096.0, 587114096.0]",manufacturer,7,Demand: 4 - Capacity: IPV_Shortage,0.0022144
Diphtheria,"[698092700 777470800 820389200 835304100 942971100 833464100 1345958700
 1491305500 1224775600 2147483648]",antigen,8,Demand: 3 - Capacity: IPV_Shortage,0.005224599999999999
HPV,"[28964500 35811700 38689000 46939600 51718400 58695200 66608700 67270900
 90442800 82309200]",antigen,8,Demand: 3 - Capacity: IPV_Shortage,0.005224599999999999
Hepatitis_B,"[367794100 400191400 379740400 437196300 360947900 378720600 362889600
 417680100 270106000 367548300]",antigen,8,Demand: 3 - Capacity: IPV_Shortage,0.005224599999999999
Hib,"[316433200 302792900 339239700 342566800 332089500 350984400 383264800
 392851900 363416400 425222700]",antigen,8,Demand: 3 - Capacity: IPV_Shortage,0.005224599999999999
Measles,"[463676600 570622500 454167100 806025900 848281600 705620500 761611500
 677237400 823511600 633617500]",antigen,8,Demand: 3 - Capacity: IPV_Shortage,0.005224599999999999
Mumps,"[23093500 24442800 27787300 44732600 31925200 33114600 54943500 65230000
 78861900 67219600]",antigen,8,Demand: 3 - Capacity: IPV_Shortage,0.005224599999999999
PCV,"[228140100 293972900 280196100 344667600 315166900 378101600 402441200
 580352000 312482300 334129000]",antigen,8,Demand: 3 - Capacity: IPV_Shortage,0.005224599999999999
Pertussis,"[364692000 345936400 359926400 368572400 330632300 357802900 369397300
 295244400 427464000 371042600]",antigen,8,Demand: 3 - Capacity: IPV_Shortage,0.005224599999999999
Polio,"[603345500 655574500 694963800 708181800 677996900 840687100 808107400
 861154600 1059663600 980287300]",antigen,8,Demand: 3 - Capacity: IPV_Shortage,0.005224599999999999
Rotavirus,"[157053900 184442900 251870200 182109400 303972700 302459400 413883000
 550021000 455392700 284730800]",antigen,8,Demand: 3 - Capacity: IPV_Shortage,0.005224599999999999
Rubella,"[407188800 390935900 580177400 403616000 489912100 721479200 587356700
 522360700 605891600 1007629000]",antigen,8,Demand: 3 - Capacity: IPV_Shortage,0.005224599999999999
Tetanus,"[615050500 621090700 637994400 671745700 776966300 708346100 703875400
 749080900 712086700 690684800]",antigen,8,Demand: 3 - Capacity: IPV_Shortage,0.005224599999999999
AJ_Vaccines,"[7711003.0, 7711003.0, 7094122.0, 6939902.0, 7479673.0, 7711003.0, 7711003.0, 7711003.0, 7711003.0, 7711003.0]",manufacturer,8,Demand: 3 - Capacity: IPV_Shortage,0.005224599999999999
BB_NCIPD,"[39223956.0, 39223956.0, 39223956.0, 39223956.0, 39223956.0, 39223956.0, 39223956.0, 39223956.0, 39223956.0, 39223956.0]",manufacturer,8,Demand: 3 - Capacity: IPV_Shortage,0.005224599999999999
Bharat_Biotech,"[61029105.0, 61029105.0, 61029105.0, 61029105.0, 61029105.0, 61029105.0, 61029105.0, 61029105.0, 61029105.0, 61029105.0]",manufacturer,8,Demand: 3 - Capacity: IPV_Shortage,0.005224599999999999
Bilthoven,"[12048153.0, 12048153.0, 11084301.0, 10843338.0, 11686709.0, 12048153.0, 12048153.0, 12048153.0, 12048153.0, 12048153.0]",manufacturer,8,Demand: 3 - Capacity: IPV_Shortage,0.005224599999999999
Biological_E,"[164885690.0, 164885690.0, 164885690.0, 164885690.0, 164885690.0, 164885690.0, 164885690.0, 164885690.0, 164885690.0, 164885690.0]",manufacturer,8,Demand: 3 - Capacity: IPV_Shortage,0.005224599999999999
China_National,"[12812242.0, 12812242.0, 12812242.0, 12812242.0, 12812242.0, 12812242.0, 12812242.0, 12812242.0, 12812242.0, 12812242.0]",manufacturer,8,Demand: 3 - Capacity: IPV_Shortage,0.005224599999999999
GSK,"[226762686.0, 226762686.0, 226762686.0, 226762686.0, 226762686.0, 226762686.0, 226762686.0, 226762686.0, 226762686.0, 226762686.0]",manufacturer,8,Demand: 3 - Capacity: IPV_Shortage,0.005224599999999999
Haffkine_Bio,"[80972855.0, 80972855.0, 80972855.0, 80972855.0, 80972855.0, 80972855.0, 80972855.0, 80972855.0, 80972855.0, 80972855.0]",manufacturer,8,Demand: 3 - Capacity: IPV_Shortage,0.005224599999999999
LG_Chem,"[43702188.0, 43702188.0, 43493336.0, 43441123.0, 43623868.0, 43702188.0, 43702188.0, 43702188.0, 43702188.0, 43702188.0]",manufacturer,8,Demand: 3 - Capacity: IPV_Shortage,0.005224599999999999
Merck_Sharp,"[56991052.0, 56991052.0, 56991052.0, 56991052.0, 56991052.0, 56991052.0, 56991052.0, 56991052.0, 56991052.0, 56991052.0]",manufacturer,8,Demand: 3 - Capacity: IPV_Shortage,0.005224599999999999
PT_Bio,"[45911731.0, 45911731.0, 45911731.0, 45911731.0, 45911731.0, 45911731.0, 45911731.0, 45911731.0, 45911731.0, 45911731.0]",manufacturer,8,Demand: 3 - Capacity: IPV_Shortage,0.005224599999999999
Panacea_Biotec,"[10874165.0, 10874165.0, 10874165.0, 10874165.0, 10874165.0, 10874165.0, 10874165.0, 10874165.0, 10874165.0, 10874165.0]",manufacturer,8,Demand: 3 - Capacity: IPV_Shortage,0.005224599999999999
Pfizer,"[83916974.0, 83916974.0, 83916974.0, 83916974.0, 83916974.0, 83916974.0, 83916974.0, 83916974.0, 83916974.0, 83916974.0]",manufacturer,8,Demand: 3 - Capacity: IPV_Shortage,0.005224599999999999
Sanofi,"[87429432.0, 87429432.0, 82259017.0, 80966413.0, 85490526.0, 87429432.0, 87429432.0, 87429432.0, 87429432.0, 87429432.0]",manufacturer,8,Demand: 3 - Capacity: IPV_Shortage,0.005224599999999999
Serum_Institute,"[587114096.0, 587114096.0, 587114096.0, 587114096.0, 587114096.0, 587114096.0, 587114096.0, 587114096.0, 587114096.0, 587114096.0]",manufacturer,8,Demand: 3 - Capacity: IPV_Shortage,0.005224599999999999
Diphtheria,"[581444300 522983000 801296600 736455500 916074700 1022240500 1063939700
 1058865900 1526287500 1601795000]",antigen,9,Demand: 5 - Capacity: IPV_Shortage,0.0064702000000000015
HPV,"[30633600 37216400 42703400 48271500 52131400 55329100 66802400 74145900
 74147500 78883700]",antigen,9,Demand: 5 - Capacity: IPV_Shortage,0.0064702000000000015
Hepatitis_B,"[415970900 388180600 350262100 375166800 420410400 487360500 434906700
 467342200 409724600 533443100]",antigen,9,Demand: 5 - Capacity: IPV_Shortage,0.0064702000000000015
Hib,"[299433200 287933700 348688600 338043300 377829100 364540600 382140000
 399816100 426025300 454071000]",antigen,9,Demand: 5 - Capacity: IPV_Shortage,0.0064702000000000015
Measles,"[570665100 559310700 614308200 543124700 687344900 579170800 1053447000
 690158000 330757900 1120540100]",antigen,9,Demand: 5 - Capacity: IPV_Shortage,0.0064702000000000015
Mumps,"[29915900 42880800 32573500 30876900 54989500 41453200 38535600 66882700
 69737100 96361100]",antigen,9,Demand: 5 - Capacity: IPV_Shortage,0.0064702000000000015
PCV,"[222556200 268654200 273946800 321722700 444595800 369710800 381844400
 455529100 470730400 902895300]",antigen,9,Demand: 5 - Capacity: IPV_Shortage,0.0064702000000000015
Pertussis,"[360214500 360608200 378381300 414326900 340761600 341426400 390099300
 424364000 451424300 392313700]",antigen,9,Demand: 5 - Capacity: IPV_Shortage,0.0064702000000000015
Polio,"[652386500 643240100 574863000 726677800 753423000 877586600 739684000
 803043500 849221900 738018800]",antigen,9,Demand: 5 - Capacity: IPV_Shortage,0.0064702000000000015
Rotavirus,"[206578800 244793900 275584600 265721000 139046400 355831000 449939800
 601532300 804202600 1278199400]",antigen,9,Demand: 5 - Capacity: IPV_Shortage,0.0064702000000000015
Rubella,"[408826200 494397000 495553000 584674400 458533300 615968200 607172500
 957920600 1168859200 578260000]",antigen,9,Demand: 5 - Capacity: IPV_Shortage,0.0064702000000000015
Tetanus,"[665307800 615563200 655205600 718497200 629880900 631721600 684434000
 624472400 706152200 551363400]",antigen,9,Demand: 5 - Capacity: IPV_Shortage,0.0064702000000000015
AJ_Vaccines,"[7711003.0, 7711003.0, 7094122.0, 6939902.0, 7479673.0, 7711003.0, 7711003.0, 7711003.0, 7711003.0, 7711003.0]",manufacturer,9,Demand: 5 - Capacity: IPV_Shortage,0.0064702000000000015
BB_NCIPD,"[39223956.0, 39223956.0, 39223956.0, 39223956.0, 39223956.0, 39223956.0, 39223956.0, 39223956.0, 39223956.0, 39223956.0]",manufacturer,9,Demand: 5 - Capacity: IPV_Shortage,0.0064702000000000015
Bharat_Biotech,"[61029105.0, 61029105.0, 61029105.0, 61029105.0, 61029105.0, 61029105.0, 61029105.0, 61029105.0, 61029105.0, 61029105.0]",manufacturer,9,Demand: 5 - Capacity: IPV_Shortage,0.0064702000000000015
Bilthoven,"[12048153.0, 12048153.0, 11084301.0, 10843338.0, 11686709.0, 12048153.0, 12048153.0, 12048153.0, 12048153.0, 12048153.0]",manufacturer,9,Demand: 5 - Capacity: IPV_Shortage,0.0064702000000000015
Biological_E,"[164885690.0, 164885690.0, 164885690.0, 164885690.0, 164885690.0, 164885690.0, 164885690.0, 164885690.0, 164885690.0, 164885690.0]",manufacturer,9,Demand: 5 - Capacity: IPV_Shortage,0.0064702000000000015
China_National,"[12812242.0, 12812242.0, 12812242.0, 12812242.0, 12812242.0, 12812242.0, 12812242.0, 12812242.0, 12812242.0, 12812242.0]",manufacturer,9,Demand: 5 - Capacity: IPV_Shortage,0.0064702000000000015
GSK,"[226762686.0, 226762686.0, 226762686.0, 226762686.0, 226762686.0, 226762686.0, 226762686.0, 226762686.0, 226762686.0, 226762686.0]",manufacturer,9,Demand: 5 - Capacity: IPV_Shortage,0.0064702000000000015
Haffkine_Bio,"[80972855.0, 80972855.0, 80972855.0, 80972855.0, 80972855.0, 80972855.0, 80972855.0, 80972855.0, 80972855.0, 80972855.0]",manufacturer,9,Demand: 5 - Capacity: IPV_Shortage,0.0064702000000000015
LG_Chem,"[43702188.0, 43702188.0, 43493336.0, 43441123.0, 43623868.0, 43702188.0, 43702188.0, 43702188.0, 43702188.0, 43702188.0]",manufacturer,9,Demand: 5 - Capacity: IPV_Shortage,0.0064702000000000015
Merck_Sharp,"[56991052.0, 56991052.0, 56991052.0, 56991052.0, 56991052.0, 56991052.0, 56991052.0, 56991052.0, 56991052.0, 56991052.0]",manufacturer,9,Demand: 5 - Capacity: IPV_Shortage,0.0064702000000000015
PT_Bio,"[45911731.0, 45911731.0, 45911731.0, 45911731.0, 45911731.0, 45911731.0, 45911731.0, 45911731.0, 45911731.0, 45911731.0]",manufacturer,9,Demand: 5 - Capacity: IPV_Shortage,0.0064702000000000015
Panacea_Biotec,"[10874165.0, 10874165.0, 10874165.0, 10874165.0, 10874165.0, 10874165.0, 10874165.0, 10874165.0, 10874165.0, 10874165.0]",manufacturer,9,Demand: 5 - Capacity: IPV_Shortage,0.0064702000000000015
Pfizer,"[83916974.0, 83916974.0, 83916974.0, 83916974.0, 83916974.0, 83916974.0, 83916974.0, 83916974.0, 83916974.0, 83916974.0]",manufacturer,9,Demand: 5 - Capacity: IPV_Shortage,0.0064702000000000015
Sanofi,"[87429432.0, 87429432.0, 82259017.0, 80966413.0, 85490526.0, 87429432.0, 87429432.0, 87429432.0, 87429432.0, 87429432.0]",manufacturer,9,Demand: 5 - Capacity: IPV_Shortage,0.0064702000000000015
Serum_Institute,"[587114096.0, 587114096.0, 587114096.0, 587114096.0, 587114096.0, 587114096.0, 587114096.0, 587114096.0, 587114096.0, 587114096.0]",manufacturer,9,Demand: 5 - Capacity: IPV_Shortage,0.0064702000000000015
Diphtheria,"[642408300 714535200 897608600 818289200 963049500 931640500 1276827300
 1526507500 2147483648 2147483648]",antigen,10,Demand: 6 - Capacity: IPV_Shortage,0.0011764
HPV,"[28844100 35384600 42445700 44137400 55775600 54943000 64653400 72277000
 81321500 102766700]",antigen,10,Demand: 6 - Capacity: IPV_Shortage,0.0011764
Hepatitis_B,"[328764400 338278000 363941200 315285800 361981700 391349300 380926800
 401354500 470964300 204941500]",antigen,10,Demand: 6 - Capacity: IPV_Shortage,0.0011764
Hib,"[297663600 313468700 307213300 325967900 368972100 378754000 392407500
 381970900 353894200 411595400]",antigen,10,Demand: 6 - Capacity: IPV_Shortage,0.0011764
Measles,"[400883100 581098000 627345300 601708900 527397400 648710700 499739400
 1430522900 749141400 792097600]",antigen,10,Demand: 6 - Capacity: IPV_Shortage,0.0011764
Mumps,"[31323900 40485900 35986200 32310500 28697000 35574100 70375000 18721800
 82701200 57528700]",antigen,10,Demand: 6 - Capacity: IPV_Shortage,0.0011764
PCV,"[234816000 261757300 283853300 311953200 374069800 348716700 337817600
 359541700 788352600 578695300]",antigen,10,Demand: 6 - Capacity: IPV_Shortage,0.0011764
Pertussis,"[345333400 352676200 337014400 374357900 361488700 347533000 394569400
 340491000 313930300 513941800]",antigen,10,Demand: 6 - Capacity: IPV_Shortage,0.0011764
Polio,"[640700600 707179300 727217300 720878200 794851900 569168400 909572600
 704333600 787577600 968494100]",antigen,10,Demand: 6 - Capacity: IPV_Shortage,0.0011764
Rotavirus,"[196024500 214933900 247486700 265032000 430765400 379173100 407748500
 688775600 312426900 685661900]",antigen,10,Demand: 6 - Capacity: IPV_Shortage,0.0011764
Rubella,"[325278800 358973400 356303700 539029100 536140700 565319100 538291600
 763453500 455207700 996210600]",antigen,10,Demand: 6 - Capacity: IPV_Shortage,0.0011764
Tetanus,"[628507500 638317000 667638500 690996300 672818600 751608200 594929900
 688270100 881382600 843943100]",antigen,10,Demand: 6 - Capacity: IPV_Shortage,0.0011764
AJ_Vaccines,"[7711003.0, 7711003.0, 7094122.0, 6939902.0, 7479673.0, 7711003.0, 7711003.0, 7711003.0, 7711003.0, 7711003.0]",manufacturer,10,Demand: 6 - Capacity: IPV_Shortage,0.0011764
BB_NCIPD,"[39223956.0, 39223956.0, 39223956.0, 39223956.0, 39223956.0, 39223956.0, 39223956.0, 39223956.0, 39223956.0, 39223956.0]",manufacturer,10,Demand: 6 - Capacity: IPV_Shortage,0.0011764
Bharat_Biotech,"[61029105.0, 61029105.0, 61029105.0, 61029105.0, 61029105.0, 61029105.0, 61029105.0, 61029105.0, 61029105.0, 61029105.0]",manufacturer,10,Demand: 6 - Capacity: IPV_Shortage,0.0011764
Bilthoven,"[12048153.0, 12048153.0, 11084301.0, 10843338.0, 11686709.0, 12048153.0, 12048153.0, 12048153.0, 12048153.0, 12048153.0]",manufacturer,10,Demand: 6 - Capacity: IPV_Shortage,0.0011764
Biological_E,"[164885690.0, 164885690.0, 164885690.0, 164885690.0, 164885690.0, 164885690.0, 164885690.0, 164885690.0, 164885690.0, 164885690.0]",manufacturer,10,Demand: 6 - Capacity: IPV_Shortage,0.0011764
China_National,"[12812242.0, 12812242.0, 12812242.0, 12812242.0, 12812242.0, 12812242.0, 12812242.0, 12812242.0, 12812242.0, 12812242.0]",manufacturer,10,Demand: 6 - Capacity: IPV_Shortage,0.0011764
GSK,"[226762686.0, 226762686.0, 226762686.0, 226762686.0, 226762686.0, 226762686.0, 226762686.0, 226762686.0, 226762686.0, 226762686.0]",manufacturer,10,Demand: 6 - Capacity: IPV_Shortage,0.0011764
Haffkine_Bio,"[80972855.0, 80972855.0, 80972855.0, 80972855.0, 80972855.0, 80972855.0, 80972855.0, 80972855.0, 80972855.0, 80972855.0]",manufacturer,10,Demand: 6 - Capacity: IPV_Shortage,0.0011764
LG_Chem,"[43702188.0, 43702188.0, 43493336.0, 43441123.0, 43623868.0, 43702188.0, 43702188.0, 43702188.0, 43702188.0, 43702188.0]",manufacturer,10,Demand: 6 - Capacity: IPV_Shortage,0.0011764
Merck_Sharp,"[56991052.0, 56991052.0, 56991052.0, 56991052.0, 56991052.0, 56991052.0, 56991052.0, 56991052.0, 56991052.0, 56991052.0]",manufacturer,10,Demand: 6 - Capacity: IPV_Shortage,0.0011764
PT_Bio,"[45911731.0, 45911731.0, 45911731.0, 45911731.0, 45911731.0, 45911731.0, 45911731.0, 45911731.0, 45911731.0, 45911731.0]",manufacturer,10,Demand: 6 - Capacity: IPV_Shortage,0.0011764
Panacea_Biotec,"[10874165.0, 10874165.0, 10874165.0, 10874165.0, 10874165.0, 10874165.0, 10874165.0, 10874165.0, 10874165.0, 10874165.0]",manufacturer,10,Demand: 6 - Capacity: IPV_Shortage,0.0011764
Pfizer,"[83916974.0, 83916974.0, 83916974.0, 83916974.0, 83916974.0, 83916974.0, 83916974.0, 83916974.0, 83916974.0, 83916974.0]",manufacturer,10,Demand: 6 - Capacity: IPV_Shortage,0.0011764
Sanofi,"[87429432.0, 87429432.0, 82259017.0, 80966413.0, 85490526.0, 87429432.0, 87429432.0, 87429432.0, 87429432.0, 87429432.0]",manufacturer,10,Demand: 6 - Capacity: IPV_Shortage,0.0011764
Serum_Institute,"[587114096.0, 587114096.0, 587114096.0, 587114096.0, 587114096.0, 587114096.0, 587114096.0, 587114096.0, 587114096.0, 587114096.0]",manufacturer,10,Demand: 6 - Capacity: IPV_Shortage,0.0011764
Diphtheria,"[711050900 679613900 917355100 836818100 746278900 922058400 1426859000
 1175127700 973057200 683673500]",antigen,11,Demand: 2 - Capacity: pandemic,0.00352
HPV,"[29266600 35276000 39728900 46412200 53476900 58358000 66330900 72908300
 75298300 90917800]",antigen,11,Demand: 2 - Capacity: pandemic,0.00352
Hepatitis_B,"[313064100 382531200 437092100 429619500 393742900 369097400 442800200
 528674500 443817200 451808800]",antigen,11,Demand: 2 - Capacity: pandemic,0.00352
Hib,"[286677800 306061700 285422200 361438000 341935900 360397500 372502800
 382097300 409937600 418451200]",antigen,11,Demand: 2 - Capacity: pandemic,0.00352
Measles,"[518619900 375746400 398902700 542762500 713609600 811118000 736873900
 888747300 907113900 1156756300]",antigen,11,Demand: 2 - Capacity: pandemic,0.00352
Mumps,"[30963300 26656000 28518400 31697300 36449300 57974700 42272200 43307200
 42762600 62740800]",antigen,11,Demand: 2 - Capacity: pandemic,0.00352
PCV,"[230807600 252874000 253518100 358761500 378449000 338860200 414534900
 389114800 490285100 600132100]",antigen,11,Demand: 2 - Capacity: pandemic,0.00352
Pertussis,"[377184400 390393100 371773400 340315800 366275200 384359400 367113300
 405201700 364753200 404717500]",antigen,11,Demand: 2 - Capacity: pandemic,0.00352
Polio,"[608569400 624020000 553923300 730725000 729740400 776213400 853164200
 874966100 822064900 926389900]",antigen,11,Demand: 2 - Capacity: pandemic,0.00352
Rotavirus,"[202102100 155841000 236069900 312315400 307625200 297413300 443961600
 554686000 622167600 824016700]",antigen,11,Demand: 2 - Capacity: pandemic,0.00352
Rubella,"[325694200 395129200 347429400 601371100 523107200 513020400 709081300
 680422400 789246000 777607700]",antigen,11,Demand: 2 - Capacity: pandemic,0.00352
Tetanus,"[663050300 640523300 688976600 667612000 592749800 672927700 695883700
 735641400 733819100 737757700]",antigen,11,Demand: 2 - Capacity: pandemic,0.00352
AJ_Vaccines,"[7711003.0, 7711003.0, 7094122.0, 3886345.120000001, 4861787.45, 7248342.819999999, 7711003.0, 7711003.0, 7711003.0, 7711003.0]",manufacturer,11,Demand: 2 - Capacity: pandemic,0.00352
BB_NCIPD,"[39223956.0, 39223956.0, 39223956.0, 21965415.36, 25495571.4, 36870518.64, 39223956.0, 39223956.0, 39223956.0, 39223956.0]",manufacturer,11,Demand: 2 - Capacity: pandemic,0.00352
Bharat_Biotech,"[61029105.0, 61029105.0, 61029105.0, 34176298.8, 39668918.25, 57367358.7, 61029105.0, 61029105.0, 61029105.0, 61029105.0]",manufacturer,11,Demand: 2 - Capacity: pandemic,0.00352
Bilthoven,"[12048153.0, 12048153.0, 11084301.0, 6072269.28, 7596360.850000001, 11325263.82, 12048153.0, 12048153.0, 12048153.0, 12048153.0]",manufacturer,11,Demand: 2 - Capacity: pandemic,0.00352
Biological_E,"[164885690.0, 164885690.0, 164885690.0, 92335986.4, 107175698.5, 154992548.6, 164885690.0, 164885690.0, 164885690.0, 164885690.0]",manufacturer,11,Demand: 2 - Capacity: pandemic,0.00352
China_National,"[12812242.0, 12812242.0, 12812242.0, 7174855.52, 8327957.300000001, 12043507.48, 12812242.0, 12812242.0, 12812242.0, 12812242.0]",manufacturer,11,Demand: 2 - Capacity: pandemic,0.00352
GSK,"[226762686.0, 226762686.0, 226762686.0, 126987104.16, 147395745.9, 213156924.84, 226762686.0, 226762686.0, 226762686.0, 226762686.0]",manufacturer,11,Demand: 2 - Capacity: pandemic,0.00352
Haffkine_Bio,"[80972855.0, 80972855.0, 80972855.0, 45344798.8, 52632355.75, 76114483.7, 80972855.0, 80972855.0, 80972855.0, 80972855.0]",manufacturer,11,Demand: 2 - Capacity: pandemic,0.00352
LG_Chem,"[43702188.0, 43702188.0, 43493336.0, 24327028.88, 28355514.2, 41080056.72, 43702188.0, 43702188.0, 43702188.0, 43702188.0]",manufacturer,11,Demand: 2 - Capacity: pandemic,0.00352
Merck_Sharp,"[56991052.0, 56991052.0, 56991052.0, 31914989.12, 37044183.8, 53571588.88, 56991052.0, 56991052.0, 56991052.0, 56991052.0]",manufacturer,11,Demand: 2 - Capacity: pandemic,0.00352
PT_Bio,"[45911731.0, 45911731.0, 45911731.0, 25710569.36, 29842625.15, 43157027.14, 45911731.0, 45911731.0, 45911731.0, 45911731.0]",manufacturer,11,Demand: 2 - Capacity: pandemic,0.00352
Panacea_Biotec,"[10874165.0, 10874165.0, 10874165.0, 6089532.4, 7068207.25, 10221715.1, 10874165.0, 10874165.0, 10874165.0, 10874165.0]",manufacturer,11,Demand: 2 - Capacity: pandemic,0.00352
Pfizer,"[83916974.0, 83916974.0, 83916974.0, 46993505.44000001, 54546033.1, 78881955.56, 83916974.0, 83916974.0, 83916974.0, 83916974.0]",manufacturer,11,Demand: 2 - Capacity: pandemic,0.00352
Sanofi,"[87429432.0, 87429432.0, 82259017.0, 45341191.28, 55568841.9, 82183666.08, 87429432.0, 87429432.0, 87429432.0, 87429432.0]",manufacturer,11,Demand: 2 - Capacity: pandemic,0.00352
Serum_Institute,"[587114096.0, 587114096.0, 587114096.0, 328783893.7600001, 381624162.4, 551887250.24, 587114096.0, 587114096.0, 587114096.0, 587114096.0]",manufacturer,11,Demand: 2 - Capacity: pandemic,0.00352
Diphtheria,"[642408300 714535200 897608600 818289200 963049500 931640500 1276827300
 1526507500 2147483648 2147483648]",antigen,12,Demand: 6 - Capacity: pandemic,0.0018700000000000001
HPV,"[28844100 35384600 42445700 44137400 55775600 54943000 64653400 72277000
 81321500 102766700]",antigen,12,Demand: 6 - Capacity: pandemic,0.0018700000000000001
Hepatitis_B,"[328764400 338278000 363941200 315285800 361981700 391349300 380926800
 401354500 470964300 204941500]",antigen,12,Demand: 6 - Capacity: pandemic,0.0018700000000000001
Hib,"[297663600 313468700 307213300 325967900 368972100 378754000 392407500
 381970900 353894200 411595400]",antigen,12,Demand: 6 - Capacity: pandemic,0.0018700000000000001
Measles,"[400883100 581098000 627345300 601708900 527397400 648710700 499739400
 1430522900 749141400 792097600]",antigen,12,Demand: 6 - Capacity: pandemic,0.0018700000000000001
Mumps,"[31323900 40485900 35986200 32310500 28697000 35574100 70375000 18721800
 82701200 57528700]",antigen,12,Demand: 6 - Capacity: pandemic,0.0018700000000000001
PCV,"[234816000 261757300 283853300 311953200 374069800 348716700 337817600
 359541700 788352600 578695300]",antigen,12,Demand: 6 - Capacity: pandemic,0.0018700000000000001
Pertussis,"[345333400 352676200 337014400 374357900 361488700 347533000 394569400
 340491000 313930300 513941800]",antigen,12,Demand: 6 - Capacity: pandemic,0.0018700000000000001
Polio,"[640700600 707179300 727217300 720878200 794851900 569168400 909572600
 704333600 787577600 968494100]",antigen,12,Demand: 6 - Capacity: pandemic,0.0018700000000000001
Rotavirus,"[196024500 214933900 247486700 265032000 430765400 379173100 407748500
 688775600 312426900 685661900]",antigen,12,Demand: 6 - Capacity: pandemic,0.0018700000000000001
Rubella,"[325278800 358973400 356303700 539029100 536140700 565319100 538291600
 763453500 455207700 996210600]",antigen,12,Demand: 6 - Capacity: pandemic,0.0018700000000000001
Tetanus,"[628507500 638317000 667638500 690996300 672818600 751608200 594929900
 688270100 881382600 843943100]",antigen,12,Demand: 6 - Capacity: pandemic,0.0018700000000000001
AJ_Vaccines,"[7711003.0, 7711003.0, 7094122.0, 3886345.120000001, 4861787.45, 7248342.819999999, 7711003.0, 7711003.0, 7711003.0, 7711003.0]",manufacturer,12,Demand: 6 - Capacity: pandemic,0.0018700000000000001
BB_NCIPD,"[39223956.0, 39223956.0, 39223956.0, 21965415.36, 25495571.4, 36870518.64, 39223956.0, 39223956.0, 39223956.0, 39223956.0]",manufacturer,12,Demand: 6 - Capacity: pandemic,0.0018700000000000001
Bharat_Biotech,"[61029105.0, 61029105.0, 61029105.0, 34176298.8, 39668918.25, 57367358.7, 61029105.0, 61029105.0, 61029105.0, 61029105.0]",manufacturer,12,Demand: 6 - Capacity: pandemic,0.0018700000000000001
Bilthoven,"[12048153.0, 12048153.0, 11084301.0, 6072269.28, 7596360.850000001, 11325263.82, 12048153.0, 12048153.0, 12048153.0, 12048153.0]",manufacturer,12,Demand: 6 - Capacity: pandemic,0.0018700000000000001
Biological_E,"[164885690.0, 164885690.0, 164885690.0, 92335986.4, 107175698.5, 154992548.6, 164885690.0, 164885690.0, 164885690.0, 164885690.0]",manufacturer,12,Demand: 6 - Capacity: pandemic,0.0018700000000000001
China_National,"[12812242.0, 12812242.0, 12812242.0, 7174855.52, 8327957.300000001, 12043507.48, 12812242.0, 12812242.0, 12812242.0, 12812242.0]",manufacturer,12,Demand: 6 - Capacity: pandemic,0.0018700000000000001
GSK,"[226762686.0, 226762686.0, 226762686.0, 126987104.16, 147395745.9, 213156924.84, 226762686.0, 226762686.0, 226762686.0, 226762686.0]",manufacturer,12,Demand: 6 - Capacity: pandemic,0.0018700000000000001
Haffkine_Bio,"[80972855.0, 80972855.0, 80972855.0, 45344798.8, 52632355.75, 76114483.7, 80972855.0, 80972855.0, 80972855.0, 80972855.0]",manufacturer,12,Demand: 6 - Capacity: pandemic,0.0018700000000000001
LG_Chem,"[43702188.0, 43702188.0, 43493336.0, 24327028.88, 28355514.2, 41080056.72, 43702188.0, 43702188.0, 43702188.0, 43702188.0]",manufacturer,12,Demand: 6 - Capacity: pandemic,0.0018700000000000001
Merck_Sharp,"[56991052.0, 56991052.0, 56991052.0, 31914989.12, 37044183.8, 53571588.88, 56991052.0, 56991052.0, 56991052.0, 56991052.0]",manufacturer,12,Demand: 6 - Capacity: pandemic,0.0018700000000000001
PT_Bio,"[45911731.0, 45911731.0, 45911731.0, 25710569.36, 29842625.15, 43157027.14, 45911731.0, 45911731.0, 45911731.0, 45911731.0]",manufacturer,12,Demand: 6 - Capacity: pandemic,0.0018700000000000001
Panacea_Biotec,"[10874165.0, 10874165.0, 10874165.0, 6089532.4, 7068207.25, 10221715.1, 10874165.0, 10874165.0, 10874165.0, 10874165.0]",manufacturer,12,Demand: 6 - Capacity: pandemic,0.0018700000000000001
Pfizer,"[83916974.0, 83916974.0, 83916974.0, 46993505.44000001, 54546033.1, 78881955.56, 83916974.0, 83916974.0, 83916974.0, 83916974.0]",manufacturer,12,Demand: 6 - Capacity: pandemic,0.0018700000000000001
Sanofi,"[87429432.0, 87429432.0, 82259017.0, 45341191.28, 55568841.9, 82183666.08, 87429432.0, 87429432.0, 87429432.0, 87429432.0]",manufacturer,12,Demand: 6 - Capacity: pandemic,0.0018700000000000001
Serum_Institute,"[587114096.0, 587114096.0, 587114096.0, 328783893.7600001, 381624162.4, 551887250.24, 587114096.0, 587114096.0, 587114096.0, 587114096.0]",manufacturer,12,Demand: 6 - Capacity: pandemic,0.0018700000000000001
Diphtheria,"[581444300 522983000 801296600 736455500 916074700 1022240500 1063939700
 1058865900 1526287500 1601795000]",antigen,13,Demand: 5 - Capacity: pandemic,0.010285000000000002
HPV,"[30633600 37216400 42703400 48271500 52131400 55329100 66802400 74145900
 74147500 78883700]",antigen,13,Demand: 5 - Capacity: pandemic,0.010285000000000002
Hepatitis_B,"[415970900 388180600 350262100 375166800 420410400 487360500 434906700
 467342200 409724600 533443100]",antigen,13,Demand: 5 - Capacity: pandemic,0.010285000000000002
Hib,"[299433200 287933700 348688600 338043300 377829100 364540600 382140000
 399816100 426025300 454071000]",antigen,13,Demand: 5 - Capacity: pandemic,0.010285000000000002
Measles,"[570665100 559310700 614308200 543124700 687344900 579170800 1053447000
 690158000 330757900 1120540100]",antigen,13,Demand: 5 - Capacity: pandemic,0.010285000000000002
Mumps,"[29915900 42880800 32573500 30876900 54989500 41453200 38535600 66882700
 69737100 96361100]",antigen,13,Demand: 5 - Capacity: pandemic,0.010285000000000002
PCV,"[222556200 268654200 273946800 321722700 444595800 369710800 381844400
 455529100 470730400 902895300]",antigen,13,Demand: 5 - Capacity: pandemic,0.010285000000000002
Pertussis,"[360214500 360608200 378381300 414326900 340761600 341426400 390099300
 424364000 451424300 392313700]",antigen,13,Demand: 5 - Capacity: pandemic,0.010285000000000002
Polio,"[652386500 643240100 574863000 726677800 753423000 877586600 739684000
 803043500 849221900 738018800]",antigen,13,Demand: 5 - Capacity: pandemic,0.010285000000000002
Rotavirus,"[206578800 244793900 275584600 265721000 139046400 355831000 449939800
 601532300 804202600 1278199400]",antigen,13,Demand: 5 - Capacity: pandemic,0.010285000000000002
Rubella,"[408826200 494397000 495553000 584674400 458533300 615968200 607172500
 957920600 1168859200 578260000]",antigen,13,Demand: 5 - Capacity: pandemic,0.010285000000000002
Tetanus,"[665307800 615563200 655205600 718497200 629880900 631721600 684434000
 624472400 706152200 551363400]",antigen,13,Demand: 5 - Capacity: pandemic,0.010285000000000002
AJ_Vaccines,"[7711003.0, 7711003.0, 7094122.0, 3886345.120000001, 4861787.45, 7248342.819999999, 7711003.0, 7711003.0, 7711003.0, 7711003.0]",manufacturer,13,Demand: 5 - Capacity: pandemic,0.010285000000000002
BB_NCIPD,"[39223956.0, 39223956.0, 39223956.0, 21965415.36, 25495571.4, 36870518.64, 39223956.0, 39223956.0, 39223956.0, 39223956.0]",manufacturer,13,Demand: 5 - Capacity: pandemic,0.010285000000000002
Bharat_Biotech,"[61029105.0, 61029105.0, 61029105.0, 34176298.8, 39668918.25, 57367358.7, 61029105.0, 61029105.0, 61029105.0, 61029105.0]",manufacturer,13,Demand: 5 - Capacity: pandemic,0.010285000000000002
Bilthoven,"[12048153.0, 12048153.0, 11084301.0, 6072269.28, 7596360.850000001, 11325263.82, 12048153.0, 12048153.0, 12048153.0, 12048153.0]",manufacturer,13,Demand: 5 - Capacity: pandemic,0.010285000000000002
Biological_E,"[164885690.0, 164885690.0, 164885690.0, 92335986.4, 107175698.5, 154992548.6, 164885690.0, 164885690.0, 164885690.0, 164885690.0]",manufacturer,13,Demand: 5 - Capacity: pandemic,0.010285000000000002
China_National,"[12812242.0, 12812242.0, 12812242.0, 7174855.52, 8327957.300000001, 12043507.48, 12812242.0, 12812242.0, 12812242.0, 12812242.0]",manufacturer,13,Demand: 5 - Capacity: pandemic,0.010285000000000002
GSK,"[226762686.0, 226762686.0, 226762686.0, 126987104.16, 147395745.9, 213156924.84, 226762686.0, 226762686.0, 226762686.0, 226762686.0]",manufacturer,13,Demand: 5 - Capacity: pandemic,0.010285000000000002
Haffkine_Bio,"[80972855.0, 80972855.0, 80972855.0, 45344798.8, 52632355.75, 76114483.7, 80972855.0, 80972855.0, 80972855.0, 80972855.0]",manufacturer,13,Demand: 5 - Capacity: pandemic,0.010285000000000002
LG_Chem,"[43702188.0, 43702188.0, 43493336.0, 24327028.88, 28355514.2, 41080056.72, 43702188.0, 43702188.0, 43702188.0, 43702188.0]",manufacturer,13,Demand: 5 - Capacity: pandemic,0.010285000000000002
Merck_Sharp,"[56991052.0, 56991052.0, 56991052.0, 31914989.12, 37044183.8, 53571588.88, 56991052.0, 56991052.0, 56991052.0, 56991052.0]",manufacturer,13,Demand: 5 - Capacity: pandemic,0.010285000000000002
PT_Bio,"[45911731.0, 45911731.0, 45911731.0, 25710569.36, 29842625.15, 43157027.14, 45911731.0, 45911731.0, 45911731.0, 45911731.0]",manufacturer,13,Demand: 5 - Capacity: pandemic,0.010285000000000002
Panacea_Biotec,"[10874165.0, 10874165.0, 10874165.0, 6089532.4, 7068207.25, 10221715.1, 10874165.0, 10874165.0, 10874165.0, 10874165.0]",manufacturer,13,Demand: 5 - Capacity: pandemic,0.010285000000000002
Pfizer,"[83916974.0, 83916974.0, 83916974.0, 46993505.44000001, 54546033.1, 78881955.56, 83916974.0, 83916974.0, 83916974.0, 83916974.0]",manufacturer,13,Demand: 5 - Capacity: pandemic,0.010285000000000002
Sanofi,"[87429432.0, 87429432.0, 82259017.0, 45341191.28, 55568841.9, 82183666.08, 87429432.0, 87429432.0, 87429432.0, 87429432.0]",manufacturer,13,Demand: 5 - Capacity: pandemic,0.010285000000000002
Serum_Institute,"[587114096.0, 587114096.0, 587114096.0, 328783893.7600001, 381624162.4, 551887250.24, 587114096.0, 587114096.0, 587114096.0, 587114096.0]",manufacturer,13,Demand: 5 - Capacity: pandemic,0.010285000000000002
Diphtheria,"[670487400 735223400 677717200 802467500 967639900 1081033700 1100762400
 1063053300 2147483648 1209481000]",antigen,14,Demand: 4 - Capacity: pandemic,0.00352
HPV,"[30334800 35937000 39631100 46530800 51332300 61773100 70626000 77523300
 90316100 96557800]",antigen,14,Demand: 4 - Capacity: pandemic,0.00352
Hepatitis_B,"[370407500 444508300 399556600 426122800 423485500 418566300 307698900
 354228100 613698000 433404100]",antigen,14,Demand: 4 - Capacity: pandemic,0.00352
Hib,"[281761500 293066700 346902200 330750100 358004200 351235200 328019400
 360224500 420677000 368138300]",antigen,14,Demand: 4 - Capacity: pandemic,0.00352
Measles,"[353668900 489897600 638311200 403718000 676101000 661328300 1003061300
 815416800 1187197600 547798800]",antigen,14,Demand: 4 - Capacity: pandemic,0.00352
Mumps,"[25649100 28849400 39045200 39722700 36402400 27034800 45075800 60712500
 54612500 29676400]",antigen,14,Demand: 4 - Capacity: pandemic,0.00352
PCV,"[211790700 226310500 305294700 272866400 319420400 420952100 428136200
 287020700 528636500 318672000]",antigen,14,Demand: 4 - Capacity: pandemic,0.00352
Pertussis,"[351095500 342628700 356906100 342541800 348739500 360337100 381747400
 376965100 330916900 258759400]",antigen,14,Demand: 4 - Capacity: pandemic,0.00352
Polio,"[614187100 654523900 665289500 726314000 767137300 824302900 825918000
 838587200 825905500 1162269500]",antigen,14,Demand: 4 - Capacity: pandemic,0.00352
Rotavirus,"[209202600 181239300 315516000 294039300 257511300 381815400 479180500
 492327200 991227200 307926400]",antigen,14,Demand: 4 - Capacity: pandemic,0.00352
Rubella,"[337697800 430499200 284148500 402899500 427746000 632589800 549036000
 518741000 566111500 368942400]",antigen,14,Demand: 4 - Capacity: pandemic,0.00352
Tetanus,"[615261700 628073100 584840600 659296500 664099600 698020100 751701100
 551029500 767677700 776856700]",antigen,14,Demand: 4 - Capacity: pandemic,0.00352
AJ_Vaccines,"[7711003.0, 7711003.0, 7094122.0, 3886345.120000001, 4861787.45, 7248342.819999999, 7711003.0, 7711003.0, 7711003.0, 7711003.0]",manufacturer,14,Demand: 4 - Capacity: pandemic,0.00352
BB_NCIPD,"[39223956.0, 39223956.0, 39223956.0, 21965415.36, 25495571.4, 36870518.64, 39223956.0, 39223956.0, 39223956.0, 39223956.0]",manufacturer,14,Demand: 4 - Capacity: pandemic,0.00352
Bharat_Biotech,"[61029105.0, 61029105.0, 61029105.0, 34176298.8, 39668918.25, 57367358.7, 61029105.0, 61029105.0, 61029105.0, 61029105.0]",manufacturer,14,Demand: 4 - Capacity: pandemic,0.00352
Bilthoven,"[12048153.0, 12048153.0, 11084301.0, 6072269.28, 7596360.850000001, 11325263.82, 12048153.0, 12048153.0, 12048153.0, 12048153.0]",manufacturer,14,Demand: 4 - Capacity: pandemic,0.00352
Biological_E,"[164885690.0, 164885690.0, 164885690.0, 92335986.4, 107175698.5, 154992548.6, 164885690.0, 164885690.0, 164885690.0, 164885690.0]",manufacturer,14,Demand: 4 - Capacity: pandemic,0.00352
China_National,"[12812242.0, 12812242.0, 12812242.0, 7174855.52, 8327957.300000001, 12043507.48, 12812242.0, 12812242.0, 12812242.0, 12812242.0]",manufacturer,14,Demand: 4 - Capacity: pandemic,0.00352
GSK,"[226762686.0, 226762686.0, 226762686.0, 126987104.16, 147395745.9, 213156924.84, 226762686.0, 226762686.0, 226762686.0, 226762686.0]",manufacturer,14,Demand: 4 - Capacity: pandemic,0.00352
Haffkine_Bio,"[80972855.0, 80972855.0, 80972855.0, 45344798.8, 52632355.75, 76114483.7, 80972855.0, 80972855.0, 80972855.0, 80972855.0]",manufacturer,14,Demand: 4 - Capacity: pandemic,0.00352
LG_Chem,"[43702188.0, 43702188.0, 43493336.0, 24327028.88, 28355514.2, 41080056.72, 43702188.0, 43702188.0, 43702188.0, 43702188.0]",manufacturer,14,Demand: 4 - Capacity: pandemic,0.00352
Merck_Sharp,"[56991052.0, 56991052.0, 56991052.0, 31914989.12, 37044183.8, 53571588.88, 56991052.0, 56991052.0, 56991052.0, 56991052.0]",manufacturer,14,Demand: 4 - Capacity: pandemic,0.00352
PT_Bio,"[45911731.0, 45911731.0, 45911731.0, 25710569.36, 29842625.15, 43157027.14, 45911731.0, 45911731.0, 45911731.0, 45911731.0]",manufacturer,14,Demand: 4 - Capacity: pandemic,0.00352
Panacea_Biotec,"[10874165.0, 10874165.0, 10874165.0, 6089532.4, 7068207.25, 10221715.1, 10874165.0, 10874165.0, 10874165.0, 10874165.0]",manufacturer,14,Demand: 4 - Capacity: pandemic,0.00352
Pfizer,"[83916974.0, 83916974.0, 83916974.0, 46993505.44000001, 54546033.1, 78881955.56, 83916974.0, 83916974.0, 83916974.0, 83916974.0]",manufacturer,14,Demand: 4 - Capacity: pandemic,0.00352
Sanofi,"[87429432.0, 87429432.0, 82259017.0, 45341191.28, 55568841.9, 82183666.08, 87429432.0, 87429432.0, 87429432.0, 87429432.0]",manufacturer,14,Demand: 4 - Capacity: pandemic,0.00352
Serum_Institute,"[587114096.0, 587114096.0, 587114096.0, 328783893.7600001, 381624162.4, 551887250.24, 587114096.0, 587114096.0, 587114096.0, 587114096.0]",manufacturer,14,Demand: 4 - Capacity: pandemic,0.00352
Diphtheria,"[698092700 777470800 820389200 835304100 942971100 833464100 1345958700
 1491305500 1224775600 2147483648]",antigen,15,Demand: 3 - Capacity: pandemic,0.008305
HPV,"[28964500 35811700 38689000 46939600 51718400 58695200 66608700 67270900
 90442800 82309200]",antigen,15,Demand: 3 - Capacity: pandemic,0.008305
Hepatitis_B,"[367794100 400191400 379740400 437196300 360947900 378720600 362889600
 417680100 270106000 367548300]",antigen,15,Demand: 3 - Capacity: pandemic,0.008305
Hib,"[316433200 302792900 339239700 342566800 332089500 350984400 383264800
 392851900 363416400 425222700]",antigen,15,Demand: 3 - Capacity: pandemic,0.008305
Measles,"[463676600 570622500 454167100 806025900 848281600 705620500 761611500
 677237400 823511600 633617500]",antigen,15,Demand: 3 - Capacity: pandemic,0.008305
Mumps,"[23093500 24442800 27787300 44732600 31925200 33114600 54943500 65230000
 78861900 67219600]",antigen,15,Demand: 3 - Capacity: pandemic,0.008305
PCV,"[228140100 293972900 280196100 344667600 315166900 378101600 402441200
 580352000 312482300 334129000]",antigen,15,Demand: 3 - Capacity: pandemic,0.008305
Pertussis,"[364692000 345936400 359926400 368572400 330632300 357802900 369397300
 295244400 427464000 371042600]",antigen,15,Demand: 3 - Capacity: pandemic,0.008305
Polio,"[603345500 655574500 694963800 708181800 677996900 840687100 808107400
 861154600 1059663600 980287300]",antigen,15,Demand: 3 - Capacity: pandemic,0.008305
Rotavirus,"[157053900 184442900 251870200 182109400 303972700 302459400 413883000
 550021000 455392700 284730800]",antigen,15,Demand: 3 - Capacity: pandemic,0.008305
Rubella,"[407188800 390935900 580177400 403616000 489912100 721479200 587356700
 522360700 605891600 1007629000]",antigen,15,Demand: 3 - Capacity: pandemic,0.008305
Tetanus,"[615050500 621090700 637994400 671745700 776966300 708346100 703875400
 749080900 712086700 690684800]",antigen,15,Demand: 3 - Capacity: pandemic,0.008305
AJ_Vaccines,"[7711003.0, 7711003.0, 7094122.0, 3886345.120000001, 4861787.45, 7248342.819999999, 7711003.0, 7711003.0, 7711003.0, 7711003.0]",manufacturer,15,Demand: 3 - Capacity: pandemic,0.008305
BB_NCIPD,"[39223956.0, 39223956.0, 39223956.0, 21965415.36, 25495571.4, 36870518.64, 39223956.0, 39223956.0, 39223956.0, 39223956.0]",manufacturer,15,Demand: 3 - Capacity: pandemic,0.008305
Bharat_Biotech,"[61029105.0, 61029105.0, 61029105.0, 34176298.8, 39668918.25, 57367358.7, 61029105.0, 61029105.0, 61029105.0, 61029105.0]",manufacturer,15,Demand: 3 - Capacity: pandemic,0.008305
Bilthoven,"[12048153.0, 12048153.0, 11084301.0, 6072269.28, 7596360.850000001, 11325263.82, 12048153.0, 12048153.0, 12048153.0, 12048153.0]",manufacturer,15,Demand: 3 - Capacity: pandemic,0.008305
Biological_E,"[164885690.0, 164885690.0, 164885690.0, 92335986.4, 107175698.5, 154992548.6, 164885690.0, 164885690.0, 164885690.0, 164885690.0]",manufacturer,15,Demand: 3 - Capacity: pandemic,0.008305
China_National,"[12812242.0, 12812242.0, 12812242.0, 7174855.52, 8327957.300000001, 12043507.48, 12812242.0, 12812242.0, 12812242.0, 12812242.0]",manufacturer,15,Demand: 3 - Capacity: pandemic,0.008305
GSK,"[226762686.0, 226762686.0, 226762686.0, 126987104.16, 147395745.9, 213156924.84, 226762686.0, 226762686.0, 226762686.0, 226762686.0]",manufacturer,15,Demand: 3 - Capacity: pandemic,0.008305
Haffkine_Bio,"[80972855.0, 80972855.0, 80972855.0, 45344798.8, 52632355.75, 76114483.7, 80972855.0, 80972855.0, 80972855.0, 80972855.0]",manufacturer,15,Demand: 3 - Capacity: pandemic,0.008305
LG_Chem,"[43702188.0, 43702188.0, 43493336.0, 24327028.88, 28355514.2, 41080056.72, 43702188.0, 43702188.0, 43702188.0, 43702188.0]",manufacturer,15,Demand: 3 - Capacity: pandemic,0.008305
Merck_Sharp,"[56991052.0, 56991052.0, 56991052.0, 31914989.12, 37044183.8, 53571588.88, 56991052.0, 56991052.0, 56991052.0, 56991052.0]",manufacturer,15,Demand: 3 - Capacity: pandemic,0.008305
PT_Bio,"[45911731.0, 45911731.0, 45911731.0, 25710569.36, 29842625.15, 43157027.14, 45911731.0, 45911731.0, 45911731.0, 45911731.0]",manufacturer,15,Demand: 3 - Capacity: pandemic,0.008305
Panacea_Biotec,"[10874165.0, 10874165.0, 10874165.0, 6089532.4, 7068207.25, 10221715.1, 10874165.0, 10874165.0, 10874165.0, 10874165.0]",manufacturer,15,Demand: 3 - Capacity: pandemic,0.008305
Pfizer,"[83916974.0, 83916974.0, 83916974.0, 46993505.44000001, 54546033.1, 78881955.56, 83916974.0, 83916974.0, 83916974.0, 83916974.0]",manufacturer,15,Demand: 3 - Capacity: pandemic,0.008305
Sanofi,"[87429432.0, 87429432.0, 82259017.0, 45341191.28, 55568841.9, 82183666.08, 87429432.0, 87429432.0, 87429432.0, 87429432.0]",manufacturer,15,Demand: 3 - Capacity: pandemic,0.008305
Serum_Institute,"[587114096.0, 587114096.0, 587114096.0, 328783893.7600001, 381624162.4, 551887250.24, 587114096.0, 587114096.0, 587114096.0, 587114096.0]",manufacturer,15,Demand: 3 - Capacity: pandemic,0.008305
Diphtheria,"[581444300 522983000 801296600 736455500 916074700 1022240500 1063939700
 1058865900 1526287500 1601795000]",antigen,16,Demand: 5 - Capacity: funding_delay,0.029097200000000007
HPV,"[30633600 37216400 42703400 48271500 52131400 55329100 66802400 74145900
 74147500 78883700]",antigen,16,Demand: 5 - Capacity: funding_delay,0.029097200000000007
Hepatitis_B,"[415970900 388180600 350262100 375166800 420410400 487360500 434906700
 467342200 409724600 533443100]",antigen,16,Demand: 5 - Capacity: funding_delay,0.029097200000000007
Hib,"[299433200 287933700 348688600 338043300 377829100 364540600 382140000
 399816100 426025300 454071000]",antigen,16,Demand: 5 - Capacity: funding_delay,0.029097200000000007
Measles,"[570665100 559310700 614308200 543124700 687344900 579170800 1053447000
 690158000 330757900 1120540100]",antigen,16,Demand: 5 - Capacity: funding_delay,0.029097200000000007
Mumps,"[29915900 42880800 32573500 30876900 54989500 41453200 38535600 66882700
 69737100 96361100]",antigen,16,Demand: 5 - Capacity: funding_delay,0.029097200000000007
PCV,"[222556200 268654200 273946800 321722700 444595800 369710800 381844400
 455529100 470730400 902895300]",antigen,16,Demand: 5 - Capacity: funding_delay,0.029097200000000007
Pertussis,"[360214500 360608200 378381300 414326900 340761600 341426400 390099300
 424364000 451424300 392313700]",antigen,16,Demand: 5 - Capacity: funding_delay,0.029097200000000007
Polio,"[652386500 643240100 574863000 726677800 753423000 877586600 739684000
 803043500 849221900 738018800]",antigen,16,Demand: 5 - Capacity: funding_delay,0.029097200000000007
Rotavirus,"[206578800 244793900 275584600 265721000 139046400 355831000 449939800
 601532300 804202600 1278199400]",antigen,16,Demand: 5 - Capacity: funding_delay,0.029097200000000007
Rubella,"[408826200 494397000 495553000 584674400 458533300 615968200 607172500
 957920600 1168859200 578260000]",antigen,16,Demand: 5 - Capacity: funding_delay,0.029097200000000007
Tetanus,"[665307800 615563200 655205600 718497200 629880900 631721600 684434000
 624472400 706152200 551363400]",antigen,16,Demand: 5 - Capacity: funding_delay,0.029097200000000007
AJ_Vaccines,"[7711003.0, 7711003.0, 7094122.0, 6939902.0, 7479673.0, 7711003.0, 7711003.0, 7711003.0, 7711003.0, 7711003.0]",manufacturer,16,Demand: 5 - Capacity: funding_delay,0.029097200000000007
BB_NCIPD,"[39147073.0, 39223956.0, 39223956.0, 39223956.0, 39223956.0, 39223956.0, 39223956.0, 39223956.0, 39223956.0, 39223956.0]",manufacturer,16,Demand: 5 - Capacity: funding_delay,0.029097200000000007
Bharat_Biotech,"[61029105.0, 61029105.0, 61029105.0, 61029105.0, 61029105.0, 61029105.0, 61029105.0, 61029105.0, 61029105.0, 61029105.0]",manufacturer,16,Demand: 5 - Capacity: funding_delay,0.029097200000000007
Bilthoven,"[12048153.0, 12048153.0, 11084301.0, 10843338.0, 11686709.0, 12048153.0, 12048153.0, 12048153.0, 12048153.0, 12048153.0]",manufacturer,16,Demand: 5 - Capacity: funding_delay,0.029097200000000007
Biological_E,"[164885690.0, 164885690.0, 164885690.0, 164885690.0, 164885690.0, 163879088.0, 164885690.0, 164885690.0, 164885690.0, 164885690.0]",manufacturer,16,Demand: 5 - Capacity: funding_delay,0.029097200000000007
China_National,"[12812242.0, 12812242.0, 12812242.0, 12812242.0, 12812242.0, 12812242.0, 12812242.0, 12812242.0, 12812242.0, 12812242.0]",manufacturer,16,Demand: 5 - Capacity: funding_delay,0.029097200000000007
GSK,"[226762686.0, 226762686.0, 226762686.0, 226762686.0, 226762686.0, 226762686.0, 226762686.0, 226762686.0, 226762686.0, 226762686.0]",manufacturer,16,Demand: 5 - Capacity: funding_delay,0.029097200000000007
Haffkine_Bio,"[80972855.0, 80972855.0, 80972855.0, 80972855.0, 80972855.0, 80972855.0, 80972855.0, 80972855.0, 80972855.0, 80972855.0]",manufacturer,16,Demand: 5 - Capacity: funding_delay,0.029097200000000007
LG_Chem,"[43702188.0, 43702188.0, 43493336.0, 43441123.0, 43623868.0, 43702188.0, 43702188.0, 43702188.0, 43702188.0, 43702188.0]",manufacturer,16,Demand: 5 - Capacity: funding_delay,0.029097200000000007
Merck_Sharp,"[56991052.0, 56991052.0, 56991052.0, 56991052.0, 56991052.0, 56991052.0, 56991052.0, 56991052.0, 56991052.0, 56991052.0]",manufacturer,16,Demand: 5 - Capacity: funding_delay,0.029097200000000007
PT_Bio,"[45864272.0, 45911731.0, 45911731.0, 45911731.0, 45436226.0, 45911731.0, 45911731.0, 45911731.0, 45911731.0, 45911731.0]",manufacturer,16,Demand: 5 - Capacity: funding_delay,0.029097200000000007
Panacea_Biotec,"[10874165.0, 10874165.0, 10874165.0, 10874165.0, 10874165.0, 10874165.0, 10874165.0, 10874165.0, 10874165.0, 10874165.0]",manufacturer,16,Demand: 5 - Capacity: funding_delay,0.029097200000000007
Pfizer,"[83916974.0, 83916974.0, 83916974.0, 83916974.0, 83916974.0, 83916974.0, 83916974.0, 83916974.0, 83916974.0, 83916974.0]",manufacturer,16,Demand: 5 - Capacity: funding_delay,0.029097200000000007
Sanofi,"[87429432.0, 87429432.0, 82229737.0, 80966413.0, 85490526.0, 87429432.0, 87429432.0, 87429432.0, 87429432.0, 87429432.0]",manufacturer,16,Demand: 5 - Capacity: funding_delay,0.029097200000000007
Serum_Institute,"[587114096.0, 587114096.0, 587114096.0, 587114096.0, 584474822.0, 583233946.0, 587114096.0, 587114096.0, 587114096.0, 587114096.0]",manufacturer,16,Demand: 5 - Capacity: funding_delay,0.029097200000000007
Diphtheria,"[698092700 777470800 820389200 835304100 942971100 833464100 1345958700
 1491305500 1224775600 2147483648]",antigen,17,Demand: 3 - Capacity: funding_delay,0.0234956
HPV,"[28964500 35811700 38689000 46939600 51718400 58695200 66608700 67270900
 90442800 82309200]",antigen,17,Demand: 3 - Capacity: funding_delay,0.0234956
Hepatitis_B,"[367794100 400191400 379740400 437196300 360947900 378720600 362889600
 417680100 270106000 367548300]",antigen,17,Demand: 3 - Capacity: funding_delay,0.0234956
Hib,"[316433200 302792900 339239700 342566800 332089500 350984400 383264800
 392851900 363416400 425222700]",antigen,17,Demand: 3 - Capacity: funding_delay,0.0234956
Measles,"[463676600 570622500 454167100 806025900 848281600 705620500 761611500
 677237400 823511600 633617500]",antigen,17,Demand: 3 - Capacity: funding_delay,0.0234956
Mumps,"[23093500 24442800 27787300 44732600 31925200 33114600 54943500 65230000
 78861900 67219600]",antigen,17,Demand: 3 - Capacity: funding_delay,0.0234956
PCV,"[228140100 293972900 280196100 344667600 315166900 378101600 402441200
 580352000 312482300 334129000]",antigen,17,Demand: 3 - Capacity: funding_delay,0.0234956
Pertussis,"[364692000 345936400 359926400 368572400 330632300 357802900 369397300
 295244400 427464000 371042600]",antigen,17,Demand: 3 - Capacity: funding_delay,0.0234956
Polio,"[603345500 655574500 694963800 708181800 677996900 840687100 808107400
 861154600 1059663600 980287300]",antigen,17,Demand: 3 - Capacity: funding_delay,0.0234956
Rotavirus,"[157053900 184442900 251870200 182109400 303972700 302459400 413883000
 550021000 455392700 284730800]",antigen,17,Demand: 3 - Capacity: funding_delay,0.0234956
Rubella,"[407188800 390935900 580177400 403616000 489912100 721479200 587356700
 522360700 605891600 1007629000]",antigen,17,Demand: 3 - Capacity: funding_delay,0.0234956
Tetanus,"[615050500 621090700 637994400 671745700 776966300 708346100 703875400
 749080900 712086700 690684800]",antigen,17,Demand: 3 - Capacity: funding_delay,0.0234956
AJ_Vaccines,"[7711003.0, 7711003.0, 7094122.0, 6939902.0, 7479673.0, 7711003.0, 7711003.0, 7711003.0, 7711003.0, 7711003.0]",manufacturer,17,Demand: 3 - Capacity: funding_delay,0.0234956
BB_NCIPD,"[39147073.0, 39223956.0, 39223956.0, 39223956.0, 39223956.0, 39223956.0, 39223956.0, 39223956.0, 39223956.0, 39223956.0]",manufacturer,17,Demand: 3 - Capacity: funding_delay,0.0234956
Bharat_Biotech,"[61029105.0, 61029105.0, 61029105.0, 61029105.0, 61029105.0, 61029105.0, 61029105.0, 61029105.0, 61029105.0, 61029105.0]",manufacturer,17,Demand: 3 - Capacity: funding_delay,0.0234956
Bilthoven,"[12048153.0, 12048153.0, 11084301.0, 10843338.0, 11686709.0, 12048153.0, 12048153.0, 12048153.0, 12048153.0, 12048153.0]",manufacturer,17,Demand: 3 - Capacity: funding_delay,0.0234956
Biological_E,"[164885690.0, 164885690.0, 164885690.0, 164885690.0, 164885690.0, 163879088.0, 164885690.0, 164885690.0, 164885690.0, 164885690.0]",manufacturer,17,Demand: 3 - Capacity: funding_delay,0.0234956
China_National,"[12812242.0, 12812242.0, 12812242.0, 12812242.0, 12812242.0, 12812242.0, 12812242.0, 12812242.0, 12812242.0, 12812242.0]",manufacturer,17,Demand: 3 - Capacity: funding_delay,0.0234956
GSK,"[226762686.0, 226762686.0, 226762686.0, 226762686.0, 226762686.0, 226762686.0, 226762686.0, 226762686.0, 226762686.0, 226762686.0]",manufacturer,17,Demand: 3 - Capacity: funding_delay,0.0234956
Haffkine_Bio,"[80972855.0, 80972855.0, 80972855.0, 80972855.0, 80972855.0, 80972855.0, 80972855.0, 80972855.0, 80972855.0, 80972855.0]",manufacturer,17,Demand: 3 - Capacity: funding_delay,0.0234956
LG_Chem,"[43702188.0, 43702188.0, 43493336.0, 43441123.0, 43623868.0, 43702188.0, 43702188.0, 43702188.0, 43702188.0, 43702188.0]",manufacturer,17,Demand: 3 - Capacity: funding_delay,0.0234956
Merck_Sharp,"[56991052.0, 56991052.0, 56991052.0, 56991052.0, 56991052.0, 56991052.0, 56991052.0, 56991052.0, 56991052.0, 56991052.0]",manufacturer,17,Demand: 3 - Capacity: funding_delay,0.0234956
PT_Bio,"[45864272.0, 45911731.0, 45911731.0, 45911731.0, 45436226.0, 45911731.0, 45911731.0, 45911731.0, 45911731.0, 45911731.0]",manufacturer,17,Demand: 3 - Capacity: funding_delay,0.0234956
Panacea_Biotec,"[10874165.0, 10874165.0, 10874165.0, 10874165.0, 10874165.0, 10874165.0, 10874165.0, 10874165.0, 10874165.0, 10874165.0]",manufacturer,17,Demand: 3 - Capacity: funding_delay,0.0234956
Pfizer,"[83916974.0, 83916974.0, 83916974.0, 83916974.0, 83916974.0, 83916974.0, 83916974.0, 83916974.0, 83916974.0, 83916974.0]",manufacturer,17,Demand: 3 - Capacity: funding_delay,0.0234956
Sanofi,"[87429432.0, 87429432.0, 82229737.0, 80966413.0, 85490526.0, 87429432.0, 87429432.0, 87429432.0, 87429432.0, 87429432.0]",manufacturer,17,Demand: 3 - Capacity: funding_delay,0.0234956
Serum_Institute,"[587114096.0, 587114096.0, 587114096.0, 587114096.0, 584474822.0, 583233946.0, 587114096.0, 587114096.0, 587114096.0, 587114096.0]",manufacturer,17,Demand: 3 - Capacity: funding_delay,0.0234956
Diphtheria,"[711050900 679613900 917355100 836818100 746278900 922058400 1426859000
 1175127700 973057200 683673500]",antigen,18,Demand: 2 - Capacity: funding_delay,0.0099584
HPV,"[29266600 35276000 39728900 46412200 53476900 58358000 66330900 72908300
 75298300 90917800]",antigen,18,Demand: 2 - Capacity: funding_delay,0.0099584
Hepatitis_B,"[313064100 382531200 437092100 429619500 393742900 369097400 442800200
 528674500 443817200 451808800]",antigen,18,Demand: 2 - Capacity: funding_delay,0.0099584
Hib,"[286677800 306061700 285422200 361438000 341935900 360397500 372502800
 382097300 409937600 418451200]",antigen,18,Demand: 2 - Capacity: funding_delay,0.0099584
Measles,"[518619900 375746400 398902700 542762500 713609600 811118000 736873900
 888747300 907113900 1156756300]",antigen,18,Demand: 2 - Capacity: funding_delay,0.0099584
Mumps,"[30963300 26656000 28518400 31697300 36449300 57974700 42272200 43307200
 42762600 62740800]",antigen,18,Demand: 2 - Capacity: funding_delay,0.0099584
PCV,"[230807600 252874000 253518100 358761500 378449000 338860200 414534900
 389114800 490285100 600132100]",antigen,18,Demand: 2 - Capacity: funding_delay,0.0099584
Pertussis,"[377184400 390393100 371773400 340315800 366275200 384359400 367113300
 405201700 364753200 404717500]",antigen,18,Demand: 2 - Capacity: funding_delay,0.0099584
Polio,"[608569400 624020000 553923300 730725000 729740400 776213400 853164200
 874966100 822064900 926389900]",antigen,18,Demand: 2 - Capacity: funding_delay,0.0099584
Rotavirus,"[202102100 155841000 236069900 312315400 307625200 297413300 443961600
 554686000 622167600 824016700]",antigen,18,Demand: 2 - Capacity: funding_delay,0.0099584
Rubella,"[325694200 395129200 347429400 601371100 523107200 513020400 709081300
 680422400 789246000 777607700]",antigen,18,Demand: 2 - Capacity: funding_delay,0.0099584
Tetanus,"[663050300 640523300 688976600 667612000 592749800 672927700 695883700
 735641400 733819100 737757700]",antigen,18,Demand: 2 - Capacity: funding_delay,0.0099584
AJ_Vaccines,"[7711003.0, 7711003.0, 7094122.0, 6939902.0, 7479673.0, 7711003.0, 7711003.0, 7711003.0, 7711003.0, 7711003.0]",manufacturer,18,Demand: 2 - Capacity: funding_delay,0.0099584
BB_NCIPD,"[39147073.0, 39223956.0, 39223956.0, 39223956.0, 39223956.0, 39223956.0, 39223956.0, 39223956.0, 39223956.0, 39223956.0]",manufacturer,18,Demand: 2 - Capacity: funding_delay,0.0099584
Bharat_Biotech,"[61029105.0, 61029105.0, 61029105.0, 61029105.0, 61029105.0, 61029105.0, 61029105.0, 61029105.0, 61029105.0, 61029105.0]",manufacturer,18,Demand: 2 - Capacity: funding_delay,0.0099584
Bilthoven,"[12048153.0, 12048153.0, 11084301.0, 10843338.0, 11686709.0, 12048153.0, 12048153.0, 12048153.0, 12048153.0, 12048153.0]",manufacturer,18,Demand: 2 - Capacity: funding_delay,0.0099584
Biological_E,"[164885690.0, 164885690.0, 164885690.0, 164885690.0, 164885690.0, 163879088.0, 164885690.0, 164885690.0, 164885690.0, 164885690.0]",manufacturer,18,Demand: 2 - Capacity: funding_delay,0.0099584
China_National,"[12812242.0, 12812242.0, 12812242.0, 12812242.0, 12812242.0, 12812242.0, 12812242.0, 12812242.0, 12812242.0, 12812242.0]",manufacturer,18,Demand: 2 - Capacity: funding_delay,0.0099584
GSK,"[226762686.0, 226762686.0, 226762686.0, 226762686.0, 226762686.0, 226762686.0, 226762686.0, 226762686.0, 226762686.0, 226762686.0]",manufacturer,18,Demand: 2 - Capacity: funding_delay,0.0099584
Haffkine_Bio,"[80972855.0, 80972855.0, 80972855.0, 80972855.0, 80972855.0, 80972855.0, 80972855.0, 80972855.0, 80972855.0, 80972855.0]",manufacturer,18,Demand: 2 - Capacity: funding_delay,0.0099584
LG_Chem,"[43702188.0, 43702188.0, 43493336.0, 43441123.0, 43623868.0, 43702188.0, 43702188.0, 43702188.0, 43702188.0, 43702188.0]",manufacturer,18,Demand: 2 - Capacity: funding_delay,0.0099584
Merck_Sharp,"[56991052.0, 56991052.0, 56991052.0, 56991052.0, 56991052.0, 56991052.0, 56991052.0, 56991052.0, 56991052.0, 56991052.0]",manufacturer,18,Demand: 2 - Capacity: funding_delay,0.0099584
PT_Bio,"[45864272.0, 45911731.0, 45911731.0, 45911731.0, 45436226.0, 45911731.0, 45911731.0, 45911731.0, 45911731.0, 45911731.0]",manufacturer,18,Demand: 2 - Capacity: funding_delay,0.0099584
Panacea_Biotec,"[10874165.0, 10874165.0, 10874165.0, 10874165.0, 10874165.0, 10874165.0, 10874165.0, 10874165.0, 10874165.0, 10874165.0]",manufacturer,18,Demand: 2 - Capacity: funding_delay,0.0099584
Pfizer,"[83916974.0, 83916974.0, 83916974.0, 83916974.0, 83916974.0, 83916974.0, 83916974.0, 83916974.0, 83916974.0, 83916974.0]",manufacturer,18,Demand: 2 - Capacity: funding_delay,0.0099584
Sanofi,"[87429432.0, 87429432.0, 82229737.0, 80966413.0, 85490526.0, 87429432.0, 87429432.0, 87429432.0, 87429432.0, 87429432.0]",manufacturer,18,Demand: 2 - Capacity: funding_delay,0.0099584
Serum_Institute,"[587114096.0, 587114096.0, 587114096.0, 587114096.0, 584474822.0, 583233946.0, 587114096.0, 587114096.0, 587114096.0, 587114096.0]",manufacturer,18,Demand: 2 - Capacity: funding_delay,0.0099584
Diphtheria,"[670487400 735223400 677717200 802467500 967639900 1081033700 1100762400
 1063053300 2147483648 1209481000]",antigen,19,Demand: 4 - Capacity: funding_delay,0.0099584
HPV,"[30334800 35937000 39631100 46530800 51332300 61773100 70626000 77523300
 90316100 96557800]",antigen,19,Demand: 4 - Capacity: funding_delay,0.0099584
Hepatitis_B,"[370407500 444508300 399556600 426122800 423485500 418566300 307698900
 354228100 613698000 433404100]",antigen,19,Demand: 4 - Capacity: funding_delay,0.0099584
Hib,"[281761500 293066700 346902200 330750100 358004200 351235200 328019400
 360224500 420677000 368138300]",antigen,19,Demand: 4 - Capacity: funding_delay,0.0099584
Measles,"[353668900 489897600 638311200 403718000 676101000 661328300 1003061300
 815416800 1187197600 547798800]",antigen,19,Demand: 4 - Capacity: funding_delay,0.0099584
Mumps,"[25649100 28849400 39045200 39722700 36402400 27034800 45075800 60712500
 54612500 29676400]",antigen,19,Demand: 4 - Capacity: funding_delay,0.0099584
PCV,"[211790700 226310500 305294700 272866400 319420400 420952100 428136200
 287020700 528636500 318672000]",antigen,19,Demand: 4 - Capacity: funding_delay,0.0099584
Pertussis,"[351095500 342628700 356906100 342541800 348739500 360337100 381747400
 376965100 330916900 258759400]",antigen,19,Demand: 4 - Capacity: funding_delay,0.0099584
Polio,"[614187100 654523900 665289500 726314000 767137300 824302900 825918000
 838587200 825905500 1162269500]",antigen,19,Demand: 4 - Capacity: funding_delay,0.0099584
Rotavirus,"[209202600 181239300 315516000 294039300 257511300 381815400 479180500
 492327200 991227200 307926400]",antigen,19,Demand: 4 - Capacity: funding_delay,0.0099584
Rubella,"[337697800 430499200 284148500 402899500 427746000 632589800 549036000
 518741000 566111500 368942400]",antigen,19,Demand: 4 - Capacity: funding_delay,0.0099584
Tetanus,"[615261700 628073100 584840600 659296500 664099600 698020100 751701100
 551029500 767677700 776856700]",antigen,19,Demand: 4 - Capacity: funding_delay,0.0099584
AJ_Vaccines,"[7711003.0, 7711003.0, 7094122.0, 6939902.0, 7479673.0, 7711003.0, 7711003.0, 7711003.0, 7711003.0, 7711003.0]",manufacturer,19,Demand: 4 - Capacity: funding_delay,0.0099584
BB_NCIPD,"[39147073.0, 39223956.0, 39223956.0, 39223956.0, 39223956.0, 39223956.0, 39223956.0, 39223956.0, 39223956.0, 39223956.0]",manufacturer,19,Demand: 4 - Capacity: funding_delay,0.0099584
Bharat_Biotech,"[61029105.0, 61029105.0, 61029105.0, 61029105.0, 61029105.0, 61029105.0, 61029105.0, 61029105.0, 61029105.0, 61029105.0]",manufacturer,19,Demand: 4 - Capacity: funding_delay,0.0099584
Bilthoven,"[12048153.0, 12048153.0, 11084301.0, 10843338.0, 11686709.0, 12048153.0, 12048153.0, 12048153.0, 12048153.0, 12048153.0]",manufacturer,19,Demand: 4 - Capacity: funding_delay,0.0099584
Biological_E,"[164885690.0, 164885690.0, 164885690.0, 164885690.0, 164885690.0, 163879088.0, 164885690.0, 164885690.0, 164885690.0, 164885690.0]",manufacturer,19,Demand: 4 - Capacity: funding_delay,0.0099584
China_National,"[12812242.0, 12812242.0, 12812242.0, 12812242.0, 12812242.0, 12812242.0, 12812242.0, 12812242.0, 12812242.0, 12812242.0]",manufacturer,19,Demand: 4 - Capacity: funding_delay,0.0099584
GSK,"[226762686.0, 226762686.0, 226762686.0, 226762686.0, 226762686.0, 226762686.0, 226762686.0, 226762686.0, 226762686.0, 226762686.0]",manufacturer,19,Demand: 4 - Capacity: funding_delay,0.0099584
Haffkine_Bio,"[80972855.0, 80972855.0, 80972855.0, 80972855.0, 80972855.0, 80972855.0, 80972855.0, 80972855.0, 80972855.0, 80972855.0]",manufacturer,19,Demand: 4 - Capacity: funding_delay,0.0099584
LG_Chem,"[43702188.0, 43702188.0, 43493336.0, 43441123.0, 43623868.0, 43702188.0, 43702188.0, 43702188.0, 43702188.0, 43702188.0]",manufacturer,19,Demand: 4 - Capacity: funding_delay,0.0099584
Merck_Sharp,"[56991052.0, 56991052.0, 56991052.0, 56991052.0, 56991052.0, 56991052.0, 56991052.0, 56991052.0, 56991052.0, 56991052.0]",manufacturer,19,Demand: 4 - Capacity: funding_delay,0.0099584
PT_Bio,"[45864272.0, 45911731.0, 45911731.0, 45911731.0, 45436226.0, 45911731.0, 45911731.0, 45911731.0, 45911731.0, 45911731.0]",manufacturer,19,Demand: 4 - Capacity: funding_delay,0.0099584
Panacea_Biotec,"[10874165.0, 10874165.0, 10874165.0, 10874165.0, 10874165.0, 10874165.0, 10874165.0, 10874165.0, 10874165.0, 10874165.0]",manufacturer,19,Demand: 4 - Capacity: funding_delay,0.0099584
Pfizer,"[83916974.0, 83916974.0, 83916974.0, 83916974.0, 83916974.0, 83916974.0, 83916974.0, 83916974.0, 83916974.0, 83916974.0]",manufacturer,19,Demand: 4 - Capacity: funding_delay,0.0099584
Sanofi,"[87429432.0, 87429432.0, 82229737.0, 80966413.0, 85490526.0, 87429432.0, 87429432.0, 87429432.0, 87429432.0, 87429432.0]",manufacturer,19,Demand: 4 - Capacity: funding_delay,0.0099584
Serum_Institute,"[587114096.0, 587114096.0, 587114096.0, 587114096.0, 584474822.0, 583233946.0, 587114096.0, 587114096.0, 587114096.0, 587114096.0]",manufacturer,19,Demand: 4 - Capacity: funding_delay,0.0099584
Diphtheria,"[642408300 714535200 897608600 818289200 963049500 931640500 1276827300
 1526507500 2147483648 2147483648]",antigen,20,Demand: 6 - Capacity: funding_delay,0.0052904
HPV,"[28844100 35384600 42445700 44137400 55775600 54943000 64653400 72277000
 81321500 102766700]",antigen,20,Demand: 6 - Capacity: funding_delay,0.0052904
Hepatitis_B,"[328764400 338278000 363941200 315285800 361981700 391349300 380926800
 401354500 470964300 204941500]",antigen,20,Demand: 6 - Capacity: funding_delay,0.0052904
Hib,"[297663600 313468700 307213300 325967900 368972100 378754000 392407500
 381970900 353894200 411595400]",antigen,20,Demand: 6 - Capacity: funding_delay,0.0052904
Measles,"[400883100 581098000 627345300 601708900 527397400 648710700 499739400
 1430522900 749141400 792097600]",antigen,20,Demand: 6 - Capacity: funding_delay,0.0052904
Mumps,"[31323900 40485900 35986200 32310500 28697000 35574100 70375000 18721800
 82701200 57528700]",antigen,20,Demand: 6 - Capacity: funding_delay,0.0052904
PCV,"[234816000 261757300 283853300 311953200 374069800 348716700 337817600
 359541700 788352600 578695300]",antigen,20,Demand: 6 - Capacity: funding_delay,0.0052904
Pertussis,"[345333400 352676200 337014400 374357900 361488700 347533000 394569400
 340491000 313930300 513941800]",antigen,20,Demand: 6 - Capacity: funding_delay,0.0052904
Polio,"[640700600 707179300 727217300 720878200 794851900 569168400 909572600
 704333600 787577600 968494100]",antigen,20,Demand: 6 - Capacity: funding_delay,0.0052904
Rotavirus,"[196024500 214933900 247486700 265032000 430765400 379173100 407748500
 688775600 312426900 685661900]",antigen,20,Demand: 6 - Capacity: funding_delay,0.0052904
Rubella,"[325278800 358973400 356303700 539029100 536140700 565319100 538291600
 763453500 455207700 996210600]",antigen,20,Demand: 6 - Capacity: funding_delay,0.0052904
Tetanus,"[628507500 638317000 667638500 690996300 672818600 751608200 594929900
 688270100 881382600 843943100]",antigen,20,Demand: 6 - Capacity: funding_delay,0.0052904
AJ_Vaccines,"[7711003.0, 7711003.0, 7094122.0, 6939902.0, 7479673.0, 7711003.0, 7711003.0, 7711003.0, 7711003.0, 7711003.0]",manufacturer,20,Demand: 6 - Capacity: funding_delay,0.0052904
BB_NCIPD,"[39147073.0, 39223956.0, 39223956.0, 39223956.0, 39223956.0, 39223956.0, 39223956.0, 39223956.0, 39223956.0, 39223956.0]",manufacturer,20,Demand: 6 - Capacity: funding_delay,0.0052904
Bharat_Biotech,"[61029105.0, 61029105.0, 61029105.0, 61029105.0, 61029105.0, 61029105.0, 61029105.0, 61029105.0, 61029105.0, 61029105.0]",manufacturer,20,Demand: 6 - Capacity: funding_delay,0.0052904
Bilthoven,"[12048153.0, 12048153.0, 11084301.0, 10843338.0, 11686709.0, 12048153.0, 12048153.0, 12048153.0, 12048153.0, 12048153.0]",manufacturer,20,Demand: 6 - Capacity: funding_delay,0.0052904
Biological_E,"[164885690.0, 164885690.0, 164885690.0, 164885690.0, 164885690.0, 163879088.0, 164885690.0, 164885690.0, 164885690.0, 164885690.0]",manufacturer,20,Demand: 6 - Capacity: funding_delay,0.0052904
China_National,"[12812242.0, 12812242.0, 12812242.0, 12812242.0, 12812242.0, 12812242.0, 12812242.0, 12812242.0, 12812242.0, 12812242.0]",manufacturer,20,Demand: 6 - Capacity: funding_delay,0.0052904
GSK,"[226762686.0, 226762686.0, 226762686.0, 226762686.0, 226762686.0, 226762686.0, 226762686.0, 226762686.0, 226762686.0, 226762686.0]",manufacturer,20,Demand: 6 - Capacity: funding_delay,0.0052904
Haffkine_Bio,"[80972855.0, 80972855.0, 80972855.0, 80972855.0, 80972855.0, 80972855.0, 80972855.0, 80972855.0, 80972855.0, 80972855.0]",manufacturer,20,Demand: 6 - Capacity: funding_delay,0.0052904
LG_Chem,"[43702188.0, 43702188.0, 43493336.0, 43441123.0, 43623868.0, 43702188.0, 43702188.0, 43702188.0, 43702188.0, 43702188.0]",manufacturer,20,Demand: 6 - Capacity: funding_delay,0.0052904
Merck_Sharp,"[56991052.0, 56991052.0, 56991052.0, 56991052.0, 56991052.0, 56991052.0, 56991052.0, 56991052.0, 56991052.0, 56991052.0]",manufacturer,20,Demand: 6 - Capacity: funding_delay,0.0052904
PT_Bio,"[45864272.0, 45911731.0, 45911731.0, 45911731.0, 45436226.0, 45911731.0, 45911731.0, 45911731.0, 45911731.0, 45911731.0]",manufacturer,20,Demand: 6 - Capacity: funding_delay,0.0052904
Panacea_Biotec,"[10874165.0, 10874165.0, 10874165.0, 10874165.0, 10874165.0, 10874165.0, 10874165.0, 10874165.0, 10874165.0, 10874165.0]",manufacturer,20,Demand: 6 - Capacity: funding_delay,0.0052904
Pfizer,"[83916974.0, 83916974.0, 83916974.0, 83916974.0, 83916974.0, 83916974.0, 83916974.0, 83916974.0, 83916974.0, 83916974.0]",manufacturer,20,Demand: 6 - Capacity: funding_delay,0.0052904
Sanofi,"[87429432.0, 87429432.0, 82229737.0, 80966413.0, 85490526.0, 87429432.0, 87429432.0, 87429432.0, 87429432.0, 87429432.0]",manufacturer,20,Demand: 6 - Capacity: funding_delay,0.0052904
Serum_Institute,"[587114096.0, 587114096.0, 587114096.0, 587114096.0, 584474822.0, 583233946.0, 587114096.0, 587114096.0, 587114096.0, 587114096.0]",manufacturer,20,Demand: 6 - Capacity: funding_delay,0.0052904
Diphtheria,"[581444300 522983000 801296600 736455500 916074700 1022240500 1063939700
 1058865900 1526287500 1601795000]",antigen,21,Demand: 5 - Capacity: innacurate_forecast,0.0008602000000000002
HPV,"[30633600 37216400 42703400 48271500 52131400 55329100 66802400 74145900
 74147500 78883700]",antigen,21,Demand: 5 - Capacity: innacurate_forecast,0.0008602000000000002
Hepatitis_B,"[415970900 388180600 350262100 375166800 420410400 487360500 434906700
 467342200 409724600 533443100]",antigen,21,Demand: 5 - Capacity: innacurate_forecast,0.0008602000000000002
Hib,"[299433200 287933700 348688600 338043300 377829100 364540600 382140000
 399816100 426025300 454071000]",antigen,21,Demand: 5 - Capacity: innacurate_forecast,0.0008602000000000002
Measles,"[570665100 559310700 614308200 543124700 687344900 579170800 1053447000
 690158000 330757900 1120540100]",antigen,21,Demand: 5 - Capacity: innacurate_forecast,0.0008602000000000002
Mumps,"[29915900 42880800 32573500 30876900 54989500 41453200 38535600 66882700
 69737100 96361100]",antigen,21,Demand: 5 - Capacity: innacurate_forecast,0.0008602000000000002
PCV,"[222556200 268654200 273946800 321722700 444595800 369710800 381844400
 455529100 470730400 902895300]",antigen,21,Demand: 5 - Capacity: innacurate_forecast,0.0008602000000000002
Pertussis,"[360214500 360608200 378381300 414326900 340761600 341426400 390099300
 424364000 451424300 392313700]",antigen,21,Demand: 5 - Capacity: innacurate_forecast,0.0008602000000000002
Polio,"[652386500 643240100 574863000 726677800 753423000 877586600 739684000
 803043500 849221900 738018800]",antigen,21,Demand: 5 - Capacity: innacurate_forecast,0.0008602000000000002
Rotavirus,"[206578800 244793900 275584600 265721000 139046400 355831000 449939800
 601532300 804202600 1278199400]",antigen,21,Demand: 5 - Capacity: innacurate_forecast,0.0008602000000000002
Rubella,"[408826200 494397000 495553000 584674400 458533300 615968200 607172500
 957920600 1168859200 578260000]",antigen,21,Demand: 5 - Capacity: innacurate_forecast,0.0008602000000000002
Tetanus,"[665307800 615563200 655205600 718497200 629880900 631721600 684434000
 624472400 706152200 551363400]",antigen,21,Demand: 5 - Capacity: innacurate_forecast,0.0008602000000000002
AJ_Vaccines,"[7711003.0, 7711003.0, 7094122.0, 6939902.0, 7479673.0, 7711003.0, 7325452.0, 7711003.0, 7711003.0, 7711003.0]",manufacturer,21,Demand: 5 - Capacity: innacurate_forecast,0.0008602000000000002
BB_NCIPD,"[39147073.0, 39223956.0, 39223956.0, 39223956.0, 39223956.0, 39223956.0, 39223956.0, 39223956.0, 39223956.0, 39223956.0]",manufacturer,21,Demand: 5 - Capacity: innacurate_forecast,0.0008602000000000002
Bharat_Biotech,"[61029105.0, 61029105.0, 61029105.0, 61029105.0, 61029105.0, 61029105.0, 61029105.0, 61029105.0, 61029105.0, 61029105.0]",manufacturer,21,Demand: 5 - Capacity: innacurate_forecast,0.0008602000000000002
Bilthoven,"[12048153.0, 12048153.0, 11084301.0, 10843338.0, 11686709.0, 12048153.0, 11445746.0, 12048153.0, 12048153.0, 12048153.0]",manufacturer,21,Demand: 5 - Capacity: innacurate_forecast,0.0008602000000000002
Biological_E,"[164885690.0, 164885690.0, 164256564.0, 164885690.0, 164885690.0, 163879088.0, 164885690.0, 164885690.0, 162529472.0, 164885690.0]",manufacturer,21,Demand: 5 - Capacity: innacurate_forecast,0.0008602000000000002
China_National,"[12812242.0, 12812242.0, 12812242.0, 12812242.0, 12812242.0, 12812242.0, 12812242.0, 12812242.0, 12812242.0, 12812242.0]",manufacturer,21,Demand: 5 - Capacity: innacurate_forecast,0.0008602000000000002
GSK,"[226762686.0, 226762686.0, 226762686.0, 223728150.0, 226762686.0, 226762686.0, 226762686.0, 226762686.0, 226762686.0, 226762686.0]",manufacturer,21,Demand: 5 - Capacity: innacurate_forecast,0.0008602000000000002
Haffkine_Bio,"[80972855.0, 80972855.0, 80972855.0, 80972855.0, 80972855.0, 80972855.0, 80972855.0, 80972855.0, 80972855.0, 80972855.0]",manufacturer,21,Demand: 5 - Capacity: innacurate_forecast,0.0008602000000000002
LG_Chem,"[43536522.0, 43702188.0, 43493336.0, 43441123.0, 43623868.0, 43702188.0, 43571655.0, 43702188.0, 41813277.0, 43702188.0]",manufacturer,21,Demand: 5 - Capacity: innacurate_forecast,0.0008602000000000002
Merck_Sharp,"[56991052.0, 56991052.0, 56991052.0, 56991052.0, 56991052.0, 56991052.0, 56991052.0, 56991052.0, 56991052.0, 56991052.0]",manufacturer,21,Demand: 5 - Capacity: innacurate_forecast,0.0008602000000000002
PT_Bio,"[45864272.0, 45911731.0, 45911731.0, 45911731.0, 45436226.0, 45911731.0, 45911731.0, 45911731.0, 45786458.0, 45911731.0]",manufacturer,21,Demand: 5 - Capacity: innacurate_forecast,0.0008602000000000002
Panacea_Biotec,"[10874165.0, 10874165.0, 10874165.0, 10874165.0, 10874165.0, 10874165.0, 10874165.0, 10874165.0, 10378216.0, 10874165.0]",manufacturer,21,Demand: 5 - Capacity: innacurate_forecast,0.0008602000000000002
Pfizer,"[83916974.0, 83916974.0, 83916974.0, 79721125.0, 83916974.0, 83916974.0, 83916974.0, 83916974.0, 83916974.0, 83916974.0]",manufacturer,21,Demand: 5 - Capacity: innacurate_forecast,0.0008602000000000002
Sanofi,"[87429432.0, 87429432.0, 82229737.0, 80966413.0, 85490526.0, 87429432.0, 84197922.0, 87429432.0, 87429432.0, 87429432.0]",manufacturer,21,Demand: 5 - Capacity: innacurate_forecast,0.0008602000000000002
Serum_Institute,"[586930899.0, 587114096.0, 584689002.0, 586897667.0, 584474822.0, 583233946.0, 587114096.0, 587114096.0, 582147838.0, 587114096.0]",manufacturer,21,Demand: 5 - Capacity: innacurate_forecast,0.0008602000000000002
Diphtheria,"[711050900 679613900 917355100 836818100 746278900 922058400 1426859000
 1175127700 973057200 683673500]",antigen,22,Demand: 2 - Capacity: innacurate_forecast,0.0002944
HPV,"[29266600 35276000 39728900 46412200 53476900 58358000 66330900 72908300
 75298300 90917800]",antigen,22,Demand: 2 - Capacity: innacurate_forecast,0.0002944
Hepatitis_B,"[313064100 382531200 437092100 429619500 393742900 369097400 442800200
 528674500 443817200 451808800]",antigen,22,Demand: 2 - Capacity: innacurate_forecast,0.0002944
Hib,"[286677800 306061700 285422200 361438000 341935900 360397500 372502800
 382097300 409937600 418451200]",antigen,22,Demand: 2 - Capacity: innacurate_forecast,0.0002944
Measles,"[518619900 375746400 398902700 542762500 713609600 811118000 736873900
 888747300 907113900 1156756300]",antigen,22,Demand: 2 - Capacity: innacurate_forecast,0.0002944
Mumps,"[30963300 26656000 28518400 31697300 36449300 57974700 42272200 43307200
 42762600 62740800]",antigen,22,Demand: 2 - Capacity: innacurate_forecast,0.0002944
PCV,"[230807600 252874000 253518100 358761500 378449000 338860200 414534900
 389114800 490285100 600132100]",antigen,22,Demand: 2 - Capacity: innacurate_forecast,0.0002944
Pertussis,"[377184400 390393100 371773400 340315800 366275200 384359400 367113300
 405201700 364753200 404717500]",antigen,22,Demand: 2 - Capacity: innacurate_forecast,0.0002944
Polio,"[608569400 624020000 553923300 730725000 729740400 776213400 853164200
 874966100 822064900 926389900]",antigen,22,Demand: 2 - Capacity: innacurate_forecast,0.0002944
Rotavirus,"[202102100 155841000 236069900 312315400 307625200 297413300 443961600
 554686000 622167600 824016700]",antigen,22,Demand: 2 - Capacity: innacurate_forecast,0.0002944
Rubella,"[325694200 395129200 347429400 601371100 523107200 513020400 709081300
 680422400 789246000 777607700]",antigen,22,Demand: 2 - Capacity: innacurate_forecast,0.0002944
Tetanus,"[663050300 640523300 688976600 667612000 592749800 672927700 695883700
 735641400 733819100 737757700]",antigen,22,Demand: 2 - Capacity: innacurate_forecast,0.0002944
AJ_Vaccines,"[7711003.0, 7711003.0, 7094122.0, 6939902.0, 7479673.0, 7711003.0, 7325452.0, 7711003.0, 7711003.0, 7711003.0]",manufacturer,22,Demand: 2 - Capacity: innacurate_forecast,0.0002944
BB_NCIPD,"[39147073.0, 39223956.0, 39223956.0, 39223956.0, 39223956.0, 39223956.0, 39223956.0, 39223956.0, 39223956.0, 39223956.0]",manufacturer,22,Demand: 2 - Capacity: innacurate_forecast,0.0002944
Bharat_Biotech,"[61029105.0, 61029105.0, 61029105.0, 61029105.0, 61029105.0, 61029105.0, 61029105.0, 61029105.0, 61029105.0, 61029105.0]",manufacturer,22,Demand: 2 - Capacity: innacurate_forecast,0.0002944
Bilthoven,"[12048153.0, 12048153.0, 11084301.0, 10843338.0, 11686709.0, 12048153.0, 11445746.0, 12048153.0, 12048153.0, 12048153.0]",manufacturer,22,Demand: 2 - Capacity: innacurate_forecast,0.0002944
Biological_E,"[164885690.0, 164885690.0, 164256564.0, 164885690.0, 164885690.0, 163879088.0, 164885690.0, 164885690.0, 162529472.0, 164885690.0]",manufacturer,22,Demand: 2 - Capacity: innacurate_forecast,0.0002944
China_National,"[12812242.0, 12812242.0, 12812242.0, 12812242.0, 12812242.0, 12812242.0, 12812242.0, 12812242.0, 12812242.0, 12812242.0]",manufacturer,22,Demand: 2 - Capacity: innacurate_forecast,0.0002944
GSK,"[226762686.0, 226762686.0, 226762686.0, 223728150.0, 226762686.0, 226762686.0, 226762686.0, 226762686.0, 226762686.0, 226762686.0]",manufacturer,22,Demand: 2 - Capacity: innacurate_forecast,0.0002944
Haffkine_Bio,"[80972855.0, 80972855.0, 80972855.0, 80972855.0, 80972855.0, 80972855.0, 80972855.0, 80972855.0, 80972855.0, 80972855.0]",manufacturer,22,Demand: 2 - Capacity: innacurate_forecast,0.0002944
LG_Chem,"[43536522.0, 43702188.0, 43493336.0, 43441123.0, 43623868.0, 43702188.0, 43571655.0, 43702188.0, 41813277.0, 43702188.0]",manufacturer,22,Demand: 2 - Capacity: innacurate_forecast,0.0002944
Merck_Sharp,"[56991052.0, 56991052.0, 56991052.0, 56991052.0, 56991052.0, 56991052.0, 56991052.0, 56991052.0, 56991052.0, 56991052.0]",manufacturer,22,Demand: 2 - Capacity: innacurate_forecast,0.0002944
PT_Bio,"[45864272.0, 45911731.0, 45911731.0, 45911731.0, 45436226.0, 45911731.0, 45911731.0, 45911731.0, 45786458.0, 45911731.0]",manufacturer,22,Demand: 2 - Capacity: innacurate_forecast,0.0002944
Panacea_Biotec,"[10874165.0, 10874165.0, 10874165.0, 10874165.0, 10874165.0, 10874165.0, 10874165.0, 10874165.0, 10378216.0, 10874165.0]",manufacturer,22,Demand: 2 - Capacity: innacurate_forecast,0.0002944
Pfizer,"[83916974.0, 83916974.0, 83916974.0, 79721125.0, 83916974.0, 83916974.0, 83916974.0, 83916974.0, 83916974.0, 83916974.0]",manufacturer,22,Demand: 2 - Capacity: innacurate_forecast,0.0002944
Sanofi,"[87429432.0, 87429432.0, 82229737.0, 80966413.0, 85490526.0, 87429432.0, 84197922.0, 87429432.0, 87429432.0, 87429432.0]",manufacturer,22,Demand: 2 - Capacity: innacurate_forecast,0.0002944
Serum_Institute,"[586930899.0, 587114096.0, 584689002.0, 586897667.0, 584474822.0, 583233946.0, 587114096.0, 587114096.0, 582147838.0, 587114096.0]",manufacturer,22,Demand: 2 - Capacity: innacurate_forecast,0.0002944
Diphtheria,"[670487400 735223400 677717200 802467500 967639900 1081033700 1100762400
 1063053300 2147483648 1209481000]",antigen,23,Demand: 4 - Capacity: innacurate_forecast,0.0002944
HPV,"[30334800 35937000 39631100 46530800 51332300 61773100 70626000 77523300
 90316100 96557800]",antigen,23,Demand: 4 - Capacity: innacurate_forecast,0.0002944
Hepatitis_B,"[370407500 444508300 399556600 426122800 423485500 418566300 307698900
 354228100 613698000 433404100]",antigen,23,Demand: 4 - Capacity: innacurate_forecast,0.0002944
Hib,"[281761500 293066700 346902200 330750100 358004200 351235200 328019400
 360224500 420677000 368138300]",antigen,23,Demand: 4 - Capacity: innacurate_forecast,0.0002944
Measles,"[353668900 489897600 638311200 403718000 676101000 661328300 1003061300
 815416800 1187197600 547798800]",antigen,23,Demand: 4 - Capacity: innacurate_forecast,0.0002944
Mumps,"[25649100 28849400 39045200 39722700 36402400 27034800 45075800 60712500
 54612500 29676400]",antigen,23,Demand: 4 - Capacity: innacurate_forecast,0.0002944
PCV,"[211790700 226310500 305294700 272866400 319420400 420952100 428136200
 287020700 528636500 318672000]",antigen,23,Demand: 4 - Capacity: innacurate_forecast,0.0002944
Pertussis,"[351095500 342628700 356906100 342541800 348739500 360337100 381747400
 376965100 330916900 258759400]",antigen,23,Demand: 4 - Capacity: innacurate_forecast,0.0002944
Polio,"[614187100 654523900 665289500 726314000 767137300 824302900 825918000
 838587200 825905500 1162269500]",antigen,23,Demand: 4 - Capacity: innacurate_forecast,0.0002944
Rotavirus,"[209202600 181239300 315516000 294039300 257511300 381815400 479180500
 492327200 991227200 307926400]",antigen,23,Demand: 4 - Capacity: innacurate_forecast,0.0002944
Rubella,"[337697800 430499200 284148500 402899500 427746000 632589800 549036000
 518741000 566111500 368942400]",antigen,23,Demand: 4 - Capacity: innacurate_forecast,0.0002944
Tetanus,"[615261700 628073100 584840600 659296500 664099600 698020100 751701100
 551029500 767677700 776856700]",antigen,23,Demand: 4 - Capacity: innacurate_forecast,0.0002944
AJ_Vaccines,"[7711003.0, 7711003.0, 7094122.0, 6939902.0, 7479673.0, 7711003.0, 7325452.0, 7711003.0, 7711003.0, 7711003.0]",manufacturer,23,Demand: 4 - Capacity: innacurate_forecast,0.0002944
BB_NCIPD,"[39147073.0, 39223956.0, 39223956.0, 39223956.0, 39223956.0, 39223956.0, 39223956.0, 39223956.0, 39223956.0, 39223956.0]",manufacturer,23,Demand: 4 - Capacity: innacurate_forecast,0.0002944
Bharat_Biotech,"[61029105.0, 61029105.0, 61029105.0, 61029105.0, 61029105.0, 61029105.0, 61029105.0, 61029105.0, 61029105.0, 61029105.0]",manufacturer,23,Demand: 4 - Capacity: innacurate_forecast,0.0002944
Bilthoven,"[12048153.0, 12048153.0, 11084301.0, 10843338.0, 11686709.0, 12048153.0, 11445746.0, 12048153.0, 12048153.0, 12048153.0]",manufacturer,23,Demand: 4 - Capacity: innacurate_forecast,0.0002944
Biological_E,"[164885690.0, 164885690.0, 164256564.0, 164885690.0, 164885690.0, 163879088.0, 164885690.0, 164885690.0, 162529472.0, 164885690.0]",manufacturer,23,Demand: 4 - Capacity: innacurate_forecast,0.0002944
China_National,"[12812242.0, 12812242.0, 12812242.0, 12812242.0, 12812242.0, 12812242.0, 12812242.0, 12812242.0, 12812242.0, 12812242.0]",manufacturer,23,Demand: 4 - Capacity: innacurate_forecast,0.0002944
GSK,"[226762686.0, 226762686.0, 226762686.0, 223728150.0, 226762686.0, 226762686.0, 226762686.0, 226762686.0, 226762686.0, 226762686.0]",manufacturer,23,Demand: 4 - Capacity: innacurate_forecast,0.0002944
Haffkine_Bio,"[80972855.0, 80972855.0, 80972855.0, 80972855.0, 80972855.0, 80972855.0, 80972855.0, 80972855.0, 80972855.0, 80972855.0]",manufacturer,23,Demand: 4 - Capacity: innacurate_forecast,0.0002944
LG_Chem,"[43536522.0, 43702188.0, 43493336.0, 43441123.0, 43623868.0, 43702188.0, 43571655.0, 43702188.0, 41813277.0, 43702188.0]",manufacturer,23,Demand: 4 - Capacity: innacurate_forecast,0.0002944
Merck_Sharp,"[56991052.0, 56991052.0, 56991052.0, 56991052.0, 56991052.0, 56991052.0, 56991052.0, 56991052.0, 56991052.0, 56991052.0]",manufacturer,23,Demand: 4 - Capacity: innacurate_forecast,0.0002944
PT_Bio,"[45864272.0, 45911731.0, 45911731.0, 45911731.0, 45436226.0, 45911731.0, 45911731.0, 45911731.0, 45786458.0, 45911731.0]",manufacturer,23,Demand: 4 - Capacity: innacurate_forecast,0.0002944
Panacea_Biotec,"[10874165.0, 10874165.0, 10874165.0, 10874165.0, 10874165.0, 10874165.0, 10874165.0, 10874165.0, 10378216.0, 10874165.0]",manufacturer,23,Demand: 4 - Capacity: innacurate_forecast,0.0002944
Pfizer,"[83916974.0, 83916974.0, 83916974.0, 79721125.0, 83916974.0, 83916974.0, 83916974.0, 83916974.0, 83916974.0, 83916974.0]",manufacturer,23,Demand: 4 - Capacity: innacurate_forecast,0.0002944
Sanofi,"[87429432.0, 87429432.0, 82229737.0, 80966413.0, 85490526.0, 87429432.0, 84197922.0, 87429432.0, 87429432.0, 87429432.0]",manufacturer,23,Demand: 4 - Capacity: innacurate_forecast,0.0002944
Serum_Institute,"[586930899.0, 587114096.0, 584689002.0, 586897667.0, 584474822.0, 583233946.0, 587114096.0, 587114096.0, 582147838.0, 587114096.0]",manufacturer,23,Demand: 4 - Capacity: innacurate_forecast,0.0002944
Diphtheria,"[698092700 777470800 820389200 835304100 942971100 833464100 1345958700
 1491305500 1224775600 2147483648]",antigen,24,Demand: 3 - Capacity: innacurate_forecast,0.0006946
HPV,"[28964500 35811700 38689000 46939600 51718400 58695200 66608700 67270900
 90442800 82309200]",antigen,24,Demand: 3 - Capacity: innacurate_forecast,0.0006946
Hepatitis_B,"[367794100 400191400 379740400 437196300 360947900 378720600 362889600
 417680100 270106000 367548300]",antigen,24,Demand: 3 - Capacity: innacurate_forecast,0.0006946
Hib,"[316433200 302792900 339239700 342566800 332089500 350984400 383264800
 392851900 363416400 425222700]",antigen,24,Demand: 3 - Capacity: innacurate_forecast,0.0006946
Measles,"[463676600 570622500 454167100 806025900 848281600 705620500 761611500
 677237400 823511600 633617500]",antigen,24,Demand: 3 - Capacity: innacurate_forecast,0.0006946
Mumps,"[23093500 24442800 27787300 44732600 31925200 33114600 54943500 65230000
 78861900 67219600]",antigen,24,Demand: 3 - Capacity: innacurate_forecast,0.0006946
PCV,"[228140100 293972900 280196100 344667600 315166900 378101600 402441200
 580352000 312482300 334129000]",antigen,24,Demand: 3 - Capacity: innacurate_forecast,0.0006946
Pertussis,"[364692000 345936400 359926400 368572400 330632300 357802900 369397300
 295244400 427464000 371042600]",antigen,24,Demand: 3 - Capacity: innacurate_forecast,0.0006946
Polio,"[603345500 655574500 694963800 708181800 677996900 840687100 808107400
 861154600 1059663600 980287300]",antigen,24,Demand: 3 - Capacity: innacurate_forecast,0.0006946
Rotavirus,"[157053900 184442900 251870200 182109400 303972700 302459400 413883000
 550021000 455392700 284730800]",antigen,24,Demand: 3 - Capacity: innacurate_forecast,0.0006946
Rubella,"[407188800 390935900 580177400 403616000 489912100 721479200 587356700
 522360700 605891600 1007629000]",antigen,24,Demand: 3 - Capacity: innacurate_forecast,0.0006946
Tetanus,"[615050500 621090700 637994400 671745700 776966300 708346100 703875400
 749080900 712086700 690684800]",antigen,24,Demand: 3 - Capacity: innacurate_forecast,0.0006946
AJ_Vaccines,"[7711003.0, 7711003.0, 7094122.0, 6939902.0, 7479673.0, 7711003.0, 7325452.0, 7711003.0, 7711003.0, 7711003.0]",manufacturer,24,Demand: 3 - Capacity: innacurate_forecast,0.0006946
BB_NCIPD,"[39147073.0, 39223956.0, 39223956.0, 39223956.0, 39223956.0, 39223956.0, 39223956.0, 39223956.0, 39223956.0, 39223956.0]",manufacturer,24,Demand: 3 - Capacity: innacurate_forecast,0.0006946
Bharat_Biotech,"[61029105.0, 61029105.0, 61029105.0, 61029105.0, 61029105.0, 61029105.0, 61029105.0, 61029105.0, 61029105.0, 61029105.0]",manufacturer,24,Demand: 3 - Capacity: innacurate_forecast,0.0006946
Bilthoven,"[12048153.0, 12048153.0, 11084301.0, 10843338.0, 11686709.0, 12048153.0, 11445746.0, 12048153.0, 12048153.0, 12048153.0]",manufacturer,24,Demand: 3 - Capacity: innacurate_forecast,0.0006946
Biological_E,"[164885690.0, 164885690.0, 164256564.0, 164885690.0, 164885690.0, 163879088.0, 164885690.0, 164885690.0, 162529472.0, 164885690.0]",manufacturer,24,Demand: 3 - Capacity: innacurate_forecast,0.0006946
China_National,"[12812242.0, 12812242.0, 12812242.0, 12812242.0, 12812242.0, 12812242.0, 12812242.0, 12812242.0, 12812242.0, 12812242.0]",manufacturer,24,Demand: 3 - Capacity: innacurate_forecast,0.0006946
GSK,"[226762686.0, 226762686.0, 226762686.0, 223728150.0, 226762686.0, 226762686.0, 226762686.0, 226762686.0, 226762686.0, 226762686.0]",manufacturer,24,Demand: 3 - Capacity: innacurate_forecast,0.0006946
Haffkine_Bio,"[80972855.0, 80972855.0, 80972855.0, 80972855.0, 80972855.0, 80972855.0, 80972855.0, 80972855.0, 80972855.0, 80972855.0]",manufacturer,24,Demand: 3 - Capacity: innacurate_forecast,0.0006946
LG_Chem,"[43536522.0, 43702188.0, 43493336.0, 43441123.0, 43623868.0, 43702188.0, 43571655.0, 43702188.0, 41813277.0, 43702188.0]",manufacturer,24,Demand: 3 - Capacity: innacurate_forecast,0.0006946
Merck_Sharp,"[56991052.0, 56991052.0, 56991052.0, 56991052.0, 56991052.0, 56991052.0, 56991052.0, 56991052.0, 56991052.0, 56991052.0]",manufacturer,24,Demand: 3 - Capacity: innacurate_forecast,0.0006946
PT_Bio,"[45864272.0, 45911731.0, 45911731.0, 45911731.0, 45436226.0, 45911731.0, 45911731.0, 45911731.0, 45786458.0, 45911731.0]",manufacturer,24,Demand: 3 - Capacity: innacurate_forecast,0.0006946
Panacea_Biotec,"[10874165.0, 10874165.0, 10874165.0, 10874165.0, 10874165.0, 10874165.0, 10874165.0, 10874165.0, 10378216.0, 10874165.0]",manufacturer,24,Demand: 3 - Capacity: innacurate_forecast,0.0006946
Pfizer,"[83916974.0, 83916974.0, 83916974.0, 79721125.0, 83916974.0, 83916974.0, 83916974.0, 83916974.0, 83916974.0, 83916974.0]",manufacturer,24,Demand: 3 - Capacity: innacurate_forecast,0.0006946
Sanofi,"[87429432.0, 87429432.0, 82229737.0, 80966413.0, 85490526.0, 87429432.0, 84197922.0, 87429432.0, 87429432.0, 87429432.0]",manufacturer,24,Demand: 3 - Capacity: innacurate_forecast,0.0006946
Serum_Institute,"[586930899.0, 587114096.0, 584689002.0, 586897667.0, 584474822.0, 583233946.0, 587114096.0, 587114096.0, 582147838.0, 587114096.0]",manufacturer,24,Demand: 3 - Capacity: innacurate_forecast,0.0006946
Diphtheria,"[642408300 714535200 897608600 818289200 963049500 931640500 1276827300
 1526507500 2147483648 2147483648]",antigen,25,Demand: 6 - Capacity: innacurate_forecast,0.0001564
HPV,"[28844100 35384600 42445700 44137400 55775600 54943000 64653400 72277000
 81321500 102766700]",antigen,25,Demand: 6 - Capacity: innacurate_forecast,0.0001564
Hepatitis_B,"[328764400 338278000 363941200 315285800 361981700 391349300 380926800
 401354500 470964300 204941500]",antigen,25,Demand: 6 - Capacity: innacurate_forecast,0.0001564
Hib,"[297663600 313468700 307213300 325967900 368972100 378754000 392407500
 381970900 353894200 411595400]",antigen,25,Demand: 6 - Capacity: innacurate_forecast,0.0001564
Measles,"[400883100 581098000 627345300 601708900 527397400 648710700 499739400
 1430522900 749141400 792097600]",antigen,25,Demand: 6 - Capacity: innacurate_forecast,0.0001564
Mumps,"[31323900 40485900 35986200 32310500 28697000 35574100 70375000 18721800
 82701200 57528700]",antigen,25,Demand: 6 - Capacity: innacurate_forecast,0.0001564
PCV,"[234816000 261757300 283853300 311953200 374069800 348716700 337817600
 359541700 788352600 578695300]",antigen,25,Demand: 6 - Capacity: innacurate_forecast,0.0001564
Pertussis,"[345333400 352676200 337014400 374357900 361488700 347533000 394569400
 340491000 313930300 513941800]",antigen,25,Demand: 6 - Capacity: innacurate_forecast,0.0001564
Polio,"[640700600 707179300 727217300 720878200 794851900 569168400 909572600
 704333600 787577600 968494100]",antigen,25,Demand: 6 - Capacity: innacurate_forecast,0.0001564
Rotavirus,"[196024500 214933900 247486700 265032000 430765400 379173100 407748500
 688775600 312426900 685661900]",antigen,25,Demand: 6 - Capacity: innacurate_forecast,0.0001564
Rubella,"[325278800 358973400 356303700 539029100 536140700 565319100 538291600
 763453500 455207700 996210600]",antigen,25,Demand: 6 - Capacity: innacurate_forecast,0.0001564
Tetanus,"[628507500 638317000 667638500 690996300 672818600 751608200 594929900
 688270100 881382600 843943100]",antigen,25,Demand: 6 - Capacity: innacurate_forecast,0.0001564
AJ_Vaccines,"[7711003.0, 7711003.0, 7094122.0, 6939902.0, 7479673.0, 7711003.0, 7325452.0, 7711003.0, 7711003.0, 7711003.0]",manufacturer,25,Demand: 6 - Capacity: innacurate_forecast,0.0001564
BB_NCIPD,"[39147073.0, 39223956.0, 39223956.0, 39223956.0, 39223956.0, 39223956.0, 39223956.0, 39223956.0, 39223956.0, 39223956.0]",manufacturer,25,Demand: 6 - Capacity: innacurate_forecast,0.0001564
Bharat_Biotech,"[61029105.0, 61029105.0, 61029105.0, 61029105.0, 61029105.0, 61029105.0, 61029105.0, 61029105.0, 61029105.0, 61029105.0]",manufacturer,25,Demand: 6 - Capacity: innacurate_forecast,0.0001564
Bilthoven,"[12048153.0, 12048153.0, 11084301.0, 10843338.0, 11686709.0, 12048153.0, 11445746.0, 12048153.0, 12048153.0, 12048153.0]",manufacturer,25,Demand: 6 - Capacity: innacurate_forecast,0.0001564
Biological_E,"[164885690.0, 164885690.0, 164256564.0, 164885690.0, 164885690.0, 163879088.0, 164885690.0, 164885690.0, 162529472.0, 164885690.0]",manufacturer,25,Demand: 6 - Capacity: innacurate_forecast,0.0001564
China_National,"[12812242.0, 12812242.0, 12812242.0, 12812242.0, 12812242.0, 12812242.0, 12812242.0, 12812242.0, 12812242.0, 12812242.0]",manufacturer,25,Demand: 6 - Capacity: innacurate_forecast,0.0001564
GSK,"[226762686.0, 226762686.0, 226762686.0, 223728150.0, 226762686.0, 226762686.0, 226762686.0, 226762686.0, 226762686.0, 226762686.0]",manufacturer,25,Demand: 6 - Capacity: innacurate_forecast,0.0001564
Haffkine_Bio,"[80972855.0, 80972855.0, 80972855.0, 80972855.0, 80972855.0, 80972855.0, 80972855.0, 80972855.0, 80972855.0, 80972855.0]",manufacturer,25,Demand: 6 - Capacity: innacurate_forecast,0.0001564
LG_Chem,"[43536522.0, 43702188.0, 43493336.0, 43441123.0, 43623868.0, 43702188.0, 43571655.0, 43702188.0, 41813277.0, 43702188.0]",manufacturer,25,Demand: 6 - Capacity: innacurate_forecast,0.0001564
Merck_Sharp,"[56991052.0, 56991052.0, 56991052.0, 56991052.0, 56991052.0, 56991052.0, 56991052.0, 56991052.0, 56991052.0, 56991052.0]",manufacturer,25,Demand: 6 - Capacity: innacurate_forecast,0.0001564
PT_Bio,"[45864272.0, 45911731.0, 45911731.0, 45911731.0, 45436226.0, 45911731.0, 45911731.0, 45911731.0, 45786458.0, 45911731.0]",manufacturer,25,Demand: 6 - Capacity: innacurate_forecast,0.0001564
Panacea_Biotec,"[10874165.0, 10874165.0, 10874165.0, 10874165.0, 10874165.0, 10874165.0, 10874165.0, 10874165.0, 10378216.0, 10874165.0]",manufacturer,25,Demand: 6 - Capacity: innacurate_forecast,0.0001564
Pfizer,"[83916974.0, 83916974.0, 83916974.0, 79721125.0, 83916974.0, 83916974.0, 83916974.0, 83916974.0, 83916974.0, 83916974.0]",manufacturer,25,Demand: 6 - Capacity: innacurate_forecast,0.0001564
Sanofi,"[87429432.0, 87429432.0, 82229737.0, 80966413.0, 85490526.0, 87429432.0, 84197922.0, 87429432.0, 87429432.0, 87429432.0]",manufacturer,25,Demand: 6 - Capacity: innacurate_forecast,0.0001564
Serum_Institute,"[586930899.0, 587114096.0, 584689002.0, 586897667.0, 584474822.0, 583233946.0, 587114096.0, 587114096.0, 582147838.0, 587114096.0]",manufacturer,25,Demand: 6 - Capacity: innacurate_forecast,0.0001564
Diphtheria,"[581444300 522983000 801296600 736455500 916074700 1022240500 1063939700
 1058865900 1526287500 1601795000]",antigen,26,Demand: 5 - Capacity: supply_chain,0.0021692000000000005
HPV,"[30633600 37216400 42703400 48271500 52131400 55329100 66802400 74145900
 74147500 78883700]",antigen,26,Demand: 5 - Capacity: supply_chain,0.0021692000000000005
Hepatitis_B,"[415970900 388180600 350262100 375166800 420410400 487360500 434906700
 467342200 409724600 533443100]",antigen,26,Demand: 5 - Capacity: supply_chain,0.0021692000000000005
Hib,"[299433200 287933700 348688600 338043300 377829100 364540600 382140000
 399816100 426025300 454071000]",antigen,26,Demand: 5 - Capacity: supply_chain,0.0021692000000000005
Measles,"[570665100 559310700 614308200 543124700 687344900 579170800 1053447000
 690158000 330757900 1120540100]",antigen,26,Demand: 5 - Capacity: supply_chain,0.0021692000000000005
Mumps,"[29915900 42880800 32573500 30876900 54989500 41453200 38535600 66882700
 69737100 96361100]",antigen,26,Demand: 5 - Capacity: supply_chain,0.0021692000000000005
PCV,"[222556200 268654200 273946800 321722700 444595800 369710800 381844400
 455529100 470730400 902895300]",antigen,26,Demand: 5 - Capacity: supply_chain,0.0021692000000000005
Pertussis,"[360214500 360608200 378381300 414326900 340761600 341426400 390099300
 424364000 451424300 392313700]",antigen,26,Demand: 5 - Capacity: supply_chain,0.0021692000000000005
Polio,"[652386500 643240100 574863000 726677800 753423000 877586600 739684000
 803043500 849221900 738018800]",antigen,26,Demand: 5 - Capacity: supply_chain,0.0021692000000000005
Rotavirus,"[206578800 244793900 275584600 265721000 139046400 355831000 449939800
 601532300 804202600 1278199400]",antigen,26,Demand: 5 - Capacity: supply_chain,0.0021692000000000005
Rubella,"[408826200 494397000 495553000 584674400 458533300 615968200 607172500
 957920600 1168859200 578260000]",antigen,26,Demand: 5 - Capacity: supply_chain,0.0021692000000000005
Tetanus,"[665307800 615563200 655205600 718497200 629880900 631721600 684434000
 624472400 706152200 551363400]",antigen,26,Demand: 5 - Capacity: supply_chain,0.0021692000000000005
AJ_Vaccines,"[7711003.0, 7711003.0, 7094122.0, 6939902.0, 7479673.0, 7711003.0, 7325452.0, 7711003.0, 7711003.0, 7711003.0]",manufacturer,26,Demand: 5 - Capacity: supply_chain,0.0021692000000000005
BB_NCIPD,"[39147073.0, 39223956.0, 39223956.0, 39120138.0, 39223956.0, 39223956.0, 39223956.0, 39223956.0, 39223956.0, 39223956.0]",manufacturer,26,Demand: 5 - Capacity: supply_chain,0.0021692000000000005
Bharat_Biotech,"[61029105.0, 61029105.0, 61029105.0, 61029105.0, 61029105.0, 61029105.0, 58151969.0, 61029105.0, 61029105.0, 61029105.0]",manufacturer,26,Demand: 5 - Capacity: supply_chain,0.0021692000000000005
Bilthoven,"[12048153.0, 12048153.0, 11084301.0, 10843338.0, 11686709.0, 12048153.0, 11445746.0, 12048153.0, 12048153.0, 12048153.0]",manufacturer,26,Demand: 5 - Capacity: supply_chain,0.0021692000000000005
Biological_E,"[164256564.0, 164885690.0, 164256564.0, 164544872.0, 164885690.0, 163879088.0, 164885690.0, 164885690.0, 162529472.0, 164885690.0]",manufacturer,26,Demand: 5 - Capacity: supply_chain,0.0021692000000000005
China_National,"[12812242.0, 12694709.0, 12812242.0, 12812242.0, 12812242.0, 12812242.0, 12289163.0, 12812242.0, 12812242.0, 12812242.0]",manufacturer,26,Demand: 5 - Capacity: supply_chain,0.0021692000000000005
GSK,"[226762686.0, 226519262.0, 226762686.0, 223728150.0, 226762686.0, 226762686.0, 225374680.0, 226762686.0, 226762686.0, 226762686.0]",manufacturer,26,Demand: 5 - Capacity: supply_chain,0.0021692000000000005
Haffkine_Bio,"[80972855.0, 80972855.0, 80972855.0, 80972855.0, 80972855.0, 80972855.0, 76924212.0, 80972855.0, 80972855.0, 80972855.0]",manufacturer,26,Demand: 5 - Capacity: supply_chain,0.0021692000000000005
LG_Chem,"[43536522.0, 43702188.0, 43493336.0, 43441123.0, 43623868.0, 43702188.0, 43571655.0, 43702188.0, 41813277.0, 43702188.0]",manufacturer,26,Demand: 5 - Capacity: supply_chain,0.0021692000000000005
Merck_Sharp,"[56991052.0, 54141499.0, 56991052.0, 56991052.0, 56991052.0, 56991052.0, 56991052.0, 56991052.0, 56991052.0, 56991052.0]",manufacturer,26,Demand: 5 - Capacity: supply_chain,0.0021692000000000005
PT_Bio,"[45864272.0, 45911731.0, 45911731.0, 45880741.0, 45436226.0, 45911731.0, 45388709.0, 45911731.0, 45786458.0, 45911731.0]",manufacturer,26,Demand: 5 - Capacity: supply_chain,0.0021692000000000005
Panacea_Biotec,"[10874165.0, 10874165.0, 10874165.0, 10874165.0, 10874165.0, 10874165.0, 10826407.0, 10874165.0, 10378216.0, 10874165.0]",manufacturer,26,Demand: 5 - Capacity: supply_chain,0.0021692000000000005
Pfizer,"[83916974.0, 83916974.0, 83916974.0, 79721125.0, 83916974.0, 83916974.0, 83916974.0, 83916974.0, 83916974.0, 83916974.0]",manufacturer,26,Demand: 5 - Capacity: supply_chain,0.0021692000000000005
Sanofi,"[87429432.0, 87429432.0, 82229737.0, 80966413.0, 85490526.0, 87429432.0, 83076260.0, 87429432.0, 87429432.0, 87429432.0]",manufacturer,26,Demand: 5 - Capacity: supply_chain,0.0021692000000000005
Serum_Institute,"[584505805.0, 587114096.0, 584689002.0, 586795811.0, 584474822.0, 583233946.0, 580252583.0, 587114096.0, 582147838.0, 587114096.0]",manufacturer,26,Demand: 5 - Capacity: supply_chain,0.0021692000000000005
Diphtheria,"[711050900 679613900 917355100 836818100 746278900 922058400 1426859000
 1175127700 973057200 683673500]",antigen,27,Demand: 2 - Capacity: supply_chain,0.0007423999999999999
HPV,"[29266600 35276000 39728900 46412200 53476900 58358000 66330900 72908300
 75298300 90917800]",antigen,27,Demand: 2 - Capacity: supply_chain,0.0007423999999999999
Hepatitis_B,"[313064100 382531200 437092100 429619500 393742900 369097400 442800200
 528674500 443817200 451808800]",antigen,27,Demand: 2 - Capacity: supply_chain,0.0007423999999999999
Hib,"[286677800 306061700 285422200 361438000 341935900 360397500 372502800
 382097300 409937600 418451200]",antigen,27,Demand: 2 - Capacity: supply_chain,0.0007423999999999999
Measles,"[518619900 375746400 398902700 542762500 713609600 811118000 736873900
 888747300 907113900 1156756300]",antigen,27,Demand: 2 - Capacity: supply_chain,0.0007423999999999999
Mumps,"[30963300 26656000 28518400 31697300 36449300 57974700 42272200 43307200
 42762600 62740800]",antigen,27,Demand: 2 - Capacity: supply_chain,0.0007423999999999999
PCV,"[230807600 252874000 253518100 358761500 378449000 338860200 414534900
 389114800 490285100 600132100]",antigen,27,Demand: 2 - Capacity: supply_chain,0.0007423999999999999
Pertussis,"[377184400 390393100 371773400 340315800 366275200 384359400 367113300
 405201700 364753200 404717500]",antigen,27,Demand: 2 - Capacity: supply_chain,0.0007423999999999999
Polio,"[608569400 624020000 553923300 730725000 729740400 776213400 853164200
 874966100 822064900 926389900]",antigen,27,Demand: 2 - Capacity: supply_chain,0.0007423999999999999
Rotavirus,"[202102100 155841000 236069900 312315400 307625200 297413300 443961600
 554686000 622167600 824016700]",antigen,27,Demand: 2 - Capacity: supply_chain,0.0007423999999999999
Rubella,"[325694200 395129200 347429400 601371100 523107200 513020400 709081300
 680422400 789246000 777607700]",antigen,27,Demand: 2 - Capacity: supply_chain,0.0007423999999999999
Tetanus,"[663050300 640523300 688976600 667612000 592749800 672927700 695883700
 735641400 733819100 737757700]",antigen,27,Demand: 2 - Capacity: supply_chain,0.0007423999999999999
AJ_Vaccines,"[7711003.0, 7711003.0, 7094122.0, 6939902.0, 7479673.0, 7711003.0, 7325452.0, 7711003.0, 7711003.0, 7711003.0]",manufacturer,27,Demand: 2 - Capacity: supply_chain,0.0007423999999999999
BB_NCIPD,"[39147073.0, 39223956.0, 39223956.0, 39120138.0, 39223956.0, 39223956.0, 39223956.0, 39223956.0, 39223956.0, 39223956.0]",manufacturer,27,Demand: 2 - Capacity: supply_chain,0.0007423999999999999
Bharat_Biotech,"[61029105.0, 61029105.0, 61029105.0, 61029105.0, 61029105.0, 61029105.0, 58151969.0, 61029105.0, 61029105.0, 61029105.0]",manufacturer,27,Demand: 2 - Capacity: supply_chain,0.0007423999999999999
Bilthoven,"[12048153.0, 12048153.0, 11084301.0, 10843338.0, 11686709.0, 12048153.0, 11445746.0, 12048153.0, 12048153.0, 12048153.0]",manufacturer,27,Demand: 2 - Capacity: supply_chain,0.0007423999999999999
Biological_E,"[164256564.0, 164885690.0, 164256564.0, 164544872.0, 164885690.0, 163879088.0, 164885690.0, 164885690.0, 162529472.0, 164885690.0]",manufacturer,27,Demand: 2 - Capacity: supply_chain,0.0007423999999999999
China_National,"[12812242.0, 12694709.0, 12812242.0, 12812242.0, 12812242.0, 12812242.0, 12289163.0, 12812242.0, 12812242.0, 12812242.0]",manufacturer,27,Demand: 2 - Capacity: supply_chain,0.0007423999999999999
GSK,"[226762686.0, 226519262.0, 226762686.0, 223728150.0, 226762686.0, 226762686.0, 225374680.0, 226762686.0, 226762686.0, 226762686.0]",manufacturer,27,Demand: 2 - Capacity: supply_chain,0.0007423999999999999
Haffkine_Bio,"[80972855.0, 80972855.0, 80972855.0, 80972855.0, 80972855.0, 80972855.0, 76924212.0, 80972855.0, 80972855.0, 80972855.0]",manufacturer,27,Demand: 2 - Capacity: supply_chain,0.0007423999999999999
LG_Chem,"[43536522.0, 43702188.0, 43493336.0, 43441123.0, 43623868.0, 43702188.0, 43571655.0, 43702188.0, 41813277.0, 43702188.0]",manufacturer,27,Demand: 2 - Capacity: supply_chain,0.0007423999999999999
Merck_Sharp,"[56991052.0, 54141499.0, 56991052.0, 56991052.0, 56991052.0, 56991052.0, 56991052.0, 56991052.0, 56991052.0, 56991052.0]",manufacturer,27,Demand: 2 - Capacity: supply_chain,0.0007423999999999999
PT_Bio,"[45864272.0, 45911731.0, 45911731.0, 45880741.0, 45436226.0, 45911731.0, 45388709.0, 45911731.0, 45786458.0, 45911731.0]",manufacturer,27,Demand: 2 - Capacity: supply_chain,0.0007423999999999999
Panacea_Biotec,"[10874165.0, 10874165.0, 10874165.0, 10874165.0, 10874165.0, 10874165.0, 10826407.0, 10874165.0, 10378216.0, 10874165.0]",manufacturer,27,Demand: 2 - Capacity: supply_chain,0.0007423999999999999
Pfizer,"[83916974.0, 83916974.0, 83916974.0, 79721125.0, 83916974.0, 83916974.0, 83916974.0, 83916974.0, 83916974.0, 83916974.0]",manufacturer,27,Demand: 2 - Capacity: supply_chain,0.0007423999999999999
Sanofi,"[87429432.0, 87429432.0, 82229737.0, 80966413.0, 85490526.0, 87429432.0, 83076260.0, 87429432.0, 87429432.0, 87429432.0]",manufacturer,27,Demand: 2 - Capacity: supply_chain,0.0007423999999999999
Serum_Institute,"[584505805.0, 587114096.0, 584689002.0, 586795811.0, 584474822.0, 583233946.0, 580252583.0, 587114096.0, 582147838.0, 587114096.0]",manufacturer,27,Demand: 2 - Capacity: supply_chain,0.0007423999999999999
Diphtheria,"[698092700 777470800 820389200 835304100 942971100 833464100 1345958700
 1491305500 1224775600 2147483648]",antigen,28,Demand: 3 - Capacity: supply_chain,0.0017515999999999999
HPV,"[28964500 35811700 38689000 46939600 51718400 58695200 66608700 67270900
 90442800 82309200]",antigen,28,Demand: 3 - Capacity: supply_chain,0.0017515999999999999
Hepatitis_B,"[367794100 400191400 379740400 437196300 360947900 378720600 362889600
 417680100 270106000 367548300]",antigen,28,Demand: 3 - Capacity: supply_chain,0.0017515999999999999
Hib,"[316433200 302792900 339239700 342566800 332089500 350984400 383264800
 392851900 363416400 425222700]",antigen,28,Demand: 3 - Capacity: supply_chain,0.0017515999999999999
Measles,"[463676600 570622500 454167100 806025900 848281600 705620500 761611500
 677237400 823511600 633617500]",antigen,28,Demand: 3 - Capacity: supply_chain,0.0017515999999999999
Mumps,"[23093500 24442800 27787300 44732600 31925200 33114600 54943500 65230000
 78861900 67219600]",antigen,28,Demand: 3 - Capacity: supply_chain,0.0017515999999999999
PCV,"[228140100 293972900 280196100 344667600 315166900 378101600 402441200
 580352000 312482300 334129000]",antigen,28,Demand: 3 - Capacity: supply_chain,0.0017515999999999999
Pertussis,"[364692000 345936400 359926400 368572400 330632300 357802900 369397300
 295244400 427464000 371042600]",antigen,28,Demand: 3 - Capacity: supply_chain,0.0017515999999999999
Polio,"[603345500 655574500 694963800 708181800 677996900 840687100 808107400
 861154600 1059663600 980287300]",antigen,28,Demand: 3 - Capacity: supply_chain,0.0017515999999999999
Rotavirus,"[157053900 184442900 251870200 182109400 303972700 302459400 413883000
 550021000 455392700 284730800]",antigen,28,Demand: 3 - Capacity: supply_chain,0.0017515999999999999
Rubella,"[407188800 390935900 580177400 403616000 489912100 721479200 587356700
 522360700 605891600 1007629000]",antigen,28,Demand: 3 - Capacity: supply_chain,0.0017515999999999999
Tetanus,"[615050500 621090700 637994400 671745700 776966300 708346100 703875400
 749080900 712086700 690684800]",antigen,28,Demand: 3 - Capacity: supply_chain,0.0017515999999999999
AJ_Vaccines,"[7711003.0, 7711003.0, 7094122.0, 6939902.0, 7479673.0, 7711003.0, 7325452.0, 7711003.0, 7711003.0, 7711003.0]",manufacturer,28,Demand: 3 - Capacity: supply_chain,0.0017515999999999999
BB_NCIPD,"[39147073.0, 39223956.0, 39223956.0, 39120138.0, 39223956.0, 39223956.0, 39223956.0, 39223956.0, 39223956.0, 39223956.0]",manufacturer,28,Demand: 3 - Capacity: supply_chain,0.0017515999999999999
Bharat_Biotech,"[61029105.0, 61029105.0, 61029105.0, 61029105.0, 61029105.0, 61029105.0, 58151969.0, 61029105.0, 61029105.0, 61029105.0]",manufacturer,28,Demand: 3 - Capacity: supply_chain,0.0017515999999999999
Bilthoven,"[12048153.0, 12048153.0, 11084301.0, 10843338.0, 11686709.0, 12048153.0, 11445746.0, 12048153.0, 12048153.0, 12048153.0]",manufacturer,28,Demand: 3 - Capacity: supply_chain,0.0017515999999999999
Biological_E,"[164256564.0, 164885690.0, 164256564.0, 164544872.0, 164885690.0, 163879088.0, 164885690.0, 164885690.0, 162529472.0, 164885690.0]",manufacturer,28,Demand: 3 - Capacity: supply_chain,0.0017515999999999999
China_National,"[12812242.0, 12694709.0, 12812242.0, 12812242.0, 12812242.0, 12812242.0, 12289163.0, 12812242.0, 12812242.0, 12812242.0]",manufacturer,28,Demand: 3 - Capacity: supply_chain,0.0017515999999999999
GSK,"[226762686.0, 226519262.0, 226762686.0, 223728150.0, 226762686.0, 226762686.0, 225374680.0, 226762686.0, 226762686.0, 226762686.0]",manufacturer,28,Demand: 3 - Capacity: supply_chain,0.0017515999999999999
Haffkine_Bio,"[80972855.0, 80972855.0, 80972855.0, 80972855.0, 80972855.0, 80972855.0, 76924212.0, 80972855.0, 80972855.0, 80972855.0]",manufacturer,28,Demand: 3 - Capacity: supply_chain,0.0017515999999999999
LG_Chem,"[43536522.0, 43702188.0, 43493336.0, 43441123.0, 43623868.0, 43702188.0, 43571655.0, 43702188.0, 41813277.0, 43702188.0]",manufacturer,28,Demand: 3 - Capacity: supply_chain,0.0017515999999999999
Merck_Sharp,"[56991052.0, 54141499.0, 56991052.0, 56991052.0, 56991052.0, 56991052.0, 56991052.0, 56991052.0, 56991052.0, 56991052.0]",manufacturer,28,Demand: 3 - Capacity: supply_chain,0.0017515999999999999
PT_Bio,"[45864272.0, 45911731.0, 45911731.0, 45880741.0, 45436226.0, 45911731.0, 45388709.0, 45911731.0, 45786458.0, 45911731.0]",manufacturer,28,Demand: 3 - Capacity: supply_chain,0.0017515999999999999
Panacea_Biotec,"[10874165.0, 10874165.0, 10874165.0, 10874165.0, 10874165.0, 10874165.0, 10826407.0, 10874165.0, 10378216.0, 10874165.0]",manufacturer,28,Demand: 3 - Capacity: supply_chain,0.0017515999999999999
Pfizer,"[83916974.0, 83916974.0, 83916974.0, 79721125.0, 83916974.0, 83916974.0, 83916974.0, 83916974.0, 83916974.0, 83916974.0]",manufacturer,28,Demand: 3 - Capacity: supply_chain,0.0017515999999999999
Sanofi,"[87429432.0, 87429432.0, 82229737.0, 80966413.0, 85490526.0, 87429432.0, 83076260.0, 87429432.0, 87429432.0, 87429432.0]",manufacturer,28,Demand: 3 - Capacity: supply_chain,0.0017515999999999999
Serum_Institute,"[584505805.0, 587114096.0, 584689002.0, 586795811.0, 584474822.0, 583233946.0, 580252583.0, 587114096.0, 582147838.0, 587114096.0]",manufacturer,28,Demand: 3 - Capacity: supply_chain,0.0017515999999999999
Diphtheria,"[670487400 735223400 677717200 802467500 967639900 1081033700 1100762400
 1063053300 2147483648 1209481000]",antigen,29,Demand: 4 - Capacity: supply_chain,0.0007423999999999999
HPV,"[30334800 35937000 39631100 46530800 51332300 61773100 70626000 77523300
 90316100 96557800]",antigen,29,Demand: 4 - Capacity: supply_chain,0.0007423999999999999
Hepatitis_B,"[370407500 444508300 399556600 426122800 423485500 418566300 307698900
 354228100 613698000 433404100]",antigen,29,Demand: 4 - Capacity: supply_chain,0.0007423999999999999
Hib,"[281761500 293066700 346902200 330750100 358004200 351235200 328019400
 360224500 420677000 368138300]",antigen,29,Demand: 4 - Capacity: supply_chain,0.0007423999999999999
Measles,"[353668900 489897600 638311200 403718000 676101000 661328300 1003061300
 815416800 1187197600 547798800]",antigen,29,Demand: 4 - Capacity: supply_chain,0.0007423999999999999
Mumps,"[25649100 28849400 39045200 39722700 36402400 27034800 45075800 60712500
 54612500 29676400]",antigen,29,Demand: 4 - Capacity: supply_chain,0.0007423999999999999
PCV,"[211790700 226310500 305294700 272866400 319420400 420952100 428136200
 287020700 528636500 318672000]",antigen,29,Demand: 4 - Capacity: supply_chain,0.0007423999999999999
Pertussis,"[351095500 342628700 356906100 342541800 348739500 360337100 381747400
 376965100 330916900 258759400]",antigen,29,Demand: 4 - Capacity: supply_chain,0.0007423999999999999
Polio,"[614187100 654523900 665289500 726314000 767137300 824302900 825918000
 838587200 825905500 1162269500]",antigen,29,Demand: 4 - Capacity: supply_chain,0.0007423999999999999
Rotavirus,"[209202600 181239300 315516000 294039300 257511300 381815400 479180500
 492327200 991227200 307926400]",antigen,29,Demand: 4 - Capacity: supply_chain,0.0007423999999999999
Rubella,"[337697800 430499200 284148500 402899500 427746000 632589800 549036000
 518741000 566111500 368942400]",antigen,29,Demand: 4 - Capacity: supply_chain,0.0007423999999999999
Tetanus,"[615261700 628073100 584840600 659296500 664099600 698020100 751701100
 551029500 767677700 776856700]",antigen,29,Demand: 4 - Capacity: supply_chain,0.0007423999999999999
AJ_Vaccines,"[7711003.0, 7711003.0, 7094122.0, 6939902.0, 7479673.0, 7711003.0, 7325452.0, 7711003.0, 7711003.0, 7711003.0]",manufacturer,29,Demand: 4 - Capacity: supply_chain,0.0007423999999999999
BB_NCIPD,"[39147073.0, 39223956.0, 39223956.0, 39120138.0, 39223956.0, 39223956.0, 39223956.0, 39223956.0, 39223956.0, 39223956.0]",manufacturer,29,Demand: 4 - Capacity: supply_chain,0.0007423999999999999
Bharat_Biotech,"[61029105.0, 61029105.0, 61029105.0, 61029105.0, 61029105.0, 61029105.0, 58151969.0, 61029105.0, 61029105.0, 61029105.0]",manufacturer,29,Demand: 4 - Capacity: supply_chain,0.0007423999999999999
Bilthoven,"[12048153.0, 12048153.0, 11084301.0, 10843338.0, 11686709.0, 12048153.0, 11445746.0, 12048153.0, 12048153.0, 12048153.0]",manufacturer,29,Demand: 4 - Capacity: supply_chain,0.0007423999999999999
Biological_E,"[164256564.0, 164885690.0, 164256564.0, 164544872.0, 164885690.0, 163879088.0, 164885690.0, 164885690.0, 162529472.0, 164885690.0]",manufacturer,29,Demand: 4 - Capacity: supply_chain,0.0007423999999999999
China_National,"[12812242.0, 12694709.0, 12812242.0, 12812242.0, 12812242.0, 12812242.0, 12289163.0, 12812242.0, 12812242.0, 12812242.0]",manufacturer,29,Demand: 4 - Capacity: supply_chain,0.0007423999999999999
GSK,"[226762686.0, 226519262.0, 226762686.0, 223728150.0, 226762686.0, 226762686.0, 225374680.0, 226762686.0, 226762686.0, 226762686.0]",manufacturer,29,Demand: 4 - Capacity: supply_chain,0.0007423999999999999
Haffkine_Bio,"[80972855.0, 80972855.0, 80972855.0, 80972855.0, 80972855.0, 80972855.0, 76924212.0, 80972855.0, 80972855.0, 80972855.0]",manufacturer,29,Demand: 4 - Capacity: supply_chain,0.0007423999999999999
LG_Chem,"[43536522.0, 43702188.0, 43493336.0, 43441123.0, 43623868.0, 43702188.0, 43571655.0, 43702188.0, 41813277.0, 43702188.0]",manufacturer,29,Demand: 4 - Capacity: supply_chain,0.0007423999999999999
Merck_Sharp,"[56991052.0, 54141499.0, 56991052.0, 56991052.0, 56991052.0, 56991052.0, 56991052.0, 56991052.0, 56991052.0, 56991052.0]",manufacturer,29,Demand: 4 - Capacity: supply_chain,0.0007423999999999999
PT_Bio,"[45864272.0, 45911731.0, 45911731.0, 45880741.0, 45436226.0, 45911731.0, 45388709.0, 45911731.0, 45786458.0, 45911731.0]",manufacturer,29,Demand: 4 - Capacity: supply_chain,0.0007423999999999999
Panacea_Biotec,"[10874165.0, 10874165.0, 10874165.0, 10874165.0, 10874165.0, 10874165.0, 10826407.0, 10874165.0, 10378216.0, 10874165.0]",manufacturer,29,Demand: 4 - Capacity: supply_chain,0.0007423999999999999
Pfizer,"[83916974.0, 83916974.0, 83916974.0, 79721125.0, 83916974.0, 83916974.0, 83916974.0, 83916974.0, 83916974.0, 83916974.0]",manufacturer,29,Demand: 4 - Capacity: supply_chain,0.0007423999999999999
Sanofi,"[87429432.0, 87429432.0, 82229737.0, 80966413.0, 85490526.0, 87429432.0, 83076260.0, 87429432.0, 87429432.0, 87429432.0]",manufacturer,29,Demand: 4 - Capacity: supply_chain,0.0007423999999999999
Serum_Institute,"[584505805.0, 587114096.0, 584689002.0, 586795811.0, 584474822.0, 583233946.0, 580252583.0, 587114096.0, 582147838.0, 587114096.0]",manufacturer,29,Demand: 4 - Capacity: supply_chain,0.0007423999999999999
Diphtheria,"[642408300 714535200 897608600 818289200 963049500 931640500 1276827300
 1526507500 2147483648 2147483648]",antigen,30,Demand: 6 - Capacity: supply_chain,0.0003944
HPV,"[28844100 35384600 42445700 44137400 55775600 54943000 64653400 72277000
 81321500 102766700]",antigen,30,Demand: 6 - Capacity: supply_chain,0.0003944
Hepatitis_B,"[328764400 338278000 363941200 315285800 361981700 391349300 380926800
 401354500 470964300 204941500]",antigen,30,Demand: 6 - Capacity: supply_chain,0.0003944
Hib,"[297663600 313468700 307213300 325967900 368972100 378754000 392407500
 381970900 353894200 411595400]",antigen,30,Demand: 6 - Capacity: supply_chain,0.0003944
Measles,"[400883100 581098000 627345300 601708900 527397400 648710700 499739400
 1430522900 749141400 792097600]",antigen,30,Demand: 6 - Capacity: supply_chain,0.0003944
Mumps,"[31323900 40485900 35986200 32310500 28697000 35574100 70375000 18721800
 82701200 57528700]",antigen,30,Demand: 6 - Capacity: supply_chain,0.0003944
PCV,"[234816000 261757300 283853300 311953200 374069800 348716700 337817600
 359541700 788352600 578695300]",antigen,30,Demand: 6 - Capacity: supply_chain,0.0003944
Pertussis,"[345333400 352676200 337014400 374357900 361488700 347533000 394569400
 340491000 313930300 513941800]",antigen,30,Demand: 6 - Capacity: supply_chain,0.0003944
Polio,"[640700600 707179300 727217300 720878200 794851900 569168400 909572600
 704333600 787577600 968494100]",antigen,30,Demand: 6 - Capacity: supply_chain,0.0003944
Rotavirus,"[196024500 214933900 247486700 265032000 430765400 379173100 407748500
 688775600 312426900 685661900]",antigen,30,Demand: 6 - Capacity: supply_chain,0.0003944
Rubella,"[325278800 358973400 356303700 539029100 536140700 565319100 538291600
 763453500 455207700 996210600]",antigen,30,Demand: 6 - Capacity: supply_chain,0.0003944
Tetanus,"[628507500 638317000 667638500 690996300 672818600 751608200 594929900
 688270100 881382600 843943100]",antigen,30,Demand: 6 - Capacity: supply_chain,0.0003944
AJ_Vaccines,"[7711003.0, 7711003.0, 7094122.0, 6939902.0, 7479673.0, 7711003.0, 7325452.0, 7711003.0, 7711003.0, 7711003.0]",manufacturer,30,Demand: 6 - Capacity: supply_chain,0.0003944
BB_NCIPD,"[39147073.0, 39223956.0, 39223956.0, 39120138.0, 39223956.0, 39223956.0, 39223956.0, 39223956.0, 39223956.0, 39223956.0]",manufacturer,30,Demand: 6 - Capacity: supply_chain,0.0003944
Bharat_Biotech,"[61029105.0, 61029105.0, 61029105.0, 61029105.0, 61029105.0, 61029105.0, 58151969.0, 61029105.0, 61029105.0, 61029105.0]",manufacturer,30,Demand: 6 - Capacity: supply_chain,0.0003944
Bilthoven,"[12048153.0, 12048153.0, 11084301.0, 10843338.0, 11686709.0, 12048153.0, 11445746.0, 12048153.0, 12048153.0, 12048153.0]",manufacturer,30,Demand: 6 - Capacity: supply_chain,0.0003944
Biological_E,"[164256564.0, 164885690.0, 164256564.0, 164544872.0, 164885690.0, 163879088.0, 164885690.0, 164885690.0, 162529472.0, 164885690.0]",manufacturer,30,Demand: 6 - Capacity: supply_chain,0.0003944
China_National,"[12812242.0, 12694709.0, 12812242.0, 12812242.0, 12812242.0, 12812242.0, 12289163.0, 12812242.0, 12812242.0, 12812242.0]",manufacturer,30,Demand: 6 - Capacity: supply_chain,0.0003944
GSK,"[226762686.0, 226519262.0, 226762686.0, 223728150.0, 226762686.0, 226762686.0, 225374680.0, 226762686.0, 226762686.0, 226762686.0]",manufacturer,30,Demand: 6 - Capacity: supply_chain,0.0003944
Haffkine_Bio,"[80972855.0, 80972855.0, 80972855.0, 80972855.0, 80972855.0, 80972855.0, 76924212.0, 80972855.0, 80972855.0, 80972855.0]",manufacturer,30,Demand: 6 - Capacity: supply_chain,0.0003944
LG_Chem,"[43536522.0, 43702188.0, 43493336.0, 43441123.0, 43623868.0, 43702188.0, 43571655.0, 43702188.0, 41813277.0, 43702188.0]",manufacturer,30,Demand: 6 - Capacity: supply_chain,0.0003944
Merck_Sharp,"[56991052.0, 54141499.0, 56991052.0, 56991052.0, 56991052.0, 56991052.0, 56991052.0, 56991052.0, 56991052.0, 56991052.0]",manufacturer,30,Demand: 6 - Capacity: supply_chain,0.0003944
PT_Bio,"[45864272.0, 45911731.0, 45911731.0, 45880741.0, 45436226.0, 45911731.0, 45388709.0, 45911731.0, 45786458.0, 45911731.0]",manufacturer,30,Demand: 6 - Capacity: supply_chain,0.0003944
Panacea_Biotec,"[10874165.0, 10874165.0, 10874165.0, 10874165.0, 10874165.0, 10874165.0, 10826407.0, 10874165.0, 10378216.0, 10874165.0]",manufacturer,30,Demand: 6 - Capacity: supply_chain,0.0003944
Pfizer,"[83916974.0, 83916974.0, 83916974.0, 79721125.0, 83916974.0, 83916974.0, 83916974.0, 83916974.0, 83916974.0, 83916974.0]",manufacturer,30,Demand: 6 - Capacity: supply_chain,0.0003944
Sanofi,"[87429432.0, 87429432.0, 82229737.0, 80966413.0, 85490526.0, 87429432.0, 83076260.0, 87429432.0, 87429432.0, 87429432.0]",manufacturer,30,Demand: 6 - Capacity: supply_chain,0.0003944
Serum_Institute,"[584505805.0, 587114096.0, 584689002.0, 586795811.0, 584474822.0, 583233946.0, 580252583.0, 587114096.0, 582147838.0, 587114096.0]",manufacturer,30,Demand: 6 - Capacity: supply_chain,0.0003944
Diphtheria,"[698092700 777470800 820389200 835304100 942971100 833464100 1345958700
 1491305500 1224775600 2147483648]",antigen,31,Demand: 3 - Capacity: other,0.008305
HPV,"[28964500 35811700 38689000 46939600 51718400 58695200 66608700 67270900
 90442800 82309200]",antigen,31,Demand: 3 - Capacity: other,0.008305
Hepatitis_B,"[367794100 400191400 379740400 437196300 360947900 378720600 362889600
 417680100 270106000 367548300]",antigen,31,Demand: 3 - Capacity: other,0.008305
Hib,"[316433200 302792900 339239700 342566800 332089500 350984400 383264800
 392851900 363416400 425222700]",antigen,31,Demand: 3 - Capacity: other,0.008305
Measles,"[463676600 570622500 454167100 806025900 848281600 705620500 761611500
 677237400 823511600 633617500]",antigen,31,Demand: 3 - Capacity: other,0.008305
Mumps,"[23093500 24442800 27787300 44732600 31925200 33114600 54943500 65230000
 78861900 67219600]",antigen,31,Demand: 3 - Capacity: other,0.008305
PCV,"[228140100 293972900 280196100 344667600 315166900 378101600 402441200
 580352000 312482300 334129000]",antigen,31,Demand: 3 - Capacity: other,0.008305
Pertussis,"[364692000 345936400 359926400 368572400 330632300 357802900 369397300
 295244400 427464000 371042600]",antigen,31,Demand: 3 - Capacity: other,0.008305
Polio,"[603345500 655574500 694963800 708181800 677996900 840687100 808107400
 861154600 1059663600 980287300]",antigen,31,Demand: 3 - Capacity: other,0.008305
Rotavirus,"[157053900 184442900 251870200 182109400 303972700 302459400 413883000
 550021000 455392700 284730800]",antigen,31,Demand: 3 - Capacity: other,0.008305
Rubella,"[407188800 390935900 580177400 403616000 489912100 721479200 587356700
 522360700 605891600 1007629000]",antigen,31,Demand: 3 - Capacity: other,0.008305
Tetanus,"[615050500 621090700 637994400 671745700 776966300 708346100 703875400
 749080900 712086700 690684800]",antigen,31,Demand: 3 - Capacity: other,0.008305
AJ_Vaccines,"[7711003.0, 7711003.0, 7094122.0, 6939902.0, 7479673.0, 7711003.0, 7325452.0, 7711003.0, 7711003.0, 7711003.0]",manufacturer,31,Demand: 3 - Capacity: other,0.008305
BB_NCIPD,"[39147073.0, 39223956.0, 39223956.0, 39120138.0, 39223956.0, 39161665.0, 39223956.0, 39223956.0, 39223956.0, 39223956.0]",manufacturer,31,Demand: 3 - Capacity: other,0.008305
Bharat_Biotech,"[61029105.0, 61029105.0, 61029105.0, 61029105.0, 61029105.0, 61029105.0, 58151969.0, 61029105.0, 59302823.0, 61029105.0]",manufacturer,31,Demand: 3 - Capacity: other,0.008305
Bilthoven,"[12048153.0, 12048153.0, 11084301.0, 10843338.0, 11686709.0, 12048153.0, 11445746.0, 12048153.0, 12048153.0, 12048153.0]",manufacturer,31,Demand: 3 - Capacity: other,0.008305
Biological_E,"[164256564.0, 164885690.0, 164256564.0, 164544872.0, 164885690.0, 163674597.0, 164885690.0, 164885690.0, 162529472.0, 164885690.0]",manufacturer,31,Demand: 3 - Capacity: other,0.008305
China_National,"[12812242.0, 12627715.0, 12812242.0, 12812242.0, 12812242.0, 12812242.0, 12289163.0, 12812242.0, 12498395.0, 12812242.0]",manufacturer,31,Demand: 3 - Capacity: other,0.008305
GSK,"[226762686.0, 226380511.0, 226762686.0, 223728150.0, 226762686.0, 226762686.0, 225374680.0, 226762686.0, 225929882.0, 226762686.0]",manufacturer,31,Demand: 3 - Capacity: other,0.008305
Haffkine_Bio,"[80972855.0, 80972855.0, 80972855.0, 80972855.0, 80972855.0, 80972855.0, 76924212.0, 80972855.0, 78543669.0, 80972855.0]",manufacturer,31,Demand: 3 - Capacity: other,0.008305
LG_Chem,"[43536522.0, 43702188.0, 43493336.0, 43441123.0, 43623868.0, 43702188.0, 43571655.0, 43702188.0, 41813277.0, 43702188.0]",manufacturer,31,Demand: 3 - Capacity: other,0.008305
Merck_Sharp,"[56991052.0, 52517254.0, 56991052.0, 56991052.0, 56991052.0, 56991052.0, 56991052.0, 56991052.0, 56991052.0, 56991052.0]",manufacturer,31,Demand: 3 - Capacity: other,0.008305
PT_Bio,"[45864272.0, 45911731.0, 45911731.0, 45702427.0, 45436226.0, 45893137.0, 45388709.0, 45911731.0, 45472645.0, 45911731.0]",manufacturer,31,Demand: 3 - Capacity: other,0.008305
Panacea_Biotec,"[10874165.0, 10874165.0, 10874165.0, 10874165.0, 10874165.0, 10874165.0, 10826407.0, 10874165.0, 10349561.0, 10874165.0]",manufacturer,31,Demand: 3 - Capacity: other,0.008305
Pfizer,"[83916974.0, 83916974.0, 83916974.0, 79721125.0, 83916974.0, 83916974.0, 83916974.0, 83916974.0, 83916974.0, 83916974.0]",manufacturer,31,Demand: 3 - Capacity: other,0.008305
Sanofi,"[87429432.0, 87429432.0, 82229737.0, 80966413.0, 85490526.0, 87429432.0, 83076260.0, 87429432.0, 86756435.0, 87429432.0]",manufacturer,31,Demand: 3 - Capacity: other,0.008305
Serum_Institute,"[584505805.0, 587114096.0, 584689002.0, 585806084.0, 584474822.0, 583172832.0, 580252583.0, 587114096.0, 578030930.0, 587114096.0]",manufacturer,31,Demand: 3 - Capacity: other,0.008305
Diphtheria,"[642408300 714535200 897608600 818289200 963049500 931640500 1276827300
 1526507500 2147483648 2147483648]",antigen,32,Demand: 6 - Capacity: other,0.0018700000000000001
HPV,"[28844100 35384600 42445700 44137400 55775600 54943000 64653400 72277000
 81321500 102766700]",antigen,32,Demand: 6 - Capacity: other,0.0018700000000000001
Hepatitis_B,"[328764400 338278000 363941200 315285800 361981700 391349300 380926800
 401354500 470964300 204941500]",antigen,32,Demand: 6 - Capacity: other,0.0018700000000000001
Hib,"[297663600 313468700 307213300 325967900 368972100 378754000 392407500
 381970900 353894200 411595400]",antigen,32,Demand: 6 - Capacity: other,0.0018700000000000001
Measles,"[400883100 581098000 627345300 601708900 527397400 648710700 499739400
 1430522900 749141400 792097600]",antigen,32,Demand: 6 - Capacity: other,0.0018700000000000001
Mumps,"[31323900 40485900 35986200 32310500 28697000 35574100 70375000 18721800
 82701200 57528700]",antigen,32,Demand: 6 - Capacity: other,0.0018700000000000001
PCV,"[234816000 261757300 283853300 311953200 374069800 348716700 337817600
 359541700 788352600 578695300]",antigen,32,Demand: 6 - Capacity: other,0.0018700000000000001
Pertussis,"[345333400 352676200 337014400 374357900 361488700 347533000 394569400
 340491000 313930300 513941800]",antigen,32,Demand: 6 - Capacity: other,0.0018700000000000001
Polio,"[640700600 707179300 727217300 720878200 794851900 569168400 909572600
 704333600 787577600 968494100]",antigen,32,Demand: 6 - Capacity: other,0.0018700000000000001
Rotavirus,"[196024500 214933900 247486700 265032000 430765400 379173100 407748500
 688775600 312426900 685661900]",antigen,32,Demand: 6 - Capacity: other,0.0018700000000000001
Rubella,"[325278800 358973400 356303700 539029100 536140700 565319100 538291600
 763453500 455207700 996210600]",antigen,32,Demand: 6 - Capacity: other,0.0018700000000000001
Tetanus,"[628507500 638317000 667638500 690996300 672818600 751608200 594929900
 688270100 881382600 843943100]",antigen,32,Demand: 6 - Capacity: other,0.0018700000000000001
AJ_Vaccines,"[7711003.0, 7711003.0, 7094122.0, 6939902.0, 7479673.0, 7711003.0, 7325452.0, 7711003.0, 7711003.0, 7711003.0]",manufacturer,32,Demand: 6 - Capacity: other,0.0018700000000000001
BB_NCIPD,"[39147073.0, 39223956.0, 39223956.0, 39120138.0, 39223956.0, 39161665.0, 39223956.0, 39223956.0, 39223956.0, 39223956.0]",manufacturer,32,Demand: 6 - Capacity: other,0.0018700000000000001
Bharat_Biotech,"[61029105.0, 61029105.0, 61029105.0, 61029105.0, 61029105.0, 61029105.0, 58151969.0, 61029105.0, 59302823.0, 61029105.0]",manufacturer,32,Demand: 6 - Capacity: other,0.0018700000000000001
Bilthoven,"[12048153.0, 12048153.0, 11084301.0, 10843338.0, 11686709.0, 12048153.0, 11445746.0, 12048153.0, 12048153.0, 12048153.0]",manufacturer,32,Demand: 6 - Capacity: other,0.0018700000000000001
Biological_E,"[164256564.0, 164885690.0, 164256564.0, 164544872.0, 164885690.0, 163674597.0, 164885690.0, 164885690.0, 162529472.0, 164885690.0]",manufacturer,32,Demand: 6 - Capacity: other,0.0018700000000000001
China_National,"[12812242.0, 12627715.0, 12812242.0, 12812242.0, 12812242.0, 12812242.0, 12289163.0, 12812242.0, 12498395.0, 12812242.0]",manufacturer,32,Demand: 6 - Capacity: other,0.0018700000000000001
GSK,"[226762686.0, 226380511.0, 226762686.0, 223728150.0, 226762686.0, 226762686.0, 225374680.0, 226762686.0, 225929882.0, 226762686.0]",manufacturer,32,Demand: 6 - Capacity: other,0.0018700000000000001
Haffkine_Bio,"[80972855.0, 80972855.0, 80972855.0, 80972855.0, 80972855.0, 80972855.0, 76924212.0, 80972855.0, 78543669.0, 80972855.0]",manufacturer,32,Demand: 6 - Capacity: other,0.0018700000000000001
LG_Chem,"[43536522.0, 43702188.0, 43493336.0, 43441123.0, 43623868.0, 43702188.0, 43571655.0, 43702188.0, 41813277.0, 43702188.0]",manufacturer,32,Demand: 6 - Capacity: other,0.0018700000000000001
Merck_Sharp,"[56991052.0, 52517254.0, 56991052.0, 56991052.0, 56991052.0, 56991052.0, 56991052.0, 56991052.0, 56991052.0, 56991052.0]",manufacturer,32,Demand: 6 - Capacity: other,0.0018700000000000001
PT_Bio,"[45864272.0, 45911731.0, 45911731.0, 45702427.0, 45436226.0, 45893137.0, 45388709.0, 45911731.0, 45472645.0, 45911731.0]",manufacturer,32,Demand: 6 - Capacity: other,0.0018700000000000001
Panacea_Biotec,"[10874165.0, 10874165.0, 10874165.0, 10874165.0, 10874165.0, 10874165.0, 10826407.0, 10874165.0, 10349561.0, 10874165.0]",manufacturer,32,Demand: 6 - Capacity: other,0.0018700000000000001
Pfizer,"[83916974.0, 83916974.0, 83916974.0, 79721125.0, 83916974.0, 83916974.0, 83916974.0, 83916974.0, 83916974.0, 83916974.0]",manufacturer,32,Demand: 6 - Capacity: other,0.0018700000000000001
Sanofi,"[87429432.0, 87429432.0, 82229737.0, 80966413.0, 85490526.0, 87429432.0, 83076260.0, 87429432.0, 86756435.0, 87429432.0]",manufacturer,32,Demand: 6 - Capacity: other,0.0018700000000000001
Serum_Institute,"[584505805.0, 587114096.0, 584689002.0, 585806084.0, 584474822.0, 583172832.0, 580252583.0, 587114096.0, 578030930.0, 587114096.0]",manufacturer,32,Demand: 6 - Capacity: other,0.0018700000000000001
Diphtheria,"[581444300 522983000 801296600 736455500 916074700 1022240500 1063939700
 1058865900 1526287500 1601795000]",antigen,33,Demand: 5 - Capacity: other,0.010285000000000002
HPV,"[30633600 37216400 42703400 48271500 52131400 55329100 66802400 74145900
 74147500 78883700]",antigen,33,Demand: 5 - Capacity: other,0.010285000000000002
Hepatitis_B,"[415970900 388180600 350262100 375166800 420410400 487360500 434906700
 467342200 409724600 533443100]",antigen,33,Demand: 5 - Capacity: other,0.010285000000000002
Hib,"[299433200 287933700 348688600 338043300 377829100 364540600 382140000
 399816100 426025300 454071000]",antigen,33,Demand: 5 - Capacity: other,0.010285000000000002
Measles,"[570665100 559310700 614308200 543124700 687344900 579170800 1053447000
 690158000 330757900 1120540100]",antigen,33,Demand: 5 - Capacity: other,0.010285000000000002
Mumps,"[29915900 42880800 32573500 30876900 54989500 41453200 38535600 66882700
 69737100 96361100]",antigen,33,Demand: 5 - Capacity: other,0.010285000000000002
PCV,"[222556200 268654200 273946800 321722700 444595800 369710800 381844400
 455529100 470730400 902895300]",antigen,33,Demand: 5 - Capacity: other,0.010285000000000002
Pertussis,"[360214500 360608200 378381300 414326900 340761600 341426400 390099300
 424364000 451424300 392313700]",antigen,33,Demand: 5 - Capacity: other,0.010285000000000002
Polio,"[652386500 643240100 574863000 726677800 753423000 877586600 739684000
 803043500 849221900 738018800]",antigen,33,Demand: 5 - Capacity: other,0.010285000000000002
Rotavirus,"[206578800 244793900 275584600 265721000 139046400 355831000 449939800
 601532300 804202600 1278199400]",antigen,33,Demand: 5 - Capacity: other,0.010285000000000002
Rubella,"[408826200 494397000 495553000 584674400 458533300 615968200 607172500
 957920600 1168859200 578260000]",antigen,33,Demand: 5 - Capacity: other,0.010285000000000002
Tetanus,"[665307800 615563200 655205600 718497200 629880900 631721600 684434000
 624472400 706152200 551363400]",antigen,33,Demand: 5 - Capacity: other,0.010285000000000002
AJ_Vaccines,"[7711003.0, 7711003.0, 7094122.0, 6939902.0, 7479673.0, 7711003.0, 7325452.0, 7711003.0, 7711003.0, 7711003.0]",manufacturer,33,Demand: 5 - Capacity: other,0.010285000000000002
BB_NCIPD,"[39147073.0, 39223956.0, 39223956.0, 39120138.0, 39223956.0, 39161665.0, 39223956.0, 39223956.0, 39223956.0, 39223956.0]",manufacturer,33,Demand: 5 - Capacity: other,0.010285000000000002
Bharat_Biotech,"[61029105.0, 61029105.0, 61029105.0, 61029105.0, 61029105.0, 61029105.0, 58151969.0, 61029105.0, 59302823.0, 61029105.0]",manufacturer,33,Demand: 5 - Capacity: other,0.010285000000000002
Bilthoven,"[12048153.0, 12048153.0, 11084301.0, 10843338.0, 11686709.0, 12048153.0, 11445746.0, 12048153.0, 12048153.0, 12048153.0]",manufacturer,33,Demand: 5 - Capacity: other,0.010285000000000002
Biological_E,"[164256564.0, 164885690.0, 164256564.0, 164544872.0, 164885690.0, 163674597.0, 164885690.0, 164885690.0, 162529472.0, 164885690.0]",manufacturer,33,Demand: 5 - Capacity: other,0.010285000000000002
China_National,"[12812242.0, 12627715.0, 12812242.0, 12812242.0, 12812242.0, 12812242.0, 12289163.0, 12812242.0, 12498395.0, 12812242.0]",manufacturer,33,Demand: 5 - Capacity: other,0.010285000000000002
GSK,"[226762686.0, 226380511.0, 226762686.0, 223728150.0, 226762686.0, 226762686.0, 225374680.0, 226762686.0, 225929882.0, 226762686.0]",manufacturer,33,Demand: 5 - Capacity: other,0.010285000000000002
Haffkine_Bio,"[80972855.0, 80972855.0, 80972855.0, 80972855.0, 80972855.0, 80972855.0, 76924212.0, 80972855.0, 78543669.0, 80972855.0]",manufacturer,33,Demand: 5 - Capacity: other,0.010285000000000002
LG_Chem,"[43536522.0, 43702188.0, 43493336.0, 43441123.0, 43623868.0, 43702188.0, 43571655.0, 43702188.0, 41813277.0, 43702188.0]",manufacturer,33,Demand: 5 - Capacity: other,0.010285000000000002
Merck_Sharp,"[56991052.0, 52517254.0, 56991052.0, 56991052.0, 56991052.0, 56991052.0, 56991052.0, 56991052.0, 56991052.0, 56991052.0]",manufacturer,33,Demand: 5 - Capacity: other,0.010285000000000002
PT_Bio,"[45864272.0, 45911731.0, 45911731.0, 45702427.0, 45436226.0, 45893137.0, 45388709.0, 45911731.0, 45472645.0, 45911731.0]",manufacturer,33,Demand: 5 - Capacity: other,0.010285000000000002
Panacea_Biotec,"[10874165.0, 10874165.0, 10874165.0, 10874165.0, 10874165.0, 10874165.0, 10826407.0, 10874165.0, 10349561.0, 10874165.0]",manufacturer,33,Demand: 5 - Capacity: other,0.010285000000000002
Pfizer,"[83916974.0, 83916974.0, 83916974.0, 79721125.0, 83916974.0, 83916974.0, 83916974.0, 83916974.0, 83916974.0, 83916974.0]",manufacturer,33,Demand: 5 - Capacity: other,0.010285000000000002
Sanofi,"[87429432.0, 87429432.0, 82229737.0, 80966413.0, 85490526.0, 87429432.0, 83076260.0, 87429432.0, 86756435.0, 87429432.0]",manufacturer,33,Demand: 5 - Capacity: other,0.010285000000000002
Serum_Institute,"[584505805.0, 587114096.0, 584689002.0, 585806084.0, 584474822.0, 583172832.0, 580252583.0, 587114096.0, 578030930.0, 587114096.0]",manufacturer,33,Demand: 5 - Capacity: other,0.010285000000000002
Diphtheria,"[711050900 679613900 917355100 836818100 746278900 922058400 1426859000
 1175127700 973057200 683673500]",antigen,34,Demand: 2 - Capacity: other,0.00352
HPV,"[29266600 35276000 39728900 46412200 53476900 58358000 66330900 72908300
 75298300 90917800]",antigen,34,Demand: 2 - Capacity: other,0.00352
Hepatitis_B,"[313064100 382531200 437092100 429619500 393742900 369097400 442800200
 528674500 443817200 451808800]",antigen,34,Demand: 2 - Capacity: other,0.00352
Hib,"[286677800 306061700 285422200 361438000 341935900 360397500 372502800
 382097300 409937600 418451200]",antigen,34,Demand: 2 - Capacity: other,0.00352
Measles,"[518619900 375746400 398902700 542762500 713609600 811118000 736873900
 888747300 907113900 1156756300]",antigen,34,Demand: 2 - Capacity: other,0.00352
Mumps,"[30963300 26656000 28518400 31697300 36449300 57974700 42272200 43307200
 42762600 62740800]",antigen,34,Demand: 2 - Capacity: other,0.00352
PCV,"[230807600 252874000 253518100 358761500 378449000 338860200 414534900
 389114800 490285100 600132100]",antigen,34,Demand: 2 - Capacity: other,0.00352
Pertussis,"[377184400 390393100 371773400 340315800 366275200 384359400 367113300
 405201700 364753200 404717500]",antigen,34,Demand: 2 - Capacity: other,0.00352
Polio,"[608569400 624020000 553923300 730725000 729740400 776213400 853164200
 874966100 822064900 926389900]",antigen,34,Demand: 2 - Capacity: other,0.00352
Rotavirus,"[202102100 155841000 236069900 312315400 307625200 297413300 443961600
 554686000 622167600 824016700]",antigen,34,Demand: 2 - Capacity: other,0.00352
Rubella,"[325694200 395129200 347429400 601371100 523107200 513020400 709081300
 680422400 789246000 777607700]",antigen,34,Demand: 2 - Capacity: other,0.00352
Tetanus,"[663050300 640523300 688976600 667612000 592749800 672927700 695883700
 735641400 733819100 737757700]",antigen,34,Demand: 2 - Capacity: other,0.00352
AJ_Vaccines,"[7711003.0, 7711003.0, 7094122.0, 6939902.0, 7479673.0, 7711003.0, 7325452.0, 7711003.0, 7711003.0, 7711003.0]",manufacturer,34,Demand: 2 - Capacity: other,0.00352
BB_NCIPD,"[39147073.0, 39223956.0, 39223956.0, 39120138.0, 39223956.0, 39161665.0, 39223956.0, 39223956.0, 39223956.0, 39223956.0]",manufacturer,34,Demand: 2 - Capacity: other,0.00352
Bharat_Biotech,"[61029105.0, 61029105.0, 61029105.0, 61029105.0, 61029105.0, 61029105.0, 58151969.0, 61029105.0, 59302823.0, 61029105.0]",manufacturer,34,Demand: 2 - Capacity: other,0.00352
Bilthoven,"[12048153.0, 12048153.0, 11084301.0, 10843338.0, 11686709.0, 12048153.0, 11445746.0, 12048153.0, 12048153.0, 12048153.0]",manufacturer,34,Demand: 2 - Capacity: other,0.00352
Biological_E,"[164256564.0, 164885690.0, 164256564.0, 164544872.0, 164885690.0, 163674597.0, 164885690.0, 164885690.0, 162529472.0, 164885690.0]",manufacturer,34,Demand: 2 - Capacity: other,0.00352
China_National,"[12812242.0, 12627715.0, 12812242.0, 12812242.0, 12812242.0, 12812242.0, 12289163.0, 12812242.0, 12498395.0, 12812242.0]",manufacturer,34,Demand: 2 - Capacity: other,0.00352
GSK,"[226762686.0, 226380511.0, 226762686.0, 223728150.0, 226762686.0, 226762686.0, 225374680.0, 226762686.0, 225929882.0, 226762686.0]",manufacturer,34,Demand: 2 - Capacity: other,0.00352
Haffkine_Bio,"[80972855.0, 80972855.0, 80972855.0, 80972855.0, 80972855.0, 80972855.0, 76924212.0, 80972855.0, 78543669.0, 80972855.0]",manufacturer,34,Demand: 2 - Capacity: other,0.00352
LG_Chem,"[43536522.0, 43702188.0, 43493336.0, 43441123.0, 43623868.0, 43702188.0, 43571655.0, 43702188.0, 41813277.0, 43702188.0]",manufacturer,34,Demand: 2 - Capacity: other,0.00352
Merck_Sharp,"[56991052.0, 52517254.0, 56991052.0, 56991052.0, 56991052.0, 56991052.0, 56991052.0, 56991052.0, 56991052.0, 56991052.0]",manufacturer,34,Demand: 2 - Capacity: other,0.00352
PT_Bio,"[45864272.0, 45911731.0, 45911731.0, 45702427.0, 45436226.0, 45893137.0, 45388709.0, 45911731.0, 45472645.0, 45911731.0]",manufacturer,34,Demand: 2 - Capacity: other,0.00352
Panacea_Biotec,"[10874165.0, 10874165.0, 10874165.0, 10874165.0, 10874165.0, 10874165.0, 10826407.0, 10874165.0, 10349561.0, 10874165.0]",manufacturer,34,Demand: 2 - Capacity: other,0.00352
Pfizer,"[83916974.0, 83916974.0, 83916974.0, 79721125.0, 83916974.0, 83916974.0, 83916974.0, 83916974.0, 83916974.0, 83916974.0]",manufacturer,34,Demand: 2 - Capacity: other,0.00352
Sanofi,"[87429432.0, 87429432.0, 82229737.0, 80966413.0, 85490526.0, 87429432.0, 83076260.0, 87429432.0, 86756435.0, 87429432.0]",manufacturer,34,Demand: 2 - Capacity: other,0.00352
Serum_Institute,"[584505805.0, 587114096.0, 584689002.0, 585806084.0, 584474822.0, 583172832.0, 580252583.0, 587114096.0, 578030930.0, 587114096.0]",manufacturer,34,Demand: 2 - Capacity: other,0.00352
Diphtheria,"[670487400 735223400 677717200 802467500 967639900 1081033700 1100762400
 1063053300 2147483648 1209481000]",antigen,35,Demand: 4 - Capacity: other,0.00352
HPV,"[30334800 35937000 39631100 46530800 51332300 61773100 70626000 77523300
 90316100 96557800]",antigen,35,Demand: 4 - Capacity: other,0.00352
Hepatitis_B,"[370407500 444508300 399556600 426122800 423485500 418566300 307698900
 354228100 613698000 433404100]",antigen,35,Demand: 4 - Capacity: other,0.00352
Hib,"[281761500 293066700 346902200 330750100 358004200 351235200 328019400
 360224500 420677000 368138300]",antigen,35,Demand: 4 - Capacity: other,0.00352
Measles,"[353668900 489897600 638311200 403718000 676101000 661328300 1003061300
 815416800 1187197600 547798800]",antigen,35,Demand: 4 - Capacity: other,0.00352
Mumps,"[25649100 28849400 39045200 39722700 36402400 27034800 45075800 60712500
 54612500 29676400]",antigen,35,Demand: 4 - Capacity: other,0.00352
PCV,"[211790700 226310500 305294700 272866400 319420400 420952100 428136200
 287020700 528636500 318672000]",antigen,35,Demand: 4 - Capacity: other,0.00352
Pertussis,"[351095500 342628700 356906100 342541800 348739500 360337100 381747400
 376965100 330916900 258759400]",antigen,35,Demand: 4 - Capacity: other,0.00352
Polio,"[614187100 654523900 665289500 726314000 767137300 824302900 825918000
 838587200 825905500 1162269500]",antigen,35,Demand: 4 - Capacity: other,0.00352
Rotavirus,"[209202600 181239300 315516000 294039300 257511300 381815400 479180500
 492327200 991227200 307926400]",antigen,35,Demand: 4 - Capacity: other,0.00352
Rubella,"[337697800 430499200 284148500 402899500 427746000 632589800 549036000
 518741000 566111500 368942400]",antigen,35,Demand: 4 - Capacity: other,0.00352
Tetanus,"[615261700 628073100 584840600 659296500 664099600 698020100 751701100
 551029500 767677700 776856700]",antigen,35,Demand: 4 - Capacity: other,0.00352
AJ_Vaccines,"[7711003.0, 7711003.0, 7094122.0, 6939902.0, 7479673.0, 7711003.0, 7325452.0, 7711003.0, 7711003.0, 7711003.0]",manufacturer,35,Demand: 4 - Capacity: other,0.00352
BB_NCIPD,"[39147073.0, 39223956.0, 39223956.0, 39120138.0, 39223956.0, 39161665.0, 39223956.0, 39223956.0, 39223956.0, 39223956.0]",manufacturer,35,Demand: 4 - Capacity: other,0.00352
Bharat_Biotech,"[61029105.0, 61029105.0, 61029105.0, 61029105.0, 61029105.0, 61029105.0, 58151969.0, 61029105.0, 59302823.0, 61029105.0]",manufacturer,35,Demand: 4 - Capacity: other,0.00352
Bilthoven,"[12048153.0, 12048153.0, 11084301.0, 10843338.0, 11686709.0, 12048153.0, 11445746.0, 12048153.0, 12048153.0, 12048153.0]",manufacturer,35,Demand: 4 - Capacity: other,0.00352
Biological_E,"[164256564.0, 164885690.0, 164256564.0, 164544872.0, 164885690.0, 163674597.0, 164885690.0, 164885690.0, 162529472.0, 164885690.0]",manufacturer,35,Demand: 4 - Capacity: other,0.00352
China_National,"[12812242.0, 12627715.0, 12812242.0, 12812242.0, 12812242.0, 12812242.0, 12289163.0, 12812242.0, 12498395.0, 12812242.0]",manufacturer,35,Demand: 4 - Capacity: other,0.00352
GSK,"[226762686.0, 226380511.0, 226762686.0, 223728150.0, 226762686.0, 226762686.0, 225374680.0, 226762686.0, 225929882.0, 226762686.0]",manufacturer,35,Demand: 4 - Capacity: other,0.00352
Haffkine_Bio,"[80972855.0, 80972855.0, 80972855.0, 80972855.0, 80972855.0, 80972855.0, 76924212.0, 80972855.0, 78543669.0, 80972855.0]",manufacturer,35,Demand: 4 - Capacity: other,0.00352
LG_Chem,"[43536522.0, 43702188.0, 43493336.0, 43441123.0, 43623868.0, 43702188.0, 43571655.0, 43702188.0, 41813277.0, 43702188.0]",manufacturer,35,Demand: 4 - Capacity: other,0.00352
Merck_Sharp,"[56991052.0, 52517254.0, 56991052.0, 56991052.0, 56991052.0, 56991052.0, 56991052.0, 56991052.0, 56991052.0, 56991052.0]",manufacturer,35,Demand: 4 - Capacity: other,0.00352
PT_Bio,"[45864272.0, 45911731.0, 45911731.0, 45702427.0, 45436226.0, 45893137.0, 45388709.0, 45911731.0, 45472645.0, 45911731.0]",manufacturer,35,Demand: 4 - Capacity: other,0.00352
Panacea_Biotec,"[10874165.0, 10874165.0, 10874165.0, 10874165.0, 10874165.0, 10874165.0, 10826407.0, 10874165.0, 10349561.0, 10874165.0]",manufacturer,35,Demand: 4 - Capacity: other,0.00352
Pfizer,"[83916974.0, 83916974.0, 83916974.0, 79721125.0, 83916974.0, 83916974.0, 83916974.0, 83916974.0, 83916974.0, 83916974.0]",manufacturer,35,Demand: 4 - Capacity: other,0.00352
Sanofi,"[87429432.0, 87429432.0, 82229737.0, 80966413.0, 85490526.0, 87429432.0, 83076260.0, 87429432.0, 86756435.0, 87429432.0]",manufacturer,35,Demand: 4 - Capacity: other,0.00352
Serum_Institute,"[584505805.0, 587114096.0, 584689002.0, 585806084.0, 584474822.0, 583172832.0, 580252583.0, 587114096.0, 578030930.0, 587114096.0]",manufacturer,35,Demand: 4 - Capacity: other,0.00352
