unit,values,type,pair_idx,pair,pair_probability
Diphtheria,"[570550200 619539900 626455400 594496900 595980200 587103300 593084700
 587954100 594707400 600159000]",antigen,1,Demand: 1 - Capacity: base_capacity,0.67344
HPV,"[18988200 18779800 27460000 72849500 92670600 64703800 42237000 42368400
 33730500 35038500]",antigen,1,Demand: 1 - Capacity: base_capacity,0.67344
Hepatitis_B,"[312284600 343008200 351717800 334973600 334455600 328430100 332308900
 328200500 332214900 335525400]",antigen,1,Demand: 1 - Capacity: base_capacity,0.67344
Hib,"[259536200 282777100 287252900 274027900 274339400 270041300 273119600
 270415600 273713400 276715500]",antigen,1,Demand: 1 - Capacity: base_capacity,0.67344
Measles,"[420097000 358616900 394831600 346093200 377569100 407486200 271512200
 386591100 290515900 326808200]",antigen,1,Demand: 1 - Capacity: base_capacity,0.67344
Mumps,"[26052200 26626400 25785400 25268100 23536200 16205400 18650400 8909600
 10718500 12977700]",antigen,1,Demand: 1 - Capacity: base_capacity,0.67344
PCV,"[160800200 186996100 209165500 205938500 220998700 219106600 222271100
 217335600 218764600 220234300]",antigen,1,Demand: 1 - Capacity: base_capacity,0.67344
Pertussis,"[320662700 347414000 352464600 335977000 334855300 328035800 331237500
 328308900 331462200 334312000]",antigen,1,Demand: 1 - Capacity: base_capacity,0.67344
Polio,"[522182000 582182300 608631800 590689600 591743500 572503000 130824100
 128516200 130807300 132956000]",antigen,1,Demand: 1 - Capacity: base_capacity,0.67344
Rotavirus,"[142479000 166422100 173751400 186328400 197668300 205652300 209552800
 207355600 209606300 211802800]",antigen,1,Demand: 1 - Capacity: base_capacity,0.67344
Rubella,"[357331300 254011400 304621400 276893800 291347300 386542700 259074600
 385691400 289592400 325856600]",antigen,1,Demand: 1 - Capacity: base_capacity,0.67344
Tetanus,"[577730200 626351000 633278500 601333100 598872900 590040100 596064300
 590973100 597764600 603248400]",antigen,1,Demand: 1 - Capacity: base_capacity,0.67344
AJ_Vaccines,"[7711003.0, 7711003.0, 7711003.0, 7711003.0, 7711003.0, 7711003.0, 7711003.0, 7711003.0, 7711003.0, 7711003.0]",manufacturer,1,Demand: 1 - Capacity: base_capacity,0.67344
BB_NCIPD,"[39223956.0, 39223956.0, 39223956.0, 39223956.0, 39223956.0, 39223956.0, 39223956.0, 39223956.0, 39223956.0, 39223956.0]",manufacturer,1,Demand: 1 - Capacity: base_capacity,0.67344
Bharat_Biotech,"[61029105.0, 61029105.0, 61029105.0, 61029105.0, 61029105.0, 61029105.0, 61029105.0, 61029105.0, 61029105.0, 61029105.0]",manufacturer,1,Demand: 1 - Capacity: base_capacity,0.67344
Bilthoven,"[12048153.0, 12048153.0, 12048153.0, 12048153.0, 12048153.0, 12048153.0, 12048153.0, 12048153.0, 12048153.0, 12048153.0]",manufacturer,1,Demand: 1 - Capacity: base_capacity,0.67344
Biological_E,"[164885690.0, 164885690.0, 164885690.0, 164885690.0, 164885690.0, 164885690.0, 164885690.0, 164885690.0, 164885690.0, 164885690.0]",manufacturer,1,Demand: 1 - Capacity: base_capacity,0.67344
China_National,"[12812242.0, 12812242.0, 12812242.0, 12812242.0, 12812242.0, 12812242.0, 12812242.0, 12812242.0, 12812242.0, 12812242.0]",manufacturer,1,Demand: 1 - Capacity: base_capacity,0.67344
GSK,"[226762686.0, 226762686.0, 226762686.0, 226762686.0, 226762686.0, 226762686.0, 226762686.0, 226762686.0, 226762686.0, 226762686.0]",manufacturer,1,Demand: 1 - Capacity: base_capacity,0.67344
Haffkine_Bio,"[80972855.0, 80972855.0, 80972855.0, 80972855.0, 80972855.0, 80972855.0, 80972855.0, 80972855.0, 80972855.0, 80972855.0]",manufacturer,1,Demand: 1 - Capacity: base_capacity,0.67344
LG_Chem,"[43702188.0, 43702188.0, 43702188.0, 43702188.0, 43702188.0, 43702188.0, 43702188.0, 43702188.0, 43702188.0, 43702188.0]",manufacturer,1,Demand: 1 - Capacity: base_capacity,0.67344
Merck_Sharp,"[56991052.0, 56991052.0, 56991052.0, 56991052.0, 56991052.0, 56991052.0, 56991052.0, 56991052.0, 56991052.0, 56991052.0]",manufacturer,1,Demand: 1 - Capacity: base_capacity,0.67344
PT_Bio,"[45911731.0, 45911731.0, 45911731.0, 45911731.0, 45911731.0, 45911731.0, 45911731.0, 45911731.0, 45911731.0, 45911731.0]",manufacturer,1,Demand: 1 - Capacity: base_capacity,0.67344
Panacea_Biotec,"[10874165.0, 10874165.0, 10874165.0, 10874165.0, 10874165.0, 10874165.0, 10874165.0, 10874165.0, 10874165.0, 10874165.0]",manufacturer,1,Demand: 1 - Capacity: base_capacity,0.67344
Pfizer,"[83916974.0, 83916974.0, 83916974.0, 83916974.0, 83916974.0, 83916974.0, 83916974.0, 83916974.0, 83916974.0, 83916974.0]",manufacturer,1,Demand: 1 - Capacity: base_capacity,0.67344
Sanofi,"[87429432.0, 87429432.0, 87429432.0, 87429432.0, 87429432.0, 87429432.0, 87429432.0, 87429432.0, 87429432.0, 87429432.0]",manufacturer,1,Demand: 1 - Capacity: base_capacity,0.67344
Serum_Institute,"[587114096.0, 587114096.0, 587114096.0, 587114096.0, 587114096.0, 587114096.0, 587114096.0, 587114096.0, 587114096.0, 587114096.0]",manufacturer,1,Demand: 1 - Capacity: base_capacity,0.67344
Diphtheria,"[654233900 836474800 765804800 925613800 851169600 917181600 1346325300
 1152974500 669109400 -2147483648]",antigen,2,Demand: 3 - Capacity: base_capacity,0.06936432000000001
HPV,"[29278100 34529800 41314600 46831600 52100600 61799200 68661300 71927100
 88594400 94993400]",antigen,2,Demand: 3 - Capacity: base_capacity,0.06936432000000001
Hepatitis_B,"[367899800 397096100 371863600 396265400 481334800 460819700 394718400
 307416400 352012500 467247100]",antigen,2,Demand: 3 - Capacity: base_capacity,0.06936432000000001
Hib,"[296797500 286435900 324747800 327110000 358279900 386356000 373120300
 367969400 422523900 380845900]",antigen,2,Demand: 3 - Capacity: base_capacity,0.06936432000000001
Measles,"[558200700 568584000 470701300 569931600 693752000 880470900 794733300
 944858600 1111350000 635813500]",antigen,2,Demand: 3 - Capacity: base_capacity,0.06936432000000001
Mumps,"[25298900 35825600 28309600 34167200 56941500 34282800 52971000 61662700
 54703300 79141000]",antigen,2,Demand: 3 - Capacity: base_capacity,0.06936432000000001
PCV,"[217304000 262275300 327108600 328942400 372129800 353796500 370562100
 492289800 466028200 179323800]",antigen,2,Demand: 3 - Capacity: base_capacity,0.06936432000000001
Pertussis,"[376053500 329574100 385604700 351618800 410530100 375193000 363350500
 364705100 397681100 335678000]",antigen,2,Demand: 3 - Capacity: base_capacity,0.06936432000000001
Polio,"[629319000 636390100 756892800 753580500 795712200 761560800 823600500
 812364000 750291200 951616700]",antigen,2,Demand: 3 - Capacity: base_capacity,0.06936432000000001
Rotavirus,"[185622400 219556000 256011100 228026000 455555300 366778100 385080400
 482266900 714517200 1041382600]",antigen,2,Demand: 3 - Capacity: base_capacity,0.06936432000000001
Rubella,"[354209400 444952700 440196700 602098200 602205300 567084600 437763600
 605256900 851193600 458658300]",antigen,2,Demand: 3 - Capacity: base_capacity,0.06936432000000001
Tetanus,"[649813800 621341400 724413900 721858700 673652300 688070200 637263500
 692825800 620957100 607789000]",antigen,2,Demand: 3 - Capacity: base_capacity,0.06936432000000001
AJ_Vaccines,"[7711003.0, 7711003.0, 7711003.0, 7711003.0, 7711003.0, 7711003.0, 7711003.0, 7711003.0, 7711003.0, 7711003.0]",manufacturer,2,Demand: 3 - Capacity: base_capacity,0.06936432000000001
BB_NCIPD,"[39223956.0, 39223956.0, 39223956.0, 39223956.0, 39223956.0, 39223956.0, 39223956.0, 39223956.0, 39223956.0, 39223956.0]",manufacturer,2,Demand: 3 - Capacity: base_capacity,0.06936432000000001
Bharat_Biotech,"[61029105.0, 61029105.0, 61029105.0, 61029105.0, 61029105.0, 61029105.0, 61029105.0, 61029105.0, 61029105.0, 61029105.0]",manufacturer,2,Demand: 3 - Capacity: base_capacity,0.06936432000000001
Bilthoven,"[12048153.0, 12048153.0, 12048153.0, 12048153.0, 12048153.0, 12048153.0, 12048153.0, 12048153.0, 12048153.0, 12048153.0]",manufacturer,2,Demand: 3 - Capacity: base_capacity,0.06936432000000001
Biological_E,"[164885690.0, 164885690.0, 164885690.0, 164885690.0, 164885690.0, 164885690.0, 164885690.0, 164885690.0, 164885690.0, 164885690.0]",manufacturer,2,Demand: 3 - Capacity: base_capacity,0.06936432000000001
China_National,"[12812242.0, 12812242.0, 12812242.0, 12812242.0, 12812242.0, 12812242.0, 12812242.0, 12812242.0, 12812242.0, 12812242.0]",manufacturer,2,Demand: 3 - Capacity: base_capacity,0.06936432000000001
GSK,"[226762686.0, 226762686.0, 226762686.0, 226762686.0, 226762686.0, 226762686.0, 226762686.0, 226762686.0, 226762686.0, 226762686.0]",manufacturer,2,Demand: 3 - Capacity: base_capacity,0.06936432000000001
Haffkine_Bio,"[80972855.0, 80972855.0, 80972855.0, 80972855.0, 80972855.0, 80972855.0, 80972855.0, 80972855.0, 80972855.0, 80972855.0]",manufacturer,2,Demand: 3 - Capacity: base_capacity,0.06936432000000001
LG_Chem,"[43702188.0, 43702188.0, 43702188.0, 43702188.0, 43702188.0, 43702188.0, 43702188.0, 43702188.0, 43702188.0, 43702188.0]",manufacturer,2,Demand: 3 - Capacity: base_capacity,0.06936432000000001
Merck_Sharp,"[56991052.0, 56991052.0, 56991052.0, 56991052.0, 56991052.0, 56991052.0, 56991052.0, 56991052.0, 56991052.0, 56991052.0]",manufacturer,2,Demand: 3 - Capacity: base_capacity,0.06936432000000001
PT_Bio,"[45911731.0, 45911731.0, 45911731.0, 45911731.0, 45911731.0, 45911731.0, 45911731.0, 45911731.0, 45911731.0, 45911731.0]",manufacturer,2,Demand: 3 - Capacity: base_capacity,0.06936432000000001
Panacea_Biotec,"[10874165.0, 10874165.0, 10874165.0, 10874165.0, 10874165.0, 10874165.0, 10874165.0, 10874165.0, 10874165.0, 10874165.0]",manufacturer,2,Demand: 3 - Capacity: base_capacity,0.06936432000000001
Pfizer,"[83916974.0, 83916974.0, 83916974.0, 83916974.0, 83916974.0, 83916974.0, 83916974.0, 83916974.0, 83916974.0, 83916974.0]",manufacturer,2,Demand: 3 - Capacity: base_capacity,0.06936432000000001
Sanofi,"[87429432.0, 87429432.0, 87429432.0, 87429432.0, 87429432.0, 87429432.0, 87429432.0, 87429432.0, 87429432.0, 87429432.0]",manufacturer,2,Demand: 3 - Capacity: base_capacity,0.06936432000000001
Serum_Institute,"[587114096.0, 587114096.0, 587114096.0, 587114096.0, 587114096.0, 587114096.0, 587114096.0, 587114096.0, 587114096.0, 587114096.0]",manufacturer,2,Demand: 3 - Capacity: base_capacity,0.06936432000000001
Diphtheria,"[596906900 558336500 812533400 660834400 686912400 1059413800 1410783900
 1252908300 953910300 1577938400]",antigen,3,Demand: 4 - Capacity: base_capacity,0.06498696000000001
HPV,"[26509800 35593800 41761900 46914800 51357500 59171600 66488200 73483500
 84634900 80794100]",antigen,3,Demand: 4 - Capacity: base_capacity,0.06498696000000001
Hepatitis_B,"[398538000 411746900 404101000 294154800 354466900 365673200 370291900
 345678000 544177700 350602700]",antigen,3,Demand: 4 - Capacity: base_capacity,0.06498696000000001
Hib,"[290485200 340862100 301672100 347190200 369051400 309998000 379238500
 385344800 435675100 417032400]",antigen,3,Demand: 4 - Capacity: base_capacity,0.06498696000000001
Measles,"[396235400 525423200 507983700 478856400 600172200 551044600 684851800
 969568700 991050500 1391486700]",antigen,3,Demand: 4 - Capacity: base_capacity,0.06498696000000001
Mumps,"[20805100 27986400 29062300 31362300 32914000 34978900 49196300 36209300
 95135900 77415800]",antigen,3,Demand: 4 - Capacity: base_capacity,0.06498696000000001
PCV,"[228025000 270527400 333973500 349599500 355922500 316447400 486664800
 392780800 529487100 752423700]",antigen,3,Demand: 4 - Capacity: base_capacity,0.06498696000000001
Pertussis,"[357621300 377952200 350446900 353376700 336929700 391426500 366153900
 441004100 330439000 377938400]",antigen,3,Demand: 4 - Capacity: base_capacity,0.06498696000000001
Polio,"[674623000 620549000 675000300 664288500 754280400 831403500 798232300
 929329300 980424200 648707300]",antigen,3,Demand: 4 - Capacity: base_capacity,0.06498696000000001
Rotavirus,"[201197500 175155800 196664100 220157400 319305100 338422000 450422500
 421255000 854993100 366912800]",antigen,3,Demand: 4 - Capacity: base_capacity,0.06498696000000001
Rubella,"[309860900 475793600 289321200 346819600 619977400 600887700 656546100
 670139400 781452000 1090014900]",antigen,3,Demand: 4 - Capacity: base_capacity,0.06498696000000001
Tetanus,"[609169300 660966800 613254200 610941500 740616500 723857000 682591200
 680463400 718420600 828807600]",antigen,3,Demand: 4 - Capacity: base_capacity,0.06498696000000001
AJ_Vaccines,"[7711003.0, 7711003.0, 7711003.0, 7711003.0, 7711003.0, 7711003.0, 7711003.0, 7711003.0, 7711003.0, 7711003.0]",manufacturer,3,Demand: 4 - Capacity: base_capacity,0.06498696000000001
BB_NCIPD,"[39223956.0, 39223956.0, 39223956.0, 39223956.0, 39223956.0, 39223956.0, 39223956.0, 39223956.0, 39223956.0, 39223956.0]",manufacturer,3,Demand: 4 - Capacity: base_capacity,0.06498696000000001
Bharat_Biotech,"[61029105.0, 61029105.0, 61029105.0, 61029105.0, 61029105.0, 61029105.0, 61029105.0, 61029105.0, 61029105.0, 61029105.0]",manufacturer,3,Demand: 4 - Capacity: base_capacity,0.06498696000000001
Bilthoven,"[12048153.0, 12048153.0, 12048153.0, 12048153.0, 12048153.0, 12048153.0, 12048153.0, 12048153.0, 12048153.0, 12048153.0]",manufacturer,3,Demand: 4 - Capacity: base_capacity,0.06498696000000001
Biological_E,"[164885690.0, 164885690.0, 164885690.0, 164885690.0, 164885690.0, 164885690.0, 164885690.0, 164885690.0, 164885690.0, 164885690.0]",manufacturer,3,Demand: 4 - Capacity: base_capacity,0.06498696000000001
China_National,"[12812242.0, 12812242.0, 12812242.0, 12812242.0, 12812242.0, 12812242.0, 12812242.0, 12812242.0, 12812242.0, 12812242.0]",manufacturer,3,Demand: 4 - Capacity: base_capacity,0.06498696000000001
GSK,"[226762686.0, 226762686.0, 226762686.0, 226762686.0, 226762686.0, 226762686.0, 226762686.0, 226762686.0, 226762686.0, 226762686.0]",manufacturer,3,Demand: 4 - Capacity: base_capacity,0.06498696000000001
Haffkine_Bio,"[80972855.0, 80972855.0, 80972855.0, 80972855.0, 80972855.0, 80972855.0, 80972855.0, 80972855.0, 80972855.0, 80972855.0]",manufacturer,3,Demand: 4 - Capacity: base_capacity,0.06498696000000001
LG_Chem,"[43702188.0, 43702188.0, 43702188.0, 43702188.0, 43702188.0, 43702188.0, 43702188.0, 43702188.0, 43702188.0, 43702188.0]",manufacturer,3,Demand: 4 - Capacity: base_capacity,0.06498696000000001
Merck_Sharp,"[56991052.0, 56991052.0, 56991052.0, 56991052.0, 56991052.0, 56991052.0, 56991052.0, 56991052.0, 56991052.0, 56991052.0]",manufacturer,3,Demand: 4 - Capacity: base_capacity,0.06498696000000001
PT_Bio,"[45911731.0, 45911731.0, 45911731.0, 45911731.0, 45911731.0, 45911731.0, 45911731.0, 45911731.0, 45911731.0, 45911731.0]",manufacturer,3,Demand: 4 - Capacity: base_capacity,0.06498696000000001
Panacea_Biotec,"[10874165.0, 10874165.0, 10874165.0, 10874165.0, 10874165.0, 10874165.0, 10874165.0, 10874165.0, 10874165.0, 10874165.0]",manufacturer,3,Demand: 4 - Capacity: base_capacity,0.06498696000000001
Pfizer,"[83916974.0, 83916974.0, 83916974.0, 83916974.0, 83916974.0, 83916974.0, 83916974.0, 83916974.0, 83916974.0, 83916974.0]",manufacturer,3,Demand: 4 - Capacity: base_capacity,0.06498696000000001
Sanofi,"[87429432.0, 87429432.0, 87429432.0, 87429432.0, 87429432.0, 87429432.0, 87429432.0, 87429432.0, 87429432.0, 87429432.0]",manufacturer,3,Demand: 4 - Capacity: base_capacity,0.06498696000000001
Serum_Institute,"[587114096.0, 587114096.0, 587114096.0, 587114096.0, 587114096.0, 587114096.0, 587114096.0, 587114096.0, 587114096.0, 587114096.0]",manufacturer,3,Demand: 4 - Capacity: base_capacity,0.06498696000000001
Diphtheria,"[690293000 540644300 663354000 1033467400 832363600 964285900 1484889200
 781961600 1006661500 199939900]",antigen,4,Demand: 2 - Capacity: base_capacity,0.01582584
HPV,"[27408100 36795300 44960900 42153100 54014700 57247900 67205500 74837800
 78713600 88601800]",antigen,4,Demand: 2 - Capacity: base_capacity,0.01582584
Hepatitis_B,"[410703700 394726600 455058800 440667600 324876000 458683900 473285200
 433237300 448206300 436645900]",antigen,4,Demand: 2 - Capacity: base_capacity,0.01582584
Hib,"[308462400 308564000 317849200 348113400 353835500 364190100 361704000
 387351100 363068900 408753500]",antigen,4,Demand: 2 - Capacity: base_capacity,0.01582584
Measles,"[520688600 599384600 741765500 584291600 610795400 751325700 699010900
 831020100 825941600 1061105100]",antigen,4,Demand: 2 - Capacity: base_capacity,0.01582584
Mumps,"[22927300 20932900 31158300 29486900 34069800 45473700 44507600 44743800
 56776500 52293200]",antigen,4,Demand: 2 - Capacity: base_capacity,0.01582584
PCV,"[229980600 255538100 322750600 318306500 363296300 369410900 285323300
 435396500 470226400 530917400]",antigen,4,Demand: 2 - Capacity: base_capacity,0.01582584
Pertussis,"[330913600 348707600 372077900 358905200 359328000 361641600 392197100
 366714000 428874500 446770700]",antigen,4,Demand: 2 - Capacity: base_capacity,0.01582584
Polio,"[597194100 677401000 776170500 676082100 773974800 869915700 861400800
 863844100 895666700 960509500]",antigen,4,Demand: 2 - Capacity: base_capacity,0.01582584
Rotavirus,"[176924600 219261400 246960500 200506000 250245900 309212600 359689500
 642248900 549276900 702456800]",antigen,4,Demand: 2 - Capacity: base_capacity,0.01582584
Rubella,"[375199800 541952100 425153100 568072300 445714300 717977700 625043900
 769890300 719103700 840127000]",antigen,4,Demand: 2 - Capacity: base_capacity,0.01582584
Tetanus,"[629499200 631449500 590716800 662222000 654131200 630990900 743740500
 701074300 765625500 736675300]",antigen,4,Demand: 2 - Capacity: base_capacity,0.01582584
AJ_Vaccines,"[7711003.0, 7711003.0, 7711003.0, 7711003.0, 7711003.0, 7711003.0, 7711003.0, 7711003.0, 7711003.0, 7711003.0]",manufacturer,4,Demand: 2 - Capacity: base_capacity,0.01582584
BB_NCIPD,"[39223956.0, 39223956.0, 39223956.0, 39223956.0, 39223956.0, 39223956.0, 39223956.0, 39223956.0, 39223956.0, 39223956.0]",manufacturer,4,Demand: 2 - Capacity: base_capacity,0.01582584
Bharat_Biotech,"[61029105.0, 61029105.0, 61029105.0, 61029105.0, 61029105.0, 61029105.0, 61029105.0, 61029105.0, 61029105.0, 61029105.0]",manufacturer,4,Demand: 2 - Capacity: base_capacity,0.01582584
Bilthoven,"[12048153.0, 12048153.0, 12048153.0, 12048153.0, 12048153.0, 12048153.0, 12048153.0, 12048153.0, 12048153.0, 12048153.0]",manufacturer,4,Demand: 2 - Capacity: base_capacity,0.01582584
Biological_E,"[164885690.0, 164885690.0, 164885690.0, 164885690.0, 164885690.0, 164885690.0, 164885690.0, 164885690.0, 164885690.0, 164885690.0]",manufacturer,4,Demand: 2 - Capacity: base_capacity,0.01582584
China_National,"[12812242.0, 12812242.0, 12812242.0, 12812242.0, 12812242.0, 12812242.0, 12812242.0, 12812242.0, 12812242.0, 12812242.0]",manufacturer,4,Demand: 2 - Capacity: base_capacity,0.01582584
GSK,"[226762686.0, 226762686.0, 226762686.0, 226762686.0, 226762686.0, 226762686.0, 226762686.0, 226762686.0, 226762686.0, 226762686.0]",manufacturer,4,Demand: 2 - Capacity: base_capacity,0.01582584
Haffkine_Bio,"[80972855.0, 80972855.0, 80972855.0, 80972855.0, 80972855.0, 80972855.0, 80972855.0, 80972855.0, 80972855.0, 80972855.0]",manufacturer,4,Demand: 2 - Capacity: base_capacity,0.01582584
LG_Chem,"[43702188.0, 43702188.0, 43702188.0, 43702188.0, 43702188.0, 43702188.0, 43702188.0, 43702188.0, 43702188.0, 43702188.0]",manufacturer,4,Demand: 2 - Capacity: base_capacity,0.01582584
Merck_Sharp,"[56991052.0, 56991052.0, 56991052.0, 56991052.0, 56991052.0, 56991052.0, 56991052.0, 56991052.0, 56991052.0, 56991052.0]",manufacturer,4,Demand: 2 - Capacity: base_capacity,0.01582584
PT_Bio,"[45911731.0, 45911731.0, 45911731.0, 45911731.0, 45911731.0, 45911731.0, 45911731.0, 45911731.0, 45911731.0, 45911731.0]",manufacturer,4,Demand: 2 - Capacity: base_capacity,0.01582584
Panacea_Biotec,"[10874165.0, 10874165.0, 10874165.0, 10874165.0, 10874165.0, 10874165.0, 10874165.0, 10874165.0, 10874165.0, 10874165.0]",manufacturer,4,Demand: 2 - Capacity: base_capacity,0.01582584
Pfizer,"[83916974.0, 83916974.0, 83916974.0, 83916974.0, 83916974.0, 83916974.0, 83916974.0, 83916974.0, 83916974.0, 83916974.0]",manufacturer,4,Demand: 2 - Capacity: base_capacity,0.01582584
Sanofi,"[87429432.0, 87429432.0, 87429432.0, 87429432.0, 87429432.0, 87429432.0, 87429432.0, 87429432.0, 87429432.0, 87429432.0]",manufacturer,4,Demand: 2 - Capacity: base_capacity,0.01582584
Serum_Institute,"[587114096.0, 587114096.0, 587114096.0, 587114096.0, 587114096.0, 587114096.0, 587114096.0, 587114096.0, 587114096.0, 587114096.0]",manufacturer,4,Demand: 2 - Capacity: base_capacity,0.01582584
Diphtheria,"[743387800 718494700 836301100 720152500 761304900 1033130400 1046414400
 1046244900 -2147483648 1368714300]",antigen,5,Demand: 5 - Capacity: base_capacity,0.018182880000000002
HPV,"[26621500 38049900 42725200 46993500 54230900 60065400 65293500 74388900
 68226900 92640900]",antigen,5,Demand: 5 - Capacity: base_capacity,0.018182880000000002
Hepatitis_B,"[358192200 354219100 361021300 411500900 475530300 470809100 452294400
 416526500 568066500 503505000]",antigen,5,Demand: 5 - Capacity: base_capacity,0.018182880000000002
Hib,"[292457000 315010000 326207300 332843200 350062400 362530200 399440500
 394371600 351868000 351641500]",antigen,5,Demand: 5 - Capacity: base_capacity,0.018182880000000002
Measles,"[403209300 477992600 574350300 589385100 625684300 571410200 1164655200
 647187900 942801300 1502330400]",antigen,5,Demand: 5 - Capacity: base_capacity,0.018182880000000002
Mumps,"[28568900 44316300 29910400 42925000 43035900 34138600 37070300 62755300
 51887400 32244300]",antigen,5,Demand: 5 - Capacity: base_capacity,0.018182880000000002
PCV,"[217608200 267216900 253205600 301483300 300469200 342484400 447616200
 324915700 327715900 505043600]",antigen,5,Demand: 5 - Capacity: base_capacity,0.018182880000000002
Pertussis,"[355092700 355017700 382913500 346050200 324302200 373866000 390207300
 358433200 438275500 333775300]",antigen,5,Demand: 5 - Capacity: base_capacity,0.018182880000000002
Polio,"[594500300 683925100 716534600 768555600 645396200 685236300 734718200
 992189000 1016570100 1182731700]",antigen,5,Demand: 5 - Capacity: base_capacity,0.018182880000000002
Rotavirus,"[229454700 235817300 294116200 205158400 361673800 442510100 369726600
 502021600 283587800 884340400]",antigen,5,Demand: 5 - Capacity: base_capacity,0.018182880000000002
Rubella,"[390927600 457092000 573694500 428027900 569926600 637772500 778011200
 633986300 266418600 590737700]",antigen,5,Demand: 5 - Capacity: base_capacity,0.018182880000000002
Tetanus,"[661301900 640875700 698790600 606645900 707871300 661886500 558836400
 727439300 873897800 642777800]",antigen,5,Demand: 5 - Capacity: base_capacity,0.018182880000000002
AJ_Vaccines,"[7711003.0, 7711003.0, 7711003.0, 7711003.0, 7711003.0, 7711003.0, 7711003.0, 7711003.0, 7711003.0, 7711003.0]",manufacturer,5,Demand: 5 - Capacity: base_capacity,0.018182880000000002
BB_NCIPD,"[39223956.0, 39223956.0, 39223956.0, 39223956.0, 39223956.0, 39223956.0, 39223956.0, 39223956.0, 39223956.0, 39223956.0]",manufacturer,5,Demand: 5 - Capacity: base_capacity,0.018182880000000002
Bharat_Biotech,"[61029105.0, 61029105.0, 61029105.0, 61029105.0, 61029105.0, 61029105.0, 61029105.0, 61029105.0, 61029105.0, 61029105.0]",manufacturer,5,Demand: 5 - Capacity: base_capacity,0.018182880000000002
Bilthoven,"[12048153.0, 12048153.0, 12048153.0, 12048153.0, 12048153.0, 12048153.0, 12048153.0, 12048153.0, 12048153.0, 12048153.0]",manufacturer,5,Demand: 5 - Capacity: base_capacity,0.018182880000000002
Biological_E,"[164885690.0, 164885690.0, 164885690.0, 164885690.0, 164885690.0, 164885690.0, 164885690.0, 164885690.0, 164885690.0, 164885690.0]",manufacturer,5,Demand: 5 - Capacity: base_capacity,0.018182880000000002
China_National,"[12812242.0, 12812242.0, 12812242.0, 12812242.0, 12812242.0, 12812242.0, 12812242.0, 12812242.0, 12812242.0, 12812242.0]",manufacturer,5,Demand: 5 - Capacity: base_capacity,0.018182880000000002
GSK,"[226762686.0, 226762686.0, 226762686.0, 226762686.0, 226762686.0, 226762686.0, 226762686.0, 226762686.0, 226762686.0, 226762686.0]",manufacturer,5,Demand: 5 - Capacity: base_capacity,0.018182880000000002
Haffkine_Bio,"[80972855.0, 80972855.0, 80972855.0, 80972855.0, 80972855.0, 80972855.0, 80972855.0, 80972855.0, 80972855.0, 80972855.0]",manufacturer,5,Demand: 5 - Capacity: base_capacity,0.018182880000000002
LG_Chem,"[43702188.0, 43702188.0, 43702188.0, 43702188.0, 43702188.0, 43702188.0, 43702188.0, 43702188.0, 43702188.0, 43702188.0]",manufacturer,5,Demand: 5 - Capacity: base_capacity,0.018182880000000002
Merck_Sharp,"[56991052.0, 56991052.0, 56991052.0, 56991052.0, 56991052.0, 56991052.0, 56991052.0, 56991052.0, 56991052.0, 56991052.0]",manufacturer,5,Demand: 5 - Capacity: base_capacity,0.018182880000000002
PT_Bio,"[45911731.0, 45911731.0, 45911731.0, 45911731.0, 45911731.0, 45911731.0, 45911731.0, 45911731.0, 45911731.0, 45911731.0]",manufacturer,5,Demand: 5 - Capacity: base_capacity,0.018182880000000002
Panacea_Biotec,"[10874165.0, 10874165.0, 10874165.0, 10874165.0, 10874165.0, 10874165.0, 10874165.0, 10874165.0, 10874165.0, 10874165.0]",manufacturer,5,Demand: 5 - Capacity: base_capacity,0.018182880000000002
Pfizer,"[83916974.0, 83916974.0, 83916974.0, 83916974.0, 83916974.0, 83916974.0, 83916974.0, 83916974.0, 83916974.0, 83916974.0]",manufacturer,5,Demand: 5 - Capacity: base_capacity,0.018182880000000002
Sanofi,"[87429432.0, 87429432.0, 87429432.0, 87429432.0, 87429432.0, 87429432.0, 87429432.0, 87429432.0, 87429432.0, 87429432.0]",manufacturer,5,Demand: 5 - Capacity: base_capacity,0.018182880000000002
Serum_Institute,"[587114096.0, 587114096.0, 587114096.0, 587114096.0, 587114096.0, 587114096.0, 587114096.0, 587114096.0, 587114096.0, 587114096.0]",manufacturer,5,Demand: 5 - Capacity: base_capacity,0.018182880000000002
Diphtheria,"[570550200 619539900 626455400 594496900 595980200 587103300 593084700
 587954100 594707400 600159000]",antigen,6,Demand: 1 - Capacity: IPV_Shortage,0.01384
HPV,"[18988200 18779800 27460000 72849500 92670600 64703800 42237000 42368400
 33730500 35038500]",antigen,6,Demand: 1 - Capacity: IPV_Shortage,0.01384
Hepatitis_B,"[312284600 343008200 351717800 334973600 334455600 328430100 332308900
 328200500 332214900 335525400]",antigen,6,Demand: 1 - Capacity: IPV_Shortage,0.01384
Hib,"[259536200 282777100 287252900 274027900 274339400 270041300 273119600
 270415600 273713400 276715500]",antigen,6,Demand: 1 - Capacity: IPV_Shortage,0.01384
Measles,"[420097000 358616900 394831600 346093200 377569100 407486200 271512200
 386591100 290515900 326808200]",antigen,6,Demand: 1 - Capacity: IPV_Shortage,0.01384
Mumps,"[26052200 26626400 25785400 25268100 23536200 16205400 18650400 8909600
 10718500 12977700]",antigen,6,Demand: 1 - Capacity: IPV_Shortage,0.01384
PCV,"[160800200 186996100 209165500 205938500 220998700 219106600 222271100
 217335600 218764600 220234300]",antigen,6,Demand: 1 - Capacity: IPV_Shortage,0.01384
Pertussis,"[320662700 347414000 352464600 335977000 334855300 328035800 331237500
 328308900 331462200 334312000]",antigen,6,Demand: 1 - Capacity: IPV_Shortage,0.01384
Polio,"[522182000 582182300 608631800 590689600 591743500 572503000 130824100
 128516200 130807300 132956000]",antigen,6,Demand: 1 - Capacity: IPV_Shortage,0.01384
Rotavirus,"[142479000 166422100 173751400 186328400 197668300 205652300 209552800
 207355600 209606300 211802800]",antigen,6,Demand: 1 - Capacity: IPV_Shortage,0.01384
Rubella,"[357331300 254011400 304621400 276893800 291347300 386542700 259074600
 385691400 289592400 325856600]",antigen,6,Demand: 1 - Capacity: IPV_Shortage,0.01384
Tetanus,"[577730200 626351000 633278500 601333100 598872900 590040100 596064300
 590973100 597764600 603248400]",antigen,6,Demand: 1 - Capacity: IPV_Shortage,0.01384
AJ_Vaccines,"[7711003.0, 7711003.0, 7094122.0, 6939902.0, 7479673.0, 7711003.0, 7711003.0, 7711003.0, 7711003.0, 7711003.0]",manufacturer,6,Demand: 1 - Capacity: IPV_Shortage,0.01384
BB_NCIPD,"[39223956.0, 39223956.0, 39223956.0, 39223956.0, 39223956.0, 39223956.0, 39223956.0, 39223956.0, 39223956.0, 39223956.0]",manufacturer,6,Demand: 1 - Capacity: IPV_Shortage,0.01384
Bharat_Biotech,"[61029105.0, 61029105.0, 61029105.0, 61029105.0, 61029105.0, 61029105.0, 61029105.0, 61029105.0, 61029105.0, 61029105.0]",manufacturer,6,Demand: 1 - Capacity: IPV_Shortage,0.01384
Bilthoven,"[12048153.0, 12048153.0, 11084301.0, 10843338.0, 11686709.0, 12048153.0, 12048153.0, 12048153.0, 12048153.0, 12048153.0]",manufacturer,6,Demand: 1 - Capacity: IPV_Shortage,0.01384
Biological_E,"[164885690.0, 164885690.0, 164885690.0, 164885690.0, 164885690.0, 164885690.0, 164885690.0, 164885690.0, 164885690.0, 164885690.0]",manufacturer,6,Demand: 1 - Capacity: IPV_Shortage,0.01384
China_National,"[12812242.0, 12812242.0, 12812242.0, 12812242.0, 12812242.0, 12812242.0, 12812242.0, 12812242.0, 12812242.0, 12812242.0]",manufacturer,6,Demand: 1 - Capacity: IPV_Shortage,0.01384
GSK,"[226762686.0, 226762686.0, 226762686.0, 226762686.0, 226762686.0, 226762686.0, 226762686.0, 226762686.0, 226762686.0, 226762686.0]",manufacturer,6,Demand: 1 - Capacity: IPV_Shortage,0.01384
Haffkine_Bio,"[80972855.0, 80972855.0, 80972855.0, 80972855.0, 80972855.0, 80972855.0, 80972855.0, 80972855.0, 80972855.0, 80972855.0]",manufacturer,6,Demand: 1 - Capacity: IPV_Shortage,0.01384
LG_Chem,"[43702188.0, 43702188.0, 43493336.0, 43441123.0, 43623868.0, 43702188.0, 43702188.0, 43702188.0, 43702188.0, 43702188.0]",manufacturer,6,Demand: 1 - Capacity: IPV_Shortage,0.01384
Merck_Sharp,"[56991052.0, 56991052.0, 56991052.0, 56991052.0, 56991052.0, 56991052.0, 56991052.0, 56991052.0, 56991052.0, 56991052.0]",manufacturer,6,Demand: 1 - Capacity: IPV_Shortage,0.01384
PT_Bio,"[45911731.0, 45911731.0, 45911731.0, 45911731.0, 45911731.0, 45911731.0, 45911731.0, 45911731.0, 45911731.0, 45911731.0]",manufacturer,6,Demand: 1 - Capacity: IPV_Shortage,0.01384
Panacea_Biotec,"[10874165.0, 10874165.0, 10874165.0, 10874165.0, 10874165.0, 10874165.0, 10874165.0, 10874165.0, 10874165.0, 10874165.0]",manufacturer,6,Demand: 1 - Capacity: IPV_Shortage,0.01384
Pfizer,"[83916974.0, 83916974.0, 83916974.0, 83916974.0, 83916974.0, 83916974.0, 83916974.0, 83916974.0, 83916974.0, 83916974.0]",manufacturer,6,Demand: 1 - Capacity: IPV_Shortage,0.01384
Sanofi,"[87429432.0, 87429432.0, 82259017.0, 80966413.0, 85490526.0, 87429432.0, 87429432.0, 87429432.0, 87429432.0, 87429432.0]",manufacturer,6,Demand: 1 - Capacity: IPV_Shortage,0.01384
Serum_Institute,"[587114096.0, 587114096.0, 587114096.0, 587114096.0, 587114096.0, 587114096.0, 587114096.0, 587114096.0, 587114096.0, 587114096.0]",manufacturer,6,Demand: 1 - Capacity: IPV_Shortage,0.01384
Diphtheria,"[596906900 558336500 812533400 660834400 686912400 1059413800 1410783900
 1252908300 953910300 1577938400]",antigen,7,Demand: 4 - Capacity: IPV_Shortage,0.00133556
HPV,"[26509800 35593800 41761900 46914800 51357500 59171600 66488200 73483500
 84634900 80794100]",antigen,7,Demand: 4 - Capacity: IPV_Shortage,0.00133556
Hepatitis_B,"[398538000 411746900 404101000 294154800 354466900 365673200 370291900
 345678000 544177700 350602700]",antigen,7,Demand: 4 - Capacity: IPV_Shortage,0.00133556
Hib,"[290485200 340862100 301672100 347190200 369051400 309998000 379238500
 385344800 435675100 417032400]",antigen,7,Demand: 4 - Capacity: IPV_Shortage,0.00133556
Measles,"[396235400 525423200 507983700 478856400 600172200 551044600 684851800
 969568700 991050500 1391486700]",antigen,7,Demand: 4 - Capacity: IPV_Shortage,0.00133556
Mumps,"[20805100 27986400 29062300 31362300 32914000 34978900 49196300 36209300
 95135900 77415800]",antigen,7,Demand: 4 - Capacity: IPV_Shortage,0.00133556
PCV,"[228025000 270527400 333973500 349599500 355922500 316447400 486664800
 392780800 529487100 752423700]",antigen,7,Demand: 4 - Capacity: IPV_Shortage,0.00133556
Pertussis,"[357621300 377952200 350446900 353376700 336929700 391426500 366153900
 441004100 330439000 377938400]",antigen,7,Demand: 4 - Capacity: IPV_Shortage,0.00133556
Polio,"[674623000 620549000 675000300 664288500 754280400 831403500 798232300
 929329300 980424200 648707300]",antigen,7,Demand: 4 - Capacity: IPV_Shortage,0.00133556
Rotavirus,"[201197500 175155800 196664100 220157400 319305100 338422000 450422500
 421255000 854993100 366912800]",antigen,7,Demand: 4 - Capacity: IPV_Shortage,0.00133556
Rubella,"[309860900 475793600 289321200 346819600 619977400 600887700 656546100
 670139400 781452000 1090014900]",antigen,7,Demand: 4 - Capacity: IPV_Shortage,0.00133556
Tetanus,"[609169300 660966800 613254200 610941500 740616500 723857000 682591200
 680463400 718420600 828807600]",antigen,7,Demand: 4 - Capacity: IPV_Shortage,0.00133556
AJ_Vaccines,"[7711003.0, 7711003.0, 7094122.0, 6939902.0, 7479673.0, 7711003.0, 7711003.0, 7711003.0, 7711003.0, 7711003.0]",manufacturer,7,Demand: 4 - Capacity: IPV_Shortage,0.00133556
BB_NCIPD,"[39223956.0, 39223956.0, 39223956.0, 39223956.0, 39223956.0, 39223956.0, 39223956.0, 39223956.0, 39223956.0, 39223956.0]",manufacturer,7,Demand: 4 - Capacity: IPV_Shortage,0.00133556
Bharat_Biotech,"[61029105.0, 61029105.0, 61029105.0, 61029105.0, 61029105.0, 61029105.0, 61029105.0, 61029105.0, 61029105.0, 61029105.0]",manufacturer,7,Demand: 4 - Capacity: IPV_Shortage,0.00133556
Bilthoven,"[12048153.0, 12048153.0, 11084301.0, 10843338.0, 11686709.0, 12048153.0, 12048153.0, 12048153.0, 12048153.0, 12048153.0]",manufacturer,7,Demand: 4 - Capacity: IPV_Shortage,0.00133556
Biological_E,"[164885690.0, 164885690.0, 164885690.0, 164885690.0, 164885690.0, 164885690.0, 164885690.0, 164885690.0, 164885690.0, 164885690.0]",manufacturer,7,Demand: 4 - Capacity: IPV_Shortage,0.00133556
China_National,"[12812242.0, 12812242.0, 12812242.0, 12812242.0, 12812242.0, 12812242.0, 12812242.0, 12812242.0, 12812242.0, 12812242.0]",manufacturer,7,Demand: 4 - Capacity: IPV_Shortage,0.00133556
GSK,"[226762686.0, 226762686.0, 226762686.0, 226762686.0, 226762686.0, 226762686.0, 226762686.0, 226762686.0, 226762686.0, 226762686.0]",manufacturer,7,Demand: 4 - Capacity: IPV_Shortage,0.00133556
Haffkine_Bio,"[80972855.0, 80972855.0, 80972855.0, 80972855.0, 80972855.0, 80972855.0, 80972855.0, 80972855.0, 80972855.0, 80972855.0]",manufacturer,7,Demand: 4 - Capacity: IPV_Shortage,0.00133556
LG_Chem,"[43702188.0, 43702188.0, 43493336.0, 43441123.0, 43623868.0, 43702188.0, 43702188.0, 43702188.0, 43702188.0, 43702188.0]",manufacturer,7,Demand: 4 - Capacity: IPV_Shortage,0.00133556
Merck_Sharp,"[56991052.0, 56991052.0, 56991052.0, 56991052.0, 56991052.0, 56991052.0, 56991052.0, 56991052.0, 56991052.0, 56991052.0]",manufacturer,7,Demand: 4 - Capacity: IPV_Shortage,0.00133556
PT_Bio,"[45911731.0, 45911731.0, 45911731.0, 45911731.0, 45911731.0, 45911731.0, 45911731.0, 45911731.0, 45911731.0, 45911731.0]",manufacturer,7,Demand: 4 - Capacity: IPV_Shortage,0.00133556
Panacea_Biotec,"[10874165.0, 10874165.0, 10874165.0, 10874165.0, 10874165.0, 10874165.0, 10874165.0, 10874165.0, 10874165.0, 10874165.0]",manufacturer,7,Demand: 4 - Capacity: IPV_Shortage,0.00133556
Pfizer,"[83916974.0, 83916974.0, 83916974.0, 83916974.0, 83916974.0, 83916974.0, 83916974.0, 83916974.0, 83916974.0, 83916974.0]",manufacturer,7,Demand: 4 - Capacity: IPV_Shortage,0.00133556
Sanofi,"[87429432.0, 87429432.0, 82259017.0, 80966413.0, 85490526.0, 87429432.0, 87429432.0, 87429432.0, 87429432.0, 87429432.0]",manufacturer,7,Demand: 4 - Capacity: IPV_Shortage,0.00133556
Serum_Institute,"[587114096.0, 587114096.0, 587114096.0, 587114096.0, 587114096.0, 587114096.0, 587114096.0, 587114096.0, 587114096.0, 587114096.0]",manufacturer,7,Demand: 4 - Capacity: IPV_Shortage,0.00133556
Diphtheria,"[654233900 836474800 765804800 925613800 851169600 917181600 1346325300
 1152974500 669109400 -2147483648]",antigen,8,Demand: 3 - Capacity: IPV_Shortage,0.00142552
HPV,"[29278100 34529800 41314600 46831600 52100600 61799200 68661300 71927100
 88594400 94993400]",antigen,8,Demand: 3 - Capacity: IPV_Shortage,0.00142552
Hepatitis_B,"[367899800 397096100 371863600 396265400 481334800 460819700 394718400
 307416400 352012500 467247100]",antigen,8,Demand: 3 - Capacity: IPV_Shortage,0.00142552
Hib,"[296797500 286435900 324747800 327110000 358279900 386356000 373120300
 367969400 422523900 380845900]",antigen,8,Demand: 3 - Capacity: IPV_Shortage,0.00142552
Measles,"[558200700 568584000 470701300 569931600 693752000 880470900 794733300
 944858600 1111350000 635813500]",antigen,8,Demand: 3 - Capacity: IPV_Shortage,0.00142552
Mumps,"[25298900 35825600 28309600 34167200 56941500 34282800 52971000 61662700
 54703300 79141000]",antigen,8,Demand: 3 - Capacity: IPV_Shortage,0.00142552
PCV,"[217304000 262275300 327108600 328942400 372129800 353796500 370562100
 492289800 466028200 179323800]",antigen,8,Demand: 3 - Capacity: IPV_Shortage,0.00142552
Pertussis,"[376053500 329574100 385604700 351618800 410530100 375193000 363350500
 364705100 397681100 335678000]",antigen,8,Demand: 3 - Capacity: IPV_Shortage,0.00142552
Polio,"[629319000 636390100 756892800 753580500 795712200 761560800 823600500
 812364000 750291200 951616700]",antigen,8,Demand: 3 - Capacity: IPV_Shortage,0.00142552
Rotavirus,"[185622400 219556000 256011100 228026000 455555300 366778100 385080400
 482266900 714517200 1041382600]",antigen,8,Demand: 3 - Capacity: IPV_Shortage,0.00142552
Rubella,"[354209400 444952700 440196700 602098200 602205300 567084600 437763600
 605256900 851193600 458658300]",antigen,8,Demand: 3 - Capacity: IPV_Shortage,0.00142552
Tetanus,"[649813800 621341400 724413900 721858700 673652300 688070200 637263500
 692825800 620957100 607789000]",antigen,8,Demand: 3 - Capacity: IPV_Shortage,0.00142552
AJ_Vaccines,"[7711003.0, 7711003.0, 7094122.0, 6939902.0, 7479673.0, 7711003.0, 7711003.0, 7711003.0, 7711003.0, 7711003.0]",manufacturer,8,Demand: 3 - Capacity: IPV_Shortage,0.00142552
BB_NCIPD,"[39223956.0, 39223956.0, 39223956.0, 39223956.0, 39223956.0, 39223956.0, 39223956.0, 39223956.0, 39223956.0, 39223956.0]",manufacturer,8,Demand: 3 - Capacity: IPV_Shortage,0.00142552
Bharat_Biotech,"[61029105.0, 61029105.0, 61029105.0, 61029105.0, 61029105.0, 61029105.0, 61029105.0, 61029105.0, 61029105.0, 61029105.0]",manufacturer,8,Demand: 3 - Capacity: IPV_Shortage,0.00142552
Bilthoven,"[12048153.0, 12048153.0, 11084301.0, 10843338.0, 11686709.0, 12048153.0, 12048153.0, 12048153.0, 12048153.0, 12048153.0]",manufacturer,8,Demand: 3 - Capacity: IPV_Shortage,0.00142552
Biological_E,"[164885690.0, 164885690.0, 164885690.0, 164885690.0, 164885690.0, 164885690.0, 164885690.0, 164885690.0, 164885690.0, 164885690.0]",manufacturer,8,Demand: 3 - Capacity: IPV_Shortage,0.00142552
China_National,"[12812242.0, 12812242.0, 12812242.0, 12812242.0, 12812242.0, 12812242.0, 12812242.0, 12812242.0, 12812242.0, 12812242.0]",manufacturer,8,Demand: 3 - Capacity: IPV_Shortage,0.00142552
GSK,"[226762686.0, 226762686.0, 226762686.0, 226762686.0, 226762686.0, 226762686.0, 226762686.0, 226762686.0, 226762686.0, 226762686.0]",manufacturer,8,Demand: 3 - Capacity: IPV_Shortage,0.00142552
Haffkine_Bio,"[80972855.0, 80972855.0, 80972855.0, 80972855.0, 80972855.0, 80972855.0, 80972855.0, 80972855.0, 80972855.0, 80972855.0]",manufacturer,8,Demand: 3 - Capacity: IPV_Shortage,0.00142552
LG_Chem,"[43702188.0, 43702188.0, 43493336.0, 43441123.0, 43623868.0, 43702188.0, 43702188.0, 43702188.0, 43702188.0, 43702188.0]",manufacturer,8,Demand: 3 - Capacity: IPV_Shortage,0.00142552
Merck_Sharp,"[56991052.0, 56991052.0, 56991052.0, 56991052.0, 56991052.0, 56991052.0, 56991052.0, 56991052.0, 56991052.0, 56991052.0]",manufacturer,8,Demand: 3 - Capacity: IPV_Shortage,0.00142552
PT_Bio,"[45911731.0, 45911731.0, 45911731.0, 45911731.0, 45911731.0, 45911731.0, 45911731.0, 45911731.0, 45911731.0, 45911731.0]",manufacturer,8,Demand: 3 - Capacity: IPV_Shortage,0.00142552
Panacea_Biotec,"[10874165.0, 10874165.0, 10874165.0, 10874165.0, 10874165.0, 10874165.0, 10874165.0, 10874165.0, 10874165.0, 10874165.0]",manufacturer,8,Demand: 3 - Capacity: IPV_Shortage,0.00142552
Pfizer,"[83916974.0, 83916974.0, 83916974.0, 83916974.0, 83916974.0, 83916974.0, 83916974.0, 83916974.0, 83916974.0, 83916974.0]",manufacturer,8,Demand: 3 - Capacity: IPV_Shortage,0.00142552
Sanofi,"[87429432.0, 87429432.0, 82259017.0, 80966413.0, 85490526.0, 87429432.0, 87429432.0, 87429432.0, 87429432.0, 87429432.0]",manufacturer,8,Demand: 3 - Capacity: IPV_Shortage,0.00142552
Serum_Institute,"[587114096.0, 587114096.0, 587114096.0, 587114096.0, 587114096.0, 587114096.0, 587114096.0, 587114096.0, 587114096.0, 587114096.0]",manufacturer,8,Demand: 3 - Capacity: IPV_Shortage,0.00142552
Diphtheria,"[690293000 540644300 663354000 1033467400 832363600 964285900 1484889200
 781961600 1006661500 199939900]",antigen,9,Demand: 2 - Capacity: IPV_Shortage,0.00032524
HPV,"[27408100 36795300 44960900 42153100 54014700 57247900 67205500 74837800
 78713600 88601800]",antigen,9,Demand: 2 - Capacity: IPV_Shortage,0.00032524
Hepatitis_B,"[410703700 394726600 455058800 440667600 324876000 458683900 473285200
 433237300 448206300 436645900]",antigen,9,Demand: 2 - Capacity: IPV_Shortage,0.00032524
Hib,"[308462400 308564000 317849200 348113400 353835500 364190100 361704000
 387351100 363068900 408753500]",antigen,9,Demand: 2 - Capacity: IPV_Shortage,0.00032524
Measles,"[520688600 599384600 741765500 584291600 610795400 751325700 699010900
 831020100 825941600 1061105100]",antigen,9,Demand: 2 - Capacity: IPV_Shortage,0.00032524
Mumps,"[22927300 20932900 31158300 29486900 34069800 45473700 44507600 44743800
 56776500 52293200]",antigen,9,Demand: 2 - Capacity: IPV_Shortage,0.00032524
PCV,"[229980600 255538100 322750600 318306500 363296300 369410900 285323300
 435396500 470226400 530917400]",antigen,9,Demand: 2 - Capacity: IPV_Shortage,0.00032524
Pertussis,"[330913600 348707600 372077900 358905200 359328000 361641600 392197100
 366714000 428874500 446770700]",antigen,9,Demand: 2 - Capacity: IPV_Shortage,0.00032524
Polio,"[597194100 677401000 776170500 676082100 773974800 869915700 861400800
 863844100 895666700 960509500]",antigen,9,Demand: 2 - Capacity: IPV_Shortage,0.00032524
Rotavirus,"[176924600 219261400 246960500 200506000 250245900 309212600 359689500
 642248900 549276900 702456800]",antigen,9,Demand: 2 - Capacity: IPV_Shortage,0.00032524
Rubella,"[375199800 541952100 425153100 568072300 445714300 717977700 625043900
 769890300 719103700 840127000]",antigen,9,Demand: 2 - Capacity: IPV_Shortage,0.00032524
Tetanus,"[629499200 631449500 590716800 662222000 654131200 630990900 743740500
 701074300 765625500 736675300]",antigen,9,Demand: 2 - Capacity: IPV_Shortage,0.00032524
AJ_Vaccines,"[7711003.0, 7711003.0, 7094122.0, 6939902.0, 7479673.0, 7711003.0, 7711003.0, 7711003.0, 7711003.0, 7711003.0]",manufacturer,9,Demand: 2 - Capacity: IPV_Shortage,0.00032524
BB_NCIPD,"[39223956.0, 39223956.0, 39223956.0, 39223956.0, 39223956.0, 39223956.0, 39223956.0, 39223956.0, 39223956.0, 39223956.0]",manufacturer,9,Demand: 2 - Capacity: IPV_Shortage,0.00032524
Bharat_Biotech,"[61029105.0, 61029105.0, 61029105.0, 61029105.0, 61029105.0, 61029105.0, 61029105.0, 61029105.0, 61029105.0, 61029105.0]",manufacturer,9,Demand: 2 - Capacity: IPV_Shortage,0.00032524
Bilthoven,"[12048153.0, 12048153.0, 11084301.0, 10843338.0, 11686709.0, 12048153.0, 12048153.0, 12048153.0, 12048153.0, 12048153.0]",manufacturer,9,Demand: 2 - Capacity: IPV_Shortage,0.00032524
Biological_E,"[164885690.0, 164885690.0, 164885690.0, 164885690.0, 164885690.0, 164885690.0, 164885690.0, 164885690.0, 164885690.0, 164885690.0]",manufacturer,9,Demand: 2 - Capacity: IPV_Shortage,0.00032524
China_National,"[12812242.0, 12812242.0, 12812242.0, 12812242.0, 12812242.0, 12812242.0, 12812242.0, 12812242.0, 12812242.0, 12812242.0]",manufacturer,9,Demand: 2 - Capacity: IPV_Shortage,0.00032524
GSK,"[226762686.0, 226762686.0, 226762686.0, 226762686.0, 226762686.0, 226762686.0, 226762686.0, 226762686.0, 226762686.0, 226762686.0]",manufacturer,9,Demand: 2 - Capacity: IPV_Shortage,0.00032524
Haffkine_Bio,"[80972855.0, 80972855.0, 80972855.0, 80972855.0, 80972855.0, 80972855.0, 80972855.0, 80972855.0, 80972855.0, 80972855.0]",manufacturer,9,Demand: 2 - Capacity: IPV_Shortage,0.00032524
LG_Chem,"[43702188.0, 43702188.0, 43493336.0, 43441123.0, 43623868.0, 43702188.0, 43702188.0, 43702188.0, 43702188.0, 43702188.0]",manufacturer,9,Demand: 2 - Capacity: IPV_Shortage,0.00032524
Merck_Sharp,"[56991052.0, 56991052.0, 56991052.0, 56991052.0, 56991052.0, 56991052.0, 56991052.0, 56991052.0, 56991052.0, 56991052.0]",manufacturer,9,Demand: 2 - Capacity: IPV_Shortage,0.00032524
PT_Bio,"[45911731.0, 45911731.0, 45911731.0, 45911731.0, 45911731.0, 45911731.0, 45911731.0, 45911731.0, 45911731.0, 45911731.0]",manufacturer,9,Demand: 2 - Capacity: IPV_Shortage,0.00032524
Panacea_Biotec,"[10874165.0, 10874165.0, 10874165.0, 10874165.0, 10874165.0, 10874165.0, 10874165.0, 10874165.0, 10874165.0, 10874165.0]",manufacturer,9,Demand: 2 - Capacity: IPV_Shortage,0.00032524
Pfizer,"[83916974.0, 83916974.0, 83916974.0, 83916974.0, 83916974.0, 83916974.0, 83916974.0, 83916974.0, 83916974.0, 83916974.0]",manufacturer,9,Demand: 2 - Capacity: IPV_Shortage,0.00032524
Sanofi,"[87429432.0, 87429432.0, 82259017.0, 80966413.0, 85490526.0, 87429432.0, 87429432.0, 87429432.0, 87429432.0, 87429432.0]",manufacturer,9,Demand: 2 - Capacity: IPV_Shortage,0.00032524
Serum_Institute,"[587114096.0, 587114096.0, 587114096.0, 587114096.0, 587114096.0, 587114096.0, 587114096.0, 587114096.0, 587114096.0, 587114096.0]",manufacturer,9,Demand: 2 - Capacity: IPV_Shortage,0.00032524
Diphtheria,"[743387800 718494700 836301100 720152500 761304900 1033130400 1046414400
 1046244900 -2147483648 1368714300]",antigen,10,Demand: 5 - Capacity: IPV_Shortage,0.00037368
HPV,"[26621500 38049900 42725200 46993500 54230900 60065400 65293500 74388900
 68226900 92640900]",antigen,10,Demand: 5 - Capacity: IPV_Shortage,0.00037368
Hepatitis_B,"[358192200 354219100 361021300 411500900 475530300 470809100 452294400
 416526500 568066500 503505000]",antigen,10,Demand: 5 - Capacity: IPV_Shortage,0.00037368
Hib,"[292457000 315010000 326207300 332843200 350062400 362530200 399440500
 394371600 351868000 351641500]",antigen,10,Demand: 5 - Capacity: IPV_Shortage,0.00037368
Measles,"[403209300 477992600 574350300 589385100 625684300 571410200 1164655200
 647187900 942801300 1502330400]",antigen,10,Demand: 5 - Capacity: IPV_Shortage,0.00037368
Mumps,"[28568900 44316300 29910400 42925000 43035900 34138600 37070300 62755300
 51887400 32244300]",antigen,10,Demand: 5 - Capacity: IPV_Shortage,0.00037368
PCV,"[217608200 267216900 253205600 301483300 300469200 342484400 447616200
 324915700 327715900 505043600]",antigen,10,Demand: 5 - Capacity: IPV_Shortage,0.00037368
Pertussis,"[355092700 355017700 382913500 346050200 324302200 373866000 390207300
 358433200 438275500 333775300]",antigen,10,Demand: 5 - Capacity: IPV_Shortage,0.00037368
Polio,"[594500300 683925100 716534600 768555600 645396200 685236300 734718200
 992189000 1016570100 1182731700]",antigen,10,Demand: 5 - Capacity: IPV_Shortage,0.00037368
Rotavirus,"[229454700 235817300 294116200 205158400 361673800 442510100 369726600
 502021600 283587800 884340400]",antigen,10,Demand: 5 - Capacity: IPV_Shortage,0.00037368
Rubella,"[390927600 457092000 573694500 428027900 569926600 637772500 778011200
 633986300 266418600 590737700]",antigen,10,Demand: 5 - Capacity: IPV_Shortage,0.00037368
Tetanus,"[661301900 640875700 698790600 606645900 707871300 661886500 558836400
 727439300 873897800 642777800]",antigen,10,Demand: 5 - Capacity: IPV_Shortage,0.00037368
AJ_Vaccines,"[7711003.0, 7711003.0, 7094122.0, 6939902.0, 7479673.0, 7711003.0, 7711003.0, 7711003.0, 7711003.0, 7711003.0]",manufacturer,10,Demand: 5 - Capacity: IPV_Shortage,0.00037368
BB_NCIPD,"[39223956.0, 39223956.0, 39223956.0, 39223956.0, 39223956.0, 39223956.0, 39223956.0, 39223956.0, 39223956.0, 39223956.0]",manufacturer,10,Demand: 5 - Capacity: IPV_Shortage,0.00037368
Bharat_Biotech,"[61029105.0, 61029105.0, 61029105.0, 61029105.0, 61029105.0, 61029105.0, 61029105.0, 61029105.0, 61029105.0, 61029105.0]",manufacturer,10,Demand: 5 - Capacity: IPV_Shortage,0.00037368
Bilthoven,"[12048153.0, 12048153.0, 11084301.0, 10843338.0, 11686709.0, 12048153.0, 12048153.0, 12048153.0, 12048153.0, 12048153.0]",manufacturer,10,Demand: 5 - Capacity: IPV_Shortage,0.00037368
Biological_E,"[164885690.0, 164885690.0, 164885690.0, 164885690.0, 164885690.0, 164885690.0, 164885690.0, 164885690.0, 164885690.0, 164885690.0]",manufacturer,10,Demand: 5 - Capacity: IPV_Shortage,0.00037368
China_National,"[12812242.0, 12812242.0, 12812242.0, 12812242.0, 12812242.0, 12812242.0, 12812242.0, 12812242.0, 12812242.0, 12812242.0]",manufacturer,10,Demand: 5 - Capacity: IPV_Shortage,0.00037368
GSK,"[226762686.0, 226762686.0, 226762686.0, 226762686.0, 226762686.0, 226762686.0, 226762686.0, 226762686.0, 226762686.0, 226762686.0]",manufacturer,10,Demand: 5 - Capacity: IPV_Shortage,0.00037368
Haffkine_Bio,"[80972855.0, 80972855.0, 80972855.0, 80972855.0, 80972855.0, 80972855.0, 80972855.0, 80972855.0, 80972855.0, 80972855.0]",manufacturer,10,Demand: 5 - Capacity: IPV_Shortage,0.00037368
LG_Chem,"[43702188.0, 43702188.0, 43493336.0, 43441123.0, 43623868.0, 43702188.0, 43702188.0, 43702188.0, 43702188.0, 43702188.0]",manufacturer,10,Demand: 5 - Capacity: IPV_Shortage,0.00037368
Merck_Sharp,"[56991052.0, 56991052.0, 56991052.0, 56991052.0, 56991052.0, 56991052.0, 56991052.0, 56991052.0, 56991052.0, 56991052.0]",manufacturer,10,Demand: 5 - Capacity: IPV_Shortage,0.00037368
PT_Bio,"[45911731.0, 45911731.0, 45911731.0, 45911731.0, 45911731.0, 45911731.0, 45911731.0, 45911731.0, 45911731.0, 45911731.0]",manufacturer,10,Demand: 5 - Capacity: IPV_Shortage,0.00037368
Panacea_Biotec,"[10874165.0, 10874165.0, 10874165.0, 10874165.0, 10874165.0, 10874165.0, 10874165.0, 10874165.0, 10874165.0, 10874165.0]",manufacturer,10,Demand: 5 - Capacity: IPV_Shortage,0.00037368
Pfizer,"[83916974.0, 83916974.0, 83916974.0, 83916974.0, 83916974.0, 83916974.0, 83916974.0, 83916974.0, 83916974.0, 83916974.0]",manufacturer,10,Demand: 5 - Capacity: IPV_Shortage,0.00037368
Sanofi,"[87429432.0, 87429432.0, 82259017.0, 80966413.0, 85490526.0, 87429432.0, 87429432.0, 87429432.0, 87429432.0, 87429432.0]",manufacturer,10,Demand: 5 - Capacity: IPV_Shortage,0.00037368
Serum_Institute,"[587114096.0, 587114096.0, 587114096.0, 587114096.0, 587114096.0, 587114096.0, 587114096.0, 587114096.0, 587114096.0, 587114096.0]",manufacturer,10,Demand: 5 - Capacity: IPV_Shortage,0.00037368
Diphtheria,"[570550200 619539900 626455400 594496900 595980200 587103300 593084700
 587954100 594707400 600159000]",antigen,11,Demand: 1 - Capacity: pandemic,0.022000000000000002
HPV,"[18988200 18779800 27460000 72849500 92670600 64703800 42237000 42368400
 33730500 35038500]",antigen,11,Demand: 1 - Capacity: pandemic,0.022000000000000002
Hepatitis_B,"[312284600 343008200 351717800 334973600 334455600 328430100 332308900
 328200500 332214900 335525400]",antigen,11,Demand: 1 - Capacity: pandemic,0.022000000000000002
Hib,"[259536200 282777100 287252900 274027900 274339400 270041300 273119600
 270415600 273713400 276715500]",antigen,11,Demand: 1 - Capacity: pandemic,0.022000000000000002
Measles,"[420097000 358616900 394831600 346093200 377569100 407486200 271512200
 386591100 290515900 326808200]",antigen,11,Demand: 1 - Capacity: pandemic,0.022000000000000002
Mumps,"[26052200 26626400 25785400 25268100 23536200 16205400 18650400 8909600
 10718500 12977700]",antigen,11,Demand: 1 - Capacity: pandemic,0.022000000000000002
PCV,"[160800200 186996100 209165500 205938500 220998700 219106600 222271100
 217335600 218764600 220234300]",antigen,11,Demand: 1 - Capacity: pandemic,0.022000000000000002
Pertussis,"[320662700 347414000 352464600 335977000 334855300 328035800 331237500
 328308900 331462200 334312000]",antigen,11,Demand: 1 - Capacity: pandemic,0.022000000000000002
Polio,"[522182000 582182300 608631800 590689600 591743500 572503000 130824100
 128516200 130807300 132956000]",antigen,11,Demand: 1 - Capacity: pandemic,0.022000000000000002
Rotavirus,"[142479000 166422100 173751400 186328400 197668300 205652300 209552800
 207355600 209606300 211802800]",antigen,11,Demand: 1 - Capacity: pandemic,0.022000000000000002
Rubella,"[357331300 254011400 304621400 276893800 291347300 386542700 259074600
 385691400 289592400 325856600]",antigen,11,Demand: 1 - Capacity: pandemic,0.022000000000000002
Tetanus,"[577730200 626351000 633278500 601333100 598872900 590040100 596064300
 590973100 597764600 603248400]",antigen,11,Demand: 1 - Capacity: pandemic,0.022000000000000002
AJ_Vaccines,"[7711003.0, 7711003.0, 7094122.0, 3886345.120000001, 4861787.45, 7248342.819999999, 7711003.0, 7711003.0, 7711003.0, 7711003.0]",manufacturer,11,Demand: 1 - Capacity: pandemic,0.022000000000000002
BB_NCIPD,"[39223956.0, 39223956.0, 39223956.0, 21965415.36, 25495571.4, 36870518.64, 39223956.0, 39223956.0, 39223956.0, 39223956.0]",manufacturer,11,Demand: 1 - Capacity: pandemic,0.022000000000000002
Bharat_Biotech,"[61029105.0, 61029105.0, 61029105.0, 34176298.8, 39668918.25, 57367358.7, 61029105.0, 61029105.0, 61029105.0, 61029105.0]",manufacturer,11,Demand: 1 - Capacity: pandemic,0.022000000000000002
Bilthoven,"[12048153.0, 12048153.0, 11084301.0, 6072269.28, 7596360.850000001, 11325263.82, 12048153.0, 12048153.0, 12048153.0, 12048153.0]",manufacturer,11,Demand: 1 - Capacity: pandemic,0.022000000000000002
Biological_E,"[164885690.0, 164885690.0, 164885690.0, 92335986.4, 107175698.5, 154992548.6, 164885690.0, 164885690.0, 164885690.0, 164885690.0]",manufacturer,11,Demand: 1 - Capacity: pandemic,0.022000000000000002
China_National,"[12812242.0, 12812242.0, 12812242.0, 7174855.52, 8327957.300000001, 12043507.48, 12812242.0, 12812242.0, 12812242.0, 12812242.0]",manufacturer,11,Demand: 1 - Capacity: pandemic,0.022000000000000002
GSK,"[226762686.0, 226762686.0, 226762686.0, 126987104.16, 147395745.9, 213156924.84, 226762686.0, 226762686.0, 226762686.0, 226762686.0]",manufacturer,11,Demand: 1 - Capacity: pandemic,0.022000000000000002
Haffkine_Bio,"[80972855.0, 80972855.0, 80972855.0, 45344798.8, 52632355.75, 76114483.7, 80972855.0, 80972855.0, 80972855.0, 80972855.0]",manufacturer,11,Demand: 1 - Capacity: pandemic,0.022000000000000002
LG_Chem,"[43702188.0, 43702188.0, 43493336.0, 24327028.88, 28355514.2, 41080056.72, 43702188.0, 43702188.0, 43702188.0, 43702188.0]",manufacturer,11,Demand: 1 - Capacity: pandemic,0.022000000000000002
Merck_Sharp,"[56991052.0, 56991052.0, 56991052.0, 31914989.12, 37044183.8, 53571588.88, 56991052.0, 56991052.0, 56991052.0, 56991052.0]",manufacturer,11,Demand: 1 - Capacity: pandemic,0.022000000000000002
PT_Bio,"[45911731.0, 45911731.0, 45911731.0, 25710569.36, 29842625.15, 43157027.14, 45911731.0, 45911731.0, 45911731.0, 45911731.0]",manufacturer,11,Demand: 1 - Capacity: pandemic,0.022000000000000002
Panacea_Biotec,"[10874165.0, 10874165.0, 10874165.0, 6089532.4, 7068207.25, 10221715.1, 10874165.0, 10874165.0, 10874165.0, 10874165.0]",manufacturer,11,Demand: 1 - Capacity: pandemic,0.022000000000000002
Pfizer,"[83916974.0, 83916974.0, 83916974.0, 46993505.44000001, 54546033.1, 78881955.56, 83916974.0, 83916974.0, 83916974.0, 83916974.0]",manufacturer,11,Demand: 1 - Capacity: pandemic,0.022000000000000002
Sanofi,"[87429432.0, 87429432.0, 82259017.0, 45341191.28, 55568841.9, 82183666.08, 87429432.0, 87429432.0, 87429432.0, 87429432.0]",manufacturer,11,Demand: 1 - Capacity: pandemic,0.022000000000000002
Serum_Institute,"[587114096.0, 587114096.0, 587114096.0, 328783893.7600001, 381624162.4, 551887250.24, 587114096.0, 587114096.0, 587114096.0, 587114096.0]",manufacturer,11,Demand: 1 - Capacity: pandemic,0.022000000000000002
Diphtheria,"[654233900 836474800 765804800 925613800 851169600 917181600 1346325300
 1152974500 669109400 -2147483648]",antigen,12,Demand: 3 - Capacity: pandemic,0.0022660000000000002
HPV,"[29278100 34529800 41314600 46831600 52100600 61799200 68661300 71927100
 88594400 94993400]",antigen,12,Demand: 3 - Capacity: pandemic,0.0022660000000000002
Hepatitis_B,"[367899800 397096100 371863600 396265400 481334800 460819700 394718400
 307416400 352012500 467247100]",antigen,12,Demand: 3 - Capacity: pandemic,0.0022660000000000002
Hib,"[296797500 286435900 324747800 327110000 358279900 386356000 373120300
 367969400 422523900 380845900]",antigen,12,Demand: 3 - Capacity: pandemic,0.0022660000000000002
Measles,"[558200700 568584000 470701300 569931600 693752000 880470900 794733300
 944858600 1111350000 635813500]",antigen,12,Demand: 3 - Capacity: pandemic,0.0022660000000000002
Mumps,"[25298900 35825600 28309600 34167200 56941500 34282800 52971000 61662700
 54703300 79141000]",antigen,12,Demand: 3 - Capacity: pandemic,0.0022660000000000002
PCV,"[217304000 262275300 327108600 328942400 372129800 353796500 370562100
 492289800 466028200 179323800]",antigen,12,Demand: 3 - Capacity: pandemic,0.0022660000000000002
Pertussis,"[376053500 329574100 385604700 351618800 410530100 375193000 363350500
 364705100 397681100 335678000]",antigen,12,Demand: 3 - Capacity: pandemic,0.0022660000000000002
Polio,"[629319000 636390100 756892800 753580500 795712200 761560800 823600500
 812364000 750291200 951616700]",antigen,12,Demand: 3 - Capacity: pandemic,0.0022660000000000002
Rotavirus,"[185622400 219556000 256011100 228026000 455555300 366778100 385080400
 482266900 714517200 1041382600]",antigen,12,Demand: 3 - Capacity: pandemic,0.0022660000000000002
Rubella,"[354209400 444952700 440196700 602098200 602205300 567084600 437763600
 605256900 851193600 458658300]",antigen,12,Demand: 3 - Capacity: pandemic,0.0022660000000000002
Tetanus,"[649813800 621341400 724413900 721858700 673652300 688070200 637263500
 692825800 620957100 607789000]",antigen,12,Demand: 3 - Capacity: pandemic,0.0022660000000000002
AJ_Vaccines,"[7711003.0, 7711003.0, 7094122.0, 3886345.120000001, 4861787.45, 7248342.819999999, 7711003.0, 7711003.0, 7711003.0, 7711003.0]",manufacturer,12,Demand: 3 - Capacity: pandemic,0.0022660000000000002
BB_NCIPD,"[39223956.0, 39223956.0, 39223956.0, 21965415.36, 25495571.4, 36870518.64, 39223956.0, 39223956.0, 39223956.0, 39223956.0]",manufacturer,12,Demand: 3 - Capacity: pandemic,0.0022660000000000002
Bharat_Biotech,"[61029105.0, 61029105.0, 61029105.0, 34176298.8, 39668918.25, 57367358.7, 61029105.0, 61029105.0, 61029105.0, 61029105.0]",manufacturer,12,Demand: 3 - Capacity: pandemic,0.0022660000000000002
Bilthoven,"[12048153.0, 12048153.0, 11084301.0, 6072269.28, 7596360.850000001, 11325263.82, 12048153.0, 12048153.0, 12048153.0, 12048153.0]",manufacturer,12,Demand: 3 - Capacity: pandemic,0.0022660000000000002
Biological_E,"[164885690.0, 164885690.0, 164885690.0, 92335986.4, 107175698.5, 154992548.6, 164885690.0, 164885690.0, 164885690.0, 164885690.0]",manufacturer,12,Demand: 3 - Capacity: pandemic,0.0022660000000000002
China_National,"[12812242.0, 12812242.0, 12812242.0, 7174855.52, 8327957.300000001, 12043507.48, 12812242.0, 12812242.0, 12812242.0, 12812242.0]",manufacturer,12,Demand: 3 - Capacity: pandemic,0.0022660000000000002
GSK,"[226762686.0, 226762686.0, 226762686.0, 126987104.16, 147395745.9, 213156924.84, 226762686.0, 226762686.0, 226762686.0, 226762686.0]",manufacturer,12,Demand: 3 - Capacity: pandemic,0.0022660000000000002
Haffkine_Bio,"[80972855.0, 80972855.0, 80972855.0, 45344798.8, 52632355.75, 76114483.7, 80972855.0, 80972855.0, 80972855.0, 80972855.0]",manufacturer,12,Demand: 3 - Capacity: pandemic,0.0022660000000000002
LG_Chem,"[43702188.0, 43702188.0, 43493336.0, 24327028.88, 28355514.2, 41080056.72, 43702188.0, 43702188.0, 43702188.0, 43702188.0]",manufacturer,12,Demand: 3 - Capacity: pandemic,0.0022660000000000002
Merck_Sharp,"[56991052.0, 56991052.0, 56991052.0, 31914989.12, 37044183.8, 53571588.88, 56991052.0, 56991052.0, 56991052.0, 56991052.0]",manufacturer,12,Demand: 3 - Capacity: pandemic,0.0022660000000000002
PT_Bio,"[45911731.0, 45911731.0, 45911731.0, 25710569.36, 29842625.15, 43157027.14, 45911731.0, 45911731.0, 45911731.0, 45911731.0]",manufacturer,12,Demand: 3 - Capacity: pandemic,0.0022660000000000002
Panacea_Biotec,"[10874165.0, 10874165.0, 10874165.0, 6089532.4, 7068207.25, 10221715.1, 10874165.0, 10874165.0, 10874165.0, 10874165.0]",manufacturer,12,Demand: 3 - Capacity: pandemic,0.0022660000000000002
Pfizer,"[83916974.0, 83916974.0, 83916974.0, 46993505.44000001, 54546033.1, 78881955.56, 83916974.0, 83916974.0, 83916974.0, 83916974.0]",manufacturer,12,Demand: 3 - Capacity: pandemic,0.0022660000000000002
Sanofi,"[87429432.0, 87429432.0, 82259017.0, 45341191.28, 55568841.9, 82183666.08, 87429432.0, 87429432.0, 87429432.0, 87429432.0]",manufacturer,12,Demand: 3 - Capacity: pandemic,0.0022660000000000002
Serum_Institute,"[587114096.0, 587114096.0, 587114096.0, 328783893.7600001, 381624162.4, 551887250.24, 587114096.0, 587114096.0, 587114096.0, 587114096.0]",manufacturer,12,Demand: 3 - Capacity: pandemic,0.0022660000000000002
Diphtheria,"[596906900 558336500 812533400 660834400 686912400 1059413800 1410783900
 1252908300 953910300 1577938400]",antigen,13,Demand: 4 - Capacity: pandemic,0.0021230000000000003
HPV,"[26509800 35593800 41761900 46914800 51357500 59171600 66488200 73483500
 84634900 80794100]",antigen,13,Demand: 4 - Capacity: pandemic,0.0021230000000000003
Hepatitis_B,"[398538000 411746900 404101000 294154800 354466900 365673200 370291900
 345678000 544177700 350602700]",antigen,13,Demand: 4 - Capacity: pandemic,0.0021230000000000003
Hib,"[290485200 340862100 301672100 347190200 369051400 309998000 379238500
 385344800 435675100 417032400]",antigen,13,Demand: 4 - Capacity: pandemic,0.0021230000000000003
Measles,"[396235400 525423200 507983700 478856400 600172200 551044600 684851800
 969568700 991050500 1391486700]",antigen,13,Demand: 4 - Capacity: pandemic,0.0021230000000000003
Mumps,"[20805100 27986400 29062300 31362300 32914000 34978900 49196300 36209300
 95135900 77415800]",antigen,13,Demand: 4 - Capacity: pandemic,0.0021230000000000003
PCV,"[228025000 270527400 333973500 349599500 355922500 316447400 486664800
 392780800 529487100 752423700]",antigen,13,Demand: 4 - Capacity: pandemic,0.0021230000000000003
Pertussis,"[357621300 377952200 350446900 353376700 336929700 391426500 366153900
 441004100 330439000 377938400]",antigen,13,Demand: 4 - Capacity: pandemic,0.0021230000000000003
Polio,"[674623000 620549000 675000300 664288500 754280400 831403500 798232300
 929329300 980424200 648707300]",antigen,13,Demand: 4 - Capacity: pandemic,0.0021230000000000003
Rotavirus,"[201197500 175155800 196664100 220157400 319305100 338422000 450422500
 421255000 854993100 366912800]",antigen,13,Demand: 4 - Capacity: pandemic,0.0021230000000000003
Rubella,"[309860900 475793600 289321200 346819600 619977400 600887700 656546100
 670139400 781452000 1090014900]",antigen,13,Demand: 4 - Capacity: pandemic,0.0021230000000000003
Tetanus,"[609169300 660966800 613254200 610941500 740616500 723857000 682591200
 680463400 718420600 828807600]",antigen,13,Demand: 4 - Capacity: pandemic,0.0021230000000000003
AJ_Vaccines,"[7711003.0, 7711003.0, 7094122.0, 3886345.120000001, 4861787.45, 7248342.819999999, 7711003.0, 7711003.0, 7711003.0, 7711003.0]",manufacturer,13,Demand: 4 - Capacity: pandemic,0.0021230000000000003
BB_NCIPD,"[39223956.0, 39223956.0, 39223956.0, 21965415.36, 25495571.4, 36870518.64, 39223956.0, 39223956.0, 39223956.0, 39223956.0]",manufacturer,13,Demand: 4 - Capacity: pandemic,0.0021230000000000003
Bharat_Biotech,"[61029105.0, 61029105.0, 61029105.0, 34176298.8, 39668918.25, 57367358.7, 61029105.0, 61029105.0, 61029105.0, 61029105.0]",manufacturer,13,Demand: 4 - Capacity: pandemic,0.0021230000000000003
Bilthoven,"[12048153.0, 12048153.0, 11084301.0, 6072269.28, 7596360.850000001, 11325263.82, 12048153.0, 12048153.0, 12048153.0, 12048153.0]",manufacturer,13,Demand: 4 - Capacity: pandemic,0.0021230000000000003
Biological_E,"[164885690.0, 164885690.0, 164885690.0, 92335986.4, 107175698.5, 154992548.6, 164885690.0, 164885690.0, 164885690.0, 164885690.0]",manufacturer,13,Demand: 4 - Capacity: pandemic,0.0021230000000000003
China_National,"[12812242.0, 12812242.0, 12812242.0, 7174855.52, 8327957.300000001, 12043507.48, 12812242.0, 12812242.0, 12812242.0, 12812242.0]",manufacturer,13,Demand: 4 - Capacity: pandemic,0.0021230000000000003
GSK,"[226762686.0, 226762686.0, 226762686.0, 126987104.16, 147395745.9, 213156924.84, 226762686.0, 226762686.0, 226762686.0, 226762686.0]",manufacturer,13,Demand: 4 - Capacity: pandemic,0.0021230000000000003
Haffkine_Bio,"[80972855.0, 80972855.0, 80972855.0, 45344798.8, 52632355.75, 76114483.7, 80972855.0, 80972855.0, 80972855.0, 80972855.0]",manufacturer,13,Demand: 4 - Capacity: pandemic,0.0021230000000000003
LG_Chem,"[43702188.0, 43702188.0, 43493336.0, 24327028.88, 28355514.2, 41080056.72, 43702188.0, 43702188.0, 43702188.0, 43702188.0]",manufacturer,13,Demand: 4 - Capacity: pandemic,0.0021230000000000003
Merck_Sharp,"[56991052.0, 56991052.0, 56991052.0, 31914989.12, 37044183.8, 53571588.88, 56991052.0, 56991052.0, 56991052.0, 56991052.0]",manufacturer,13,Demand: 4 - Capacity: pandemic,0.0021230000000000003
PT_Bio,"[45911731.0, 45911731.0, 45911731.0, 25710569.36, 29842625.15, 43157027.14, 45911731.0, 45911731.0, 45911731.0, 45911731.0]",manufacturer,13,Demand: 4 - Capacity: pandemic,0.0021230000000000003
Panacea_Biotec,"[10874165.0, 10874165.0, 10874165.0, 6089532.4, 7068207.25, 10221715.1, 10874165.0, 10874165.0, 10874165.0, 10874165.0]",manufacturer,13,Demand: 4 - Capacity: pandemic,0.0021230000000000003
Pfizer,"[83916974.0, 83916974.0, 83916974.0, 46993505.44000001, 54546033.1, 78881955.56, 83916974.0, 83916974.0, 83916974.0, 83916974.0]",manufacturer,13,Demand: 4 - Capacity: pandemic,0.0021230000000000003
Sanofi,"[87429432.0, 87429432.0, 82259017.0, 45341191.28, 55568841.9, 82183666.08, 87429432.0, 87429432.0, 87429432.0, 87429432.0]",manufacturer,13,Demand: 4 - Capacity: pandemic,0.0021230000000000003
Serum_Institute,"[587114096.0, 587114096.0, 587114096.0, 328783893.7600001, 381624162.4, 551887250.24, 587114096.0, 587114096.0, 587114096.0, 587114096.0]",manufacturer,13,Demand: 4 - Capacity: pandemic,0.0021230000000000003
Diphtheria,"[743387800 718494700 836301100 720152500 761304900 1033130400 1046414400
 1046244900 -2147483648 1368714300]",antigen,14,Demand: 5 - Capacity: pandemic,0.000594
HPV,"[26621500 38049900 42725200 46993500 54230900 60065400 65293500 74388900
 68226900 92640900]",antigen,14,Demand: 5 - Capacity: pandemic,0.000594
Hepatitis_B,"[358192200 354219100 361021300 411500900 475530300 470809100 452294400
 416526500 568066500 503505000]",antigen,14,Demand: 5 - Capacity: pandemic,0.000594
Hib,"[292457000 315010000 326207300 332843200 350062400 362530200 399440500
 394371600 351868000 351641500]",antigen,14,Demand: 5 - Capacity: pandemic,0.000594
Measles,"[403209300 477992600 574350300 589385100 625684300 571410200 1164655200
 647187900 942801300 1502330400]",antigen,14,Demand: 5 - Capacity: pandemic,0.000594
Mumps,"[28568900 44316300 29910400 42925000 43035900 34138600 37070300 62755300
 51887400 32244300]",antigen,14,Demand: 5 - Capacity: pandemic,0.000594
PCV,"[217608200 267216900 253205600 301483300 300469200 342484400 447616200
 324915700 327715900 505043600]",antigen,14,Demand: 5 - Capacity: pandemic,0.000594
Pertussis,"[355092700 355017700 382913500 346050200 324302200 373866000 390207300
 358433200 438275500 333775300]",antigen,14,Demand: 5 - Capacity: pandemic,0.000594
Polio,"[594500300 683925100 716534600 768555600 645396200 685236300 734718200
 992189000 1016570100 1182731700]",antigen,14,Demand: 5 - Capacity: pandemic,0.000594
Rotavirus,"[229454700 235817300 294116200 205158400 361673800 442510100 369726600
 502021600 283587800 884340400]",antigen,14,Demand: 5 - Capacity: pandemic,0.000594
Rubella,"[390927600 457092000 573694500 428027900 569926600 637772500 778011200
 633986300 266418600 590737700]",antigen,14,Demand: 5 - Capacity: pandemic,0.000594
Tetanus,"[661301900 640875700 698790600 606645900 707871300 661886500 558836400
 727439300 873897800 642777800]",antigen,14,Demand: 5 - Capacity: pandemic,0.000594
AJ_Vaccines,"[7711003.0, 7711003.0, 7094122.0, 3886345.120000001, 4861787.45, 7248342.819999999, 7711003.0, 7711003.0, 7711003.0, 7711003.0]",manufacturer,14,Demand: 5 - Capacity: pandemic,0.000594
BB_NCIPD,"[39223956.0, 39223956.0, 39223956.0, 21965415.36, 25495571.4, 36870518.64, 39223956.0, 39223956.0, 39223956.0, 39223956.0]",manufacturer,14,Demand: 5 - Capacity: pandemic,0.000594
Bharat_Biotech,"[61029105.0, 61029105.0, 61029105.0, 34176298.8, 39668918.25, 57367358.7, 61029105.0, 61029105.0, 61029105.0, 61029105.0]",manufacturer,14,Demand: 5 - Capacity: pandemic,0.000594
Bilthoven,"[12048153.0, 12048153.0, 11084301.0, 6072269.28, 7596360.850000001, 11325263.82, 12048153.0, 12048153.0, 12048153.0, 12048153.0]",manufacturer,14,Demand: 5 - Capacity: pandemic,0.000594
Biological_E,"[164885690.0, 164885690.0, 164885690.0, 92335986.4, 107175698.5, 154992548.6, 164885690.0, 164885690.0, 164885690.0, 164885690.0]",manufacturer,14,Demand: 5 - Capacity: pandemic,0.000594
China_National,"[12812242.0, 12812242.0, 12812242.0, 7174855.52, 8327957.300000001, 12043507.48, 12812242.0, 12812242.0, 12812242.0, 12812242.0]",manufacturer,14,Demand: 5 - Capacity: pandemic,0.000594
GSK,"[226762686.0, 226762686.0, 226762686.0, 126987104.16, 147395745.9, 213156924.84, 226762686.0, 226762686.0, 226762686.0, 226762686.0]",manufacturer,14,Demand: 5 - Capacity: pandemic,0.000594
Haffkine_Bio,"[80972855.0, 80972855.0, 80972855.0, 45344798.8, 52632355.75, 76114483.7, 80972855.0, 80972855.0, 80972855.0, 80972855.0]",manufacturer,14,Demand: 5 - Capacity: pandemic,0.000594
LG_Chem,"[43702188.0, 43702188.0, 43493336.0, 24327028.88, 28355514.2, 41080056.72, 43702188.0, 43702188.0, 43702188.0, 43702188.0]",manufacturer,14,Demand: 5 - Capacity: pandemic,0.000594
Merck_Sharp,"[56991052.0, 56991052.0, 56991052.0, 31914989.12, 37044183.8, 53571588.88, 56991052.0, 56991052.0, 56991052.0, 56991052.0]",manufacturer,14,Demand: 5 - Capacity: pandemic,0.000594
PT_Bio,"[45911731.0, 45911731.0, 45911731.0, 25710569.36, 29842625.15, 43157027.14, 45911731.0, 45911731.0, 45911731.0, 45911731.0]",manufacturer,14,Demand: 5 - Capacity: pandemic,0.000594
Panacea_Biotec,"[10874165.0, 10874165.0, 10874165.0, 6089532.4, 7068207.25, 10221715.1, 10874165.0, 10874165.0, 10874165.0, 10874165.0]",manufacturer,14,Demand: 5 - Capacity: pandemic,0.000594
Pfizer,"[83916974.0, 83916974.0, 83916974.0, 46993505.44000001, 54546033.1, 78881955.56, 83916974.0, 83916974.0, 83916974.0, 83916974.0]",manufacturer,14,Demand: 5 - Capacity: pandemic,0.000594
Sanofi,"[87429432.0, 87429432.0, 82259017.0, 45341191.28, 55568841.9, 82183666.08, 87429432.0, 87429432.0, 87429432.0, 87429432.0]",manufacturer,14,Demand: 5 - Capacity: pandemic,0.000594
Serum_Institute,"[587114096.0, 587114096.0, 587114096.0, 328783893.7600001, 381624162.4, 551887250.24, 587114096.0, 587114096.0, 587114096.0, 587114096.0]",manufacturer,14,Demand: 5 - Capacity: pandemic,0.000594
Diphtheria,"[690293000 540644300 663354000 1033467400 832363600 964285900 1484889200
 781961600 1006661500 199939900]",antigen,15,Demand: 2 - Capacity: pandemic,0.000517
HPV,"[27408100 36795300 44960900 42153100 54014700 57247900 67205500 74837800
 78713600 88601800]",antigen,15,Demand: 2 - Capacity: pandemic,0.000517
Hepatitis_B,"[410703700 394726600 455058800 440667600 324876000 458683900 473285200
 433237300 448206300 436645900]",antigen,15,Demand: 2 - Capacity: pandemic,0.000517
Hib,"[308462400 308564000 317849200 348113400 353835500 364190100 361704000
 387351100 363068900 408753500]",antigen,15,Demand: 2 - Capacity: pandemic,0.000517
Measles,"[520688600 599384600 741765500 584291600 610795400 751325700 699010900
 831020100 825941600 1061105100]",antigen,15,Demand: 2 - Capacity: pandemic,0.000517
Mumps,"[22927300 20932900 31158300 29486900 34069800 45473700 44507600 44743800
 56776500 52293200]",antigen,15,Demand: 2 - Capacity: pandemic,0.000517
PCV,"[229980600 255538100 322750600 318306500 363296300 369410900 285323300
 435396500 470226400 530917400]",antigen,15,Demand: 2 - Capacity: pandemic,0.000517
Pertussis,"[330913600 348707600 372077900 358905200 359328000 361641600 392197100
 366714000 428874500 446770700]",antigen,15,Demand: 2 - Capacity: pandemic,0.000517
Polio,"[597194100 677401000 776170500 676082100 773974800 869915700 861400800
 863844100 895666700 960509500]",antigen,15,Demand: 2 - Capacity: pandemic,0.000517
Rotavirus,"[176924600 219261400 246960500 200506000 250245900 309212600 359689500
 642248900 549276900 702456800]",antigen,15,Demand: 2 - Capacity: pandemic,0.000517
Rubella,"[375199800 541952100 425153100 568072300 445714300 717977700 625043900
 769890300 719103700 840127000]",antigen,15,Demand: 2 - Capacity: pandemic,0.000517
Tetanus,"[629499200 631449500 590716800 662222000 654131200 630990900 743740500
 701074300 765625500 736675300]",antigen,15,Demand: 2 - Capacity: pandemic,0.000517
AJ_Vaccines,"[7711003.0, 7711003.0, 7094122.0, 3886345.120000001, 4861787.45, 7248342.819999999, 7711003.0, 7711003.0, 7711003.0, 7711003.0]",manufacturer,15,Demand: 2 - Capacity: pandemic,0.000517
BB_NCIPD,"[39223956.0, 39223956.0, 39223956.0, 21965415.36, 25495571.4, 36870518.64, 39223956.0, 39223956.0, 39223956.0, 39223956.0]",manufacturer,15,Demand: 2 - Capacity: pandemic,0.000517
Bharat_Biotech,"[61029105.0, 61029105.0, 61029105.0, 34176298.8, 39668918.25, 57367358.7, 61029105.0, 61029105.0, 61029105.0, 61029105.0]",manufacturer,15,Demand: 2 - Capacity: pandemic,0.000517
Bilthoven,"[12048153.0, 12048153.0, 11084301.0, 6072269.28, 7596360.850000001, 11325263.82, 12048153.0, 12048153.0, 12048153.0, 12048153.0]",manufacturer,15,Demand: 2 - Capacity: pandemic,0.000517
Biological_E,"[164885690.0, 164885690.0, 164885690.0, 92335986.4, 107175698.5, 154992548.6, 164885690.0, 164885690.0, 164885690.0, 164885690.0]",manufacturer,15,Demand: 2 - Capacity: pandemic,0.000517
China_National,"[12812242.0, 12812242.0, 12812242.0, 7174855.52, 8327957.300000001, 12043507.48, 12812242.0, 12812242.0, 12812242.0, 12812242.0]",manufacturer,15,Demand: 2 - Capacity: pandemic,0.000517
GSK,"[226762686.0, 226762686.0, 226762686.0, 126987104.16, 147395745.9, 213156924.84, 226762686.0, 226762686.0, 226762686.0, 226762686.0]",manufacturer,15,Demand: 2 - Capacity: pandemic,0.000517
Haffkine_Bio,"[80972855.0, 80972855.0, 80972855.0, 45344798.8, 52632355.75, 76114483.7, 80972855.0, 80972855.0, 80972855.0, 80972855.0]",manufacturer,15,Demand: 2 - Capacity: pandemic,0.000517
LG_Chem,"[43702188.0, 43702188.0, 43493336.0, 24327028.88, 28355514.2, 41080056.72, 43702188.0, 43702188.0, 43702188.0, 43702188.0]",manufacturer,15,Demand: 2 - Capacity: pandemic,0.000517
Merck_Sharp,"[56991052.0, 56991052.0, 56991052.0, 31914989.12, 37044183.8, 53571588.88, 56991052.0, 56991052.0, 56991052.0, 56991052.0]",manufacturer,15,Demand: 2 - Capacity: pandemic,0.000517
PT_Bio,"[45911731.0, 45911731.0, 45911731.0, 25710569.36, 29842625.15, 43157027.14, 45911731.0, 45911731.0, 45911731.0, 45911731.0]",manufacturer,15,Demand: 2 - Capacity: pandemic,0.000517
Panacea_Biotec,"[10874165.0, 10874165.0, 10874165.0, 6089532.4, 7068207.25, 10221715.1, 10874165.0, 10874165.0, 10874165.0, 10874165.0]",manufacturer,15,Demand: 2 - Capacity: pandemic,0.000517
Pfizer,"[83916974.0, 83916974.0, 83916974.0, 46993505.44000001, 54546033.1, 78881955.56, 83916974.0, 83916974.0, 83916974.0, 83916974.0]",manufacturer,15,Demand: 2 - Capacity: pandemic,0.000517
Sanofi,"[87429432.0, 87429432.0, 82259017.0, 45341191.28, 55568841.9, 82183666.08, 87429432.0, 87429432.0, 87429432.0, 87429432.0]",manufacturer,15,Demand: 2 - Capacity: pandemic,0.000517
Serum_Institute,"[587114096.0, 587114096.0, 587114096.0, 328783893.7600001, 381624162.4, 551887250.24, 587114096.0, 587114096.0, 587114096.0, 587114096.0]",manufacturer,15,Demand: 2 - Capacity: pandemic,0.000517
Diphtheria,"[743387800 718494700 836301100 720152500 761304900 1033130400 1046414400
 1046244900 -2147483648 1368714300]",antigen,16,Demand: 5 - Capacity: funding_delay,0.00168048
HPV,"[26621500 38049900 42725200 46993500 54230900 60065400 65293500 74388900
 68226900 92640900]",antigen,16,Demand: 5 - Capacity: funding_delay,0.00168048
Hepatitis_B,"[358192200 354219100 361021300 411500900 475530300 470809100 452294400
 416526500 568066500 503505000]",antigen,16,Demand: 5 - Capacity: funding_delay,0.00168048
Hib,"[292457000 315010000 326207300 332843200 350062400 362530200 399440500
 394371600 351868000 351641500]",antigen,16,Demand: 5 - Capacity: funding_delay,0.00168048
Measles,"[403209300 477992600 574350300 589385100 625684300 571410200 1164655200
 647187900 942801300 1502330400]",antigen,16,Demand: 5 - Capacity: funding_delay,0.00168048
Mumps,"[28568900 44316300 29910400 42925000 43035900 34138600 37070300 62755300
 51887400 32244300]",antigen,16,Demand: 5 - Capacity: funding_delay,0.00168048
PCV,"[217608200 267216900 253205600 301483300 300469200 342484400 447616200
 324915700 327715900 505043600]",antigen,16,Demand: 5 - Capacity: funding_delay,0.00168048
Pertussis,"[355092700 355017700 382913500 346050200 324302200 373866000 390207300
 358433200 438275500 333775300]",antigen,16,Demand: 5 - Capacity: funding_delay,0.00168048
Polio,"[594500300 683925100 716534600 768555600 645396200 685236300 734718200
 992189000 1016570100 1182731700]",antigen,16,Demand: 5 - Capacity: funding_delay,0.00168048
Rotavirus,"[229454700 235817300 294116200 205158400 361673800 442510100 369726600
 502021600 283587800 884340400]",antigen,16,Demand: 5 - Capacity: funding_delay,0.00168048
Rubella,"[390927600 457092000 573694500 428027900 569926600 637772500 778011200
 633986300 266418600 590737700]",antigen,16,Demand: 5 - Capacity: funding_delay,0.00168048
Tetanus,"[661301900 640875700 698790600 606645900 707871300 661886500 558836400
 727439300 873897800 642777800]",antigen,16,Demand: 5 - Capacity: funding_delay,0.00168048
AJ_Vaccines,"[7711003.0, 7711003.0, 7094122.0, 6939902.0, 7479673.0, 7711003.0, 7711003.0, 7711003.0, 7711003.0, 7711003.0]",manufacturer,16,Demand: 5 - Capacity: funding_delay,0.00168048
BB_NCIPD,"[39147073.0, 39223956.0, 39223956.0, 39223956.0, 39223956.0, 39223956.0, 39223956.0, 39223956.0, 39223956.0, 39223956.0]",manufacturer,16,Demand: 5 - Capacity: funding_delay,0.00168048
Bharat_Biotech,"[61029105.0, 61029105.0, 61029105.0, 61029105.0, 61029105.0, 61029105.0, 61029105.0, 61029105.0, 61029105.0, 61029105.0]",manufacturer,16,Demand: 5 - Capacity: funding_delay,0.00168048
Bilthoven,"[12048153.0, 12048153.0, 11084301.0, 10843338.0, 11686709.0, 12048153.0, 12048153.0, 12048153.0, 12048153.0, 12048153.0]",manufacturer,16,Demand: 5 - Capacity: funding_delay,0.00168048
Biological_E,"[164885690.0, 164885690.0, 164885690.0, 164885690.0, 164885690.0, 163879088.0, 164885690.0, 164885690.0, 164885690.0, 164885690.0]",manufacturer,16,Demand: 5 - Capacity: funding_delay,0.00168048
China_National,"[12812242.0, 12812242.0, 12812242.0, 12812242.0, 12812242.0, 12812242.0, 12812242.0, 12812242.0, 12812242.0, 12812242.0]",manufacturer,16,Demand: 5 - Capacity: funding_delay,0.00168048
GSK,"[226762686.0, 226762686.0, 226762686.0, 226762686.0, 226762686.0, 226762686.0, 226762686.0, 226762686.0, 226762686.0, 226762686.0]",manufacturer,16,Demand: 5 - Capacity: funding_delay,0.00168048
Haffkine_Bio,"[80972855.0, 80972855.0, 80972855.0, 80972855.0, 80972855.0, 80972855.0, 80972855.0, 80972855.0, 80972855.0, 80972855.0]",manufacturer,16,Demand: 5 - Capacity: funding_delay,0.00168048
LG_Chem,"[43702188.0, 43702188.0, 43493336.0, 43441123.0, 43623868.0, 43702188.0, 43702188.0, 43702188.0, 43702188.0, 43702188.0]",manufacturer,16,Demand: 5 - Capacity: funding_delay,0.00168048
Merck_Sharp,"[56991052.0, 56991052.0, 56991052.0, 56991052.0, 56991052.0, 56991052.0, 56991052.0, 56991052.0, 56991052.0, 56991052.0]",manufacturer,16,Demand: 5 - Capacity: funding_delay,0.00168048
PT_Bio,"[45864272.0, 45911731.0, 45911731.0, 45911731.0, 45436226.0, 45911731.0, 45911731.0, 45911731.0, 45911731.0, 45911731.0]",manufacturer,16,Demand: 5 - Capacity: funding_delay,0.00168048
Panacea_Biotec,"[10874165.0, 10874165.0, 10874165.0, 10874165.0, 10874165.0, 10874165.0, 10874165.0, 10874165.0, 10874165.0, 10874165.0]",manufacturer,16,Demand: 5 - Capacity: funding_delay,0.00168048
Pfizer,"[83916974.0, 83916974.0, 83916974.0, 83916974.0, 83916974.0, 83916974.0, 83916974.0, 83916974.0, 83916974.0, 83916974.0]",manufacturer,16,Demand: 5 - Capacity: funding_delay,0.00168048
Sanofi,"[87429432.0, 87429432.0, 82229737.0, 80966413.0, 85490526.0, 87429432.0, 87429432.0, 87429432.0, 87429432.0, 87429432.0]",manufacturer,16,Demand: 5 - Capacity: funding_delay,0.00168048
Serum_Institute,"[587114096.0, 587114096.0, 587114096.0, 587114096.0, 584474822.0, 583233946.0, 587114096.0, 587114096.0, 587114096.0, 587114096.0]",manufacturer,16,Demand: 5 - Capacity: funding_delay,0.00168048
Diphtheria,"[690293000 540644300 663354000 1033467400 832363600 964285900 1484889200
 781961600 1006661500 199939900]",antigen,17,Demand: 2 - Capacity: funding_delay,0.0014626399999999999
HPV,"[27408100 36795300 44960900 42153100 54014700 57247900 67205500 74837800
 78713600 88601800]",antigen,17,Demand: 2 - Capacity: funding_delay,0.0014626399999999999
Hepatitis_B,"[410703700 394726600 455058800 440667600 324876000 458683900 473285200
 433237300 448206300 436645900]",antigen,17,Demand: 2 - Capacity: funding_delay,0.0014626399999999999
Hib,"[308462400 308564000 317849200 348113400 353835500 364190100 361704000
 387351100 363068900 408753500]",antigen,17,Demand: 2 - Capacity: funding_delay,0.0014626399999999999
Measles,"[520688600 599384600 741765500 584291600 610795400 751325700 699010900
 831020100 825941600 1061105100]",antigen,17,Demand: 2 - Capacity: funding_delay,0.0014626399999999999
Mumps,"[22927300 20932900 31158300 29486900 34069800 45473700 44507600 44743800
 56776500 52293200]",antigen,17,Demand: 2 - Capacity: funding_delay,0.0014626399999999999
PCV,"[229980600 255538100 322750600 318306500 363296300 369410900 285323300
 435396500 470226400 530917400]",antigen,17,Demand: 2 - Capacity: funding_delay,0.0014626399999999999
Pertussis,"[330913600 348707600 372077900 358905200 359328000 361641600 392197100
 366714000 428874500 446770700]",antigen,17,Demand: 2 - Capacity: funding_delay,0.0014626399999999999
Polio,"[597194100 677401000 776170500 676082100 773974800 869915700 861400800
 863844100 895666700 960509500]",antigen,17,Demand: 2 - Capacity: funding_delay,0.0014626399999999999
Rotavirus,"[176924600 219261400 246960500 200506000 250245900 309212600 359689500
 642248900 549276900 702456800]",antigen,17,Demand: 2 - Capacity: funding_delay,0.0014626399999999999
Rubella,"[375199800 541952100 425153100 568072300 445714300 717977700 625043900
 769890300 719103700 840127000]",antigen,17,Demand: 2 - Capacity: funding_delay,0.0014626399999999999
Tetanus,"[629499200 631449500 590716800 662222000 654131200 630990900 743740500
 701074300 765625500 736675300]",antigen,17,Demand: 2 - Capacity: funding_delay,0.0014626399999999999
AJ_Vaccines,"[7711003.0, 7711003.0, 7094122.0, 6939902.0, 7479673.0, 7711003.0, 7711003.0, 7711003.0, 7711003.0, 7711003.0]",manufacturer,17,Demand: 2 - Capacity: funding_delay,0.0014626399999999999
BB_NCIPD,"[39147073.0, 39223956.0, 39223956.0, 39223956.0, 39223956.0, 39223956.0, 39223956.0, 39223956.0, 39223956.0, 39223956.0]",manufacturer,17,Demand: 2 - Capacity: funding_delay,0.0014626399999999999
Bharat_Biotech,"[61029105.0, 61029105.0, 61029105.0, 61029105.0, 61029105.0, 61029105.0, 61029105.0, 61029105.0, 61029105.0, 61029105.0]",manufacturer,17,Demand: 2 - Capacity: funding_delay,0.0014626399999999999
Bilthoven,"[12048153.0, 12048153.0, 11084301.0, 10843338.0, 11686709.0, 12048153.0, 12048153.0, 12048153.0, 12048153.0, 12048153.0]",manufacturer,17,Demand: 2 - Capacity: funding_delay,0.0014626399999999999
Biological_E,"[164885690.0, 164885690.0, 164885690.0, 164885690.0, 164885690.0, 163879088.0, 164885690.0, 164885690.0, 164885690.0, 164885690.0]",manufacturer,17,Demand: 2 - Capacity: funding_delay,0.0014626399999999999
China_National,"[12812242.0, 12812242.0, 12812242.0, 12812242.0, 12812242.0, 12812242.0, 12812242.0, 12812242.0, 12812242.0, 12812242.0]",manufacturer,17,Demand: 2 - Capacity: funding_delay,0.0014626399999999999
GSK,"[226762686.0, 226762686.0, 226762686.0, 226762686.0, 226762686.0, 226762686.0, 226762686.0, 226762686.0, 226762686.0, 226762686.0]",manufacturer,17,Demand: 2 - Capacity: funding_delay,0.0014626399999999999
Haffkine_Bio,"[80972855.0, 80972855.0, 80972855.0, 80972855.0, 80972855.0, 80972855.0, 80972855.0, 80972855.0, 80972855.0, 80972855.0]",manufacturer,17,Demand: 2 - Capacity: funding_delay,0.0014626399999999999
LG_Chem,"[43702188.0, 43702188.0, 43493336.0, 43441123.0, 43623868.0, 43702188.0, 43702188.0, 43702188.0, 43702188.0, 43702188.0]",manufacturer,17,Demand: 2 - Capacity: funding_delay,0.0014626399999999999
Merck_Sharp,"[56991052.0, 56991052.0, 56991052.0, 56991052.0, 56991052.0, 56991052.0, 56991052.0, 56991052.0, 56991052.0, 56991052.0]",manufacturer,17,Demand: 2 - Capacity: funding_delay,0.0014626399999999999
PT_Bio,"[45864272.0, 45911731.0, 45911731.0, 45911731.0, 45436226.0, 45911731.0, 45911731.0, 45911731.0, 45911731.0, 45911731.0]",manufacturer,17,Demand: 2 - Capacity: funding_delay,0.0014626399999999999
Panacea_Biotec,"[10874165.0, 10874165.0, 10874165.0, 10874165.0, 10874165.0, 10874165.0, 10874165.0, 10874165.0, 10874165.0, 10874165.0]",manufacturer,17,Demand: 2 - Capacity: funding_delay,0.0014626399999999999
Pfizer,"[83916974.0, 83916974.0, 83916974.0, 83916974.0, 83916974.0, 83916974.0, 83916974.0, 83916974.0, 83916974.0, 83916974.0]",manufacturer,17,Demand: 2 - Capacity: funding_delay,0.0014626399999999999
Sanofi,"[87429432.0, 87429432.0, 82229737.0, 80966413.0, 85490526.0, 87429432.0, 87429432.0, 87429432.0, 87429432.0, 87429432.0]",manufacturer,17,Demand: 2 - Capacity: funding_delay,0.0014626399999999999
Serum_Institute,"[587114096.0, 587114096.0, 587114096.0, 587114096.0, 584474822.0, 583233946.0, 587114096.0, 587114096.0, 587114096.0, 587114096.0]",manufacturer,17,Demand: 2 - Capacity: funding_delay,0.0014626399999999999
Diphtheria,"[570550200 619539900 626455400 594496900 595980200 587103300 593084700
 587954100 594707400 600159000]",antigen,18,Demand: 1 - Capacity: funding_delay,0.06224
HPV,"[18988200 18779800 27460000 72849500 92670600 64703800 42237000 42368400
 33730500 35038500]",antigen,18,Demand: 1 - Capacity: funding_delay,0.06224
Hepatitis_B,"[312284600 343008200 351717800 334973600 334455600 328430100 332308900
 328200500 332214900 335525400]",antigen,18,Demand: 1 - Capacity: funding_delay,0.06224
Hib,"[259536200 282777100 287252900 274027900 274339400 270041300 273119600
 270415600 273713400 276715500]",antigen,18,Demand: 1 - Capacity: funding_delay,0.06224
Measles,"[420097000 358616900 394831600 346093200 377569100 407486200 271512200
 386591100 290515900 326808200]",antigen,18,Demand: 1 - Capacity: funding_delay,0.06224
Mumps,"[26052200 26626400 25785400 25268100 23536200 16205400 18650400 8909600
 10718500 12977700]",antigen,18,Demand: 1 - Capacity: funding_delay,0.06224
PCV,"[160800200 186996100 209165500 205938500 220998700 219106600 222271100
 217335600 218764600 220234300]",antigen,18,Demand: 1 - Capacity: funding_delay,0.06224
Pertussis,"[320662700 347414000 352464600 335977000 334855300 328035800 331237500
 328308900 331462200 334312000]",antigen,18,Demand: 1 - Capacity: funding_delay,0.06224
Polio,"[522182000 582182300 608631800 590689600 591743500 572503000 130824100
 128516200 130807300 132956000]",antigen,18,Demand: 1 - Capacity: funding_delay,0.06224
Rotavirus,"[142479000 166422100 173751400 186328400 197668300 205652300 209552800
 207355600 209606300 211802800]",antigen,18,Demand: 1 - Capacity: funding_delay,0.06224
Rubella,"[357331300 254011400 304621400 276893800 291347300 386542700 259074600
 385691400 289592400 325856600]",antigen,18,Demand: 1 - Capacity: funding_delay,0.06224
Tetanus,"[577730200 626351000 633278500 601333100 598872900 590040100 596064300
 590973100 597764600 603248400]",antigen,18,Demand: 1 - Capacity: funding_delay,0.06224
AJ_Vaccines,"[7711003.0, 7711003.0, 7094122.0, 6939902.0, 7479673.0, 7711003.0, 7711003.0, 7711003.0, 7711003.0, 7711003.0]",manufacturer,18,Demand: 1 - Capacity: funding_delay,0.06224
BB_NCIPD,"[39147073.0, 39223956.0, 39223956.0, 39223956.0, 39223956.0, 39223956.0, 39223956.0, 39223956.0, 39223956.0, 39223956.0]",manufacturer,18,Demand: 1 - Capacity: funding_delay,0.06224
Bharat_Biotech,"[61029105.0, 61029105.0, 61029105.0, 61029105.0, 61029105.0, 61029105.0, 61029105.0, 61029105.0, 61029105.0, 61029105.0]",manufacturer,18,Demand: 1 - Capacity: funding_delay,0.06224
Bilthoven,"[12048153.0, 12048153.0, 11084301.0, 10843338.0, 11686709.0, 12048153.0, 12048153.0, 12048153.0, 12048153.0, 12048153.0]",manufacturer,18,Demand: 1 - Capacity: funding_delay,0.06224
Biological_E,"[164885690.0, 164885690.0, 164885690.0, 164885690.0, 164885690.0, 163879088.0, 164885690.0, 164885690.0, 164885690.0, 164885690.0]",manufacturer,18,Demand: 1 - Capacity: funding_delay,0.06224
China_National,"[12812242.0, 12812242.0, 12812242.0, 12812242.0, 12812242.0, 12812242.0, 12812242.0, 12812242.0, 12812242.0, 12812242.0]",manufacturer,18,Demand: 1 - Capacity: funding_delay,0.06224
GSK,"[226762686.0, 226762686.0, 226762686.0, 226762686.0, 226762686.0, 226762686.0, 226762686.0, 226762686.0, 226762686.0, 226762686.0]",manufacturer,18,Demand: 1 - Capacity: funding_delay,0.06224
Haffkine_Bio,"[80972855.0, 80972855.0, 80972855.0, 80972855.0, 80972855.0, 80972855.0, 80972855.0, 80972855.0, 80972855.0, 80972855.0]",manufacturer,18,Demand: 1 - Capacity: funding_delay,0.06224
LG_Chem,"[43702188.0, 43702188.0, 43493336.0, 43441123.0, 43623868.0, 43702188.0, 43702188.0, 43702188.0, 43702188.0, 43702188.0]",manufacturer,18,Demand: 1 - Capacity: funding_delay,0.06224
Merck_Sharp,"[56991052.0, 56991052.0, 56991052.0, 56991052.0, 56991052.0, 56991052.0, 56991052.0, 56991052.0, 56991052.0, 56991052.0]",manufacturer,18,Demand: 1 - Capacity: funding_delay,0.06224
PT_Bio,"[45864272.0, 45911731.0, 45911731.0, 45911731.0, 45436226.0, 45911731.0, 45911731.0, 45911731.0, 45911731.0, 45911731.0]",manufacturer,18,Demand: 1 - Capacity: funding_delay,0.06224
Panacea_Biotec,"[10874165.0, 10874165.0, 10874165.0, 10874165.0, 10874165.0, 10874165.0, 10874165.0, 10874165.0, 10874165.0, 10874165.0]",manufacturer,18,Demand: 1 - Capacity: funding_delay,0.06224
Pfizer,"[83916974.0, 83916974.0, 83916974.0, 83916974.0, 83916974.0, 83916974.0, 83916974.0, 83916974.0, 83916974.0, 83916974.0]",manufacturer,18,Demand: 1 - Capacity: funding_delay,0.06224
Sanofi,"[87429432.0, 87429432.0, 82229737.0, 80966413.0, 85490526.0, 87429432.0, 87429432.0, 87429432.0, 87429432.0, 87429432.0]",manufacturer,18,Demand: 1 - Capacity: funding_delay,0.06224
Serum_Institute,"[587114096.0, 587114096.0, 587114096.0, 587114096.0, 584474822.0, 583233946.0, 587114096.0, 587114096.0, 587114096.0, 587114096.0]",manufacturer,18,Demand: 1 - Capacity: funding_delay,0.06224
Diphtheria,"[654233900 836474800 765804800 925613800 851169600 917181600 1346325300
 1152974500 669109400 -2147483648]",antigen,19,Demand: 3 - Capacity: funding_delay,0.00641072
HPV,"[29278100 34529800 41314600 46831600 52100600 61799200 68661300 71927100
 88594400 94993400]",antigen,19,Demand: 3 - Capacity: funding_delay,0.00641072
Hepatitis_B,"[367899800 397096100 371863600 396265400 481334800 460819700 394718400
 307416400 352012500 467247100]",antigen,19,Demand: 3 - Capacity: funding_delay,0.00641072
Hib,"[296797500 286435900 324747800 327110000 358279900 386356000 373120300
 367969400 422523900 380845900]",antigen,19,Demand: 3 - Capacity: funding_delay,0.00641072
Measles,"[558200700 568584000 470701300 569931600 693752000 880470900 794733300
 944858600 1111350000 635813500]",antigen,19,Demand: 3 - Capacity: funding_delay,0.00641072
Mumps,"[25298900 35825600 28309600 34167200 56941500 34282800 52971000 61662700
 54703300 79141000]",antigen,19,Demand: 3 - Capacity: funding_delay,0.00641072
PCV,"[217304000 262275300 327108600 328942400 372129800 353796500 370562100
 492289800 466028200 179323800]",antigen,19,Demand: 3 - Capacity: funding_delay,0.00641072
Pertussis,"[376053500 329574100 385604700 351618800 410530100 375193000 363350500
 364705100 397681100 335678000]",antigen,19,Demand: 3 - Capacity: funding_delay,0.00641072
Polio,"[629319000 636390100 756892800 753580500 795712200 761560800 823600500
 812364000 750291200 951616700]",antigen,19,Demand: 3 - Capacity: funding_delay,0.00641072
Rotavirus,"[185622400 219556000 256011100 228026000 455555300 366778100 385080400
 482266900 714517200 1041382600]",antigen,19,Demand: 3 - Capacity: funding_delay,0.00641072
Rubella,"[354209400 444952700 440196700 602098200 602205300 567084600 437763600
 605256900 851193600 458658300]",antigen,19,Demand: 3 - Capacity: funding_delay,0.00641072
Tetanus,"[649813800 621341400 724413900 721858700 673652300 688070200 637263500
 692825800 620957100 607789000]",antigen,19,Demand: 3 - Capacity: funding_delay,0.00641072
AJ_Vaccines,"[7711003.0, 7711003.0, 7094122.0, 6939902.0, 7479673.0, 7711003.0, 7711003.0, 7711003.0, 7711003.0, 7711003.0]",manufacturer,19,Demand: 3 - Capacity: funding_delay,0.00641072
BB_NCIPD,"[39147073.0, 39223956.0, 39223956.0, 39223956.0, 39223956.0, 39223956.0, 39223956.0, 39223956.0, 39223956.0, 39223956.0]",manufacturer,19,Demand: 3 - Capacity: funding_delay,0.00641072
Bharat_Biotech,"[61029105.0, 61029105.0, 61029105.0, 61029105.0, 61029105.0, 61029105.0, 61029105.0, 61029105.0, 61029105.0, 61029105.0]",manufacturer,19,Demand: 3 - Capacity: funding_delay,0.00641072
Bilthoven,"[12048153.0, 12048153.0, 11084301.0, 10843338.0, 11686709.0, 12048153.0, 12048153.0, 12048153.0, 12048153.0, 12048153.0]",manufacturer,19,Demand: 3 - Capacity: funding_delay,0.00641072
Biological_E,"[164885690.0, 164885690.0, 164885690.0, 164885690.0, 164885690.0, 163879088.0, 164885690.0, 164885690.0, 164885690.0, 164885690.0]",manufacturer,19,Demand: 3 - Capacity: funding_delay,0.00641072
China_National,"[12812242.0, 12812242.0, 12812242.0, 12812242.0, 12812242.0, 12812242.0, 12812242.0, 12812242.0, 12812242.0, 12812242.0]",manufacturer,19,Demand: 3 - Capacity: funding_delay,0.00641072
GSK,"[226762686.0, 226762686.0, 226762686.0, 226762686.0, 226762686.0, 226762686.0, 226762686.0, 226762686.0, 226762686.0, 226762686.0]",manufacturer,19,Demand: 3 - Capacity: funding_delay,0.00641072
Haffkine_Bio,"[80972855.0, 80972855.0, 80972855.0, 80972855.0, 80972855.0, 80972855.0, 80972855.0, 80972855.0, 80972855.0, 80972855.0]",manufacturer,19,Demand: 3 - Capacity: funding_delay,0.00641072
LG_Chem,"[43702188.0, 43702188.0, 43493336.0, 43441123.0, 43623868.0, 43702188.0, 43702188.0, 43702188.0, 43702188.0, 43702188.0]",manufacturer,19,Demand: 3 - Capacity: funding_delay,0.00641072
Merck_Sharp,"[56991052.0, 56991052.0, 56991052.0, 56991052.0, 56991052.0, 56991052.0, 56991052.0, 56991052.0, 56991052.0, 56991052.0]",manufacturer,19,Demand: 3 - Capacity: funding_delay,0.00641072
PT_Bio,"[45864272.0, 45911731.0, 45911731.0, 45911731.0, 45436226.0, 45911731.0, 45911731.0, 45911731.0, 45911731.0, 45911731.0]",manufacturer,19,Demand: 3 - Capacity: funding_delay,0.00641072
Panacea_Biotec,"[10874165.0, 10874165.0, 10874165.0, 10874165.0, 10874165.0, 10874165.0, 10874165.0, 10874165.0, 10874165.0, 10874165.0]",manufacturer,19,Demand: 3 - Capacity: funding_delay,0.00641072
Pfizer,"[83916974.0, 83916974.0, 83916974.0, 83916974.0, 83916974.0, 83916974.0, 83916974.0, 83916974.0, 83916974.0, 83916974.0]",manufacturer,19,Demand: 3 - Capacity: funding_delay,0.00641072
Sanofi,"[87429432.0, 87429432.0, 82229737.0, 80966413.0, 85490526.0, 87429432.0, 87429432.0, 87429432.0, 87429432.0, 87429432.0]",manufacturer,19,Demand: 3 - Capacity: funding_delay,0.00641072
Serum_Institute,"[587114096.0, 587114096.0, 587114096.0, 587114096.0, 584474822.0, 583233946.0, 587114096.0, 587114096.0, 587114096.0, 587114096.0]",manufacturer,19,Demand: 3 - Capacity: funding_delay,0.00641072
Diphtheria,"[596906900 558336500 812533400 660834400 686912400 1059413800 1410783900
 1252908300 953910300 1577938400]",antigen,20,Demand: 4 - Capacity: funding_delay,0.00600616
HPV,"[26509800 35593800 41761900 46914800 51357500 59171600 66488200 73483500
 84634900 80794100]",antigen,20,Demand: 4 - Capacity: funding_delay,0.00600616
Hepatitis_B,"[398538000 411746900 404101000 294154800 354466900 365673200 370291900
 345678000 544177700 350602700]",antigen,20,Demand: 4 - Capacity: funding_delay,0.00600616
Hib,"[290485200 340862100 301672100 347190200 369051400 309998000 379238500
 385344800 435675100 417032400]",antigen,20,Demand: 4 - Capacity: funding_delay,0.00600616
Measles,"[396235400 525423200 507983700 478856400 600172200 551044600 684851800
 969568700 991050500 1391486700]",antigen,20,Demand: 4 - Capacity: funding_delay,0.00600616
Mumps,"[20805100 27986400 29062300 31362300 32914000 34978900 49196300 36209300
 95135900 77415800]",antigen,20,Demand: 4 - Capacity: funding_delay,0.00600616
PCV,"[228025000 270527400 333973500 349599500 355922500 316447400 486664800
 392780800 529487100 752423700]",antigen,20,Demand: 4 - Capacity: funding_delay,0.00600616
Pertussis,"[357621300 377952200 350446900 353376700 336929700 391426500 366153900
 441004100 330439000 377938400]",antigen,20,Demand: 4 - Capacity: funding_delay,0.00600616
Polio,"[674623000 620549000 675000300 664288500 754280400 831403500 798232300
 929329300 980424200 648707300]",antigen,20,Demand: 4 - Capacity: funding_delay,0.00600616
Rotavirus,"[201197500 175155800 196664100 220157400 319305100 338422000 450422500
 421255000 854993100 366912800]",antigen,20,Demand: 4 - Capacity: funding_delay,0.00600616
Rubella,"[309860900 475793600 289321200 346819600 619977400 600887700 656546100
 670139400 781452000 1090014900]",antigen,20,Demand: 4 - Capacity: funding_delay,0.00600616
Tetanus,"[609169300 660966800 613254200 610941500 740616500 723857000 682591200
 680463400 718420600 828807600]",antigen,20,Demand: 4 - Capacity: funding_delay,0.00600616
AJ_Vaccines,"[7711003.0, 7711003.0, 7094122.0, 6939902.0, 7479673.0, 7711003.0, 7711003.0, 7711003.0, 7711003.0, 7711003.0]",manufacturer,20,Demand: 4 - Capacity: funding_delay,0.00600616
BB_NCIPD,"[39147073.0, 39223956.0, 39223956.0, 39223956.0, 39223956.0, 39223956.0, 39223956.0, 39223956.0, 39223956.0, 39223956.0]",manufacturer,20,Demand: 4 - Capacity: funding_delay,0.00600616
Bharat_Biotech,"[61029105.0, 61029105.0, 61029105.0, 61029105.0, 61029105.0, 61029105.0, 61029105.0, 61029105.0, 61029105.0, 61029105.0]",manufacturer,20,Demand: 4 - Capacity: funding_delay,0.00600616
Bilthoven,"[12048153.0, 12048153.0, 11084301.0, 10843338.0, 11686709.0, 12048153.0, 12048153.0, 12048153.0, 12048153.0, 12048153.0]",manufacturer,20,Demand: 4 - Capacity: funding_delay,0.00600616
Biological_E,"[164885690.0, 164885690.0, 164885690.0, 164885690.0, 164885690.0, 163879088.0, 164885690.0, 164885690.0, 164885690.0, 164885690.0]",manufacturer,20,Demand: 4 - Capacity: funding_delay,0.00600616
China_National,"[12812242.0, 12812242.0, 12812242.0, 12812242.0, 12812242.0, 12812242.0, 12812242.0, 12812242.0, 12812242.0, 12812242.0]",manufacturer,20,Demand: 4 - Capacity: funding_delay,0.00600616
GSK,"[226762686.0, 226762686.0, 226762686.0, 226762686.0, 226762686.0, 226762686.0, 226762686.0, 226762686.0, 226762686.0, 226762686.0]",manufacturer,20,Demand: 4 - Capacity: funding_delay,0.00600616
Haffkine_Bio,"[80972855.0, 80972855.0, 80972855.0, 80972855.0, 80972855.0, 80972855.0, 80972855.0, 80972855.0, 80972855.0, 80972855.0]",manufacturer,20,Demand: 4 - Capacity: funding_delay,0.00600616
LG_Chem,"[43702188.0, 43702188.0, 43493336.0, 43441123.0, 43623868.0, 43702188.0, 43702188.0, 43702188.0, 43702188.0, 43702188.0]",manufacturer,20,Demand: 4 - Capacity: funding_delay,0.00600616
Merck_Sharp,"[56991052.0, 56991052.0, 56991052.0, 56991052.0, 56991052.0, 56991052.0, 56991052.0, 56991052.0, 56991052.0, 56991052.0]",manufacturer,20,Demand: 4 - Capacity: funding_delay,0.00600616
PT_Bio,"[45864272.0, 45911731.0, 45911731.0, 45911731.0, 45436226.0, 45911731.0, 45911731.0, 45911731.0, 45911731.0, 45911731.0]",manufacturer,20,Demand: 4 - Capacity: funding_delay,0.00600616
Panacea_Biotec,"[10874165.0, 10874165.0, 10874165.0, 10874165.0, 10874165.0, 10874165.0, 10874165.0, 10874165.0, 10874165.0, 10874165.0]",manufacturer,20,Demand: 4 - Capacity: funding_delay,0.00600616
Pfizer,"[83916974.0, 83916974.0, 83916974.0, 83916974.0, 83916974.0, 83916974.0, 83916974.0, 83916974.0, 83916974.0, 83916974.0]",manufacturer,20,Demand: 4 - Capacity: funding_delay,0.00600616
Sanofi,"[87429432.0, 87429432.0, 82229737.0, 80966413.0, 85490526.0, 87429432.0, 87429432.0, 87429432.0, 87429432.0, 87429432.0]",manufacturer,20,Demand: 4 - Capacity: funding_delay,0.00600616
Serum_Institute,"[587114096.0, 587114096.0, 587114096.0, 587114096.0, 584474822.0, 583233946.0, 587114096.0, 587114096.0, 587114096.0, 587114096.0]",manufacturer,20,Demand: 4 - Capacity: funding_delay,0.00600616
Diphtheria,"[570550200 619539900 626455400 594496900 595980200 587103300 593084700
 587954100 594707400 600159000]",antigen,21,Demand: 1 - Capacity: innacurate_forecast,0.00184
HPV,"[18988200 18779800 27460000 72849500 92670600 64703800 42237000 42368400
 33730500 35038500]",antigen,21,Demand: 1 - Capacity: innacurate_forecast,0.00184
Hepatitis_B,"[312284600 343008200 351717800 334973600 334455600 328430100 332308900
 328200500 332214900 335525400]",antigen,21,Demand: 1 - Capacity: innacurate_forecast,0.00184
Hib,"[259536200 282777100 287252900 274027900 274339400 270041300 273119600
 270415600 273713400 276715500]",antigen,21,Demand: 1 - Capacity: innacurate_forecast,0.00184
Measles,"[420097000 358616900 394831600 346093200 377569100 407486200 271512200
 386591100 290515900 326808200]",antigen,21,Demand: 1 - Capacity: innacurate_forecast,0.00184
Mumps,"[26052200 26626400 25785400 25268100 23536200 16205400 18650400 8909600
 10718500 12977700]",antigen,21,Demand: 1 - Capacity: innacurate_forecast,0.00184
PCV,"[160800200 186996100 209165500 205938500 220998700 219106600 222271100
 217335600 218764600 220234300]",antigen,21,Demand: 1 - Capacity: innacurate_forecast,0.00184
Pertussis,"[320662700 347414000 352464600 335977000 334855300 328035800 331237500
 328308900 331462200 334312000]",antigen,21,Demand: 1 - Capacity: innacurate_forecast,0.00184
Polio,"[522182000 582182300 608631800 590689600 591743500 572503000 130824100
 128516200 130807300 132956000]",antigen,21,Demand: 1 - Capacity: innacurate_forecast,0.00184
Rotavirus,"[142479000 166422100 173751400 186328400 197668300 205652300 209552800
 207355600 209606300 211802800]",antigen,21,Demand: 1 - Capacity: innacurate_forecast,0.00184
Rubella,"[357331300 254011400 304621400 276893800 291347300 386542700 259074600
 385691400 289592400 325856600]",antigen,21,Demand: 1 - Capacity: innacurate_forecast,0.00184
Tetanus,"[577730200 626351000 633278500 601333100 598872900 590040100 596064300
 590973100 597764600 603248400]",antigen,21,Demand: 1 - Capacity: innacurate_forecast,0.00184
AJ_Vaccines,"[7711003.0, 7711003.0, 7094122.0, 6939902.0, 7479673.0, 7711003.0, 7325452.0, 7711003.0, 7711003.0, 7711003.0]",manufacturer,21,Demand: 1 - Capacity: innacurate_forecast,0.00184
BB_NCIPD,"[39147073.0, 39223956.0, 39223956.0, 39223956.0, 39223956.0, 39223956.0, 39223956.0, 39223956.0, 39223956.0, 39223956.0]",manufacturer,21,Demand: 1 - Capacity: innacurate_forecast,0.00184
Bharat_Biotech,"[61029105.0, 61029105.0, 61029105.0, 61029105.0, 61029105.0, 61029105.0, 61029105.0, 61029105.0, 61029105.0, 61029105.0]",manufacturer,21,Demand: 1 - Capacity: innacurate_forecast,0.00184
Bilthoven,"[12048153.0, 12048153.0, 11084301.0, 10843338.0, 11686709.0, 12048153.0, 11445746.0, 12048153.0, 12048153.0, 12048153.0]",manufacturer,21,Demand: 1 - Capacity: innacurate_forecast,0.00184
Biological_E,"[164885690.0, 164885690.0, 164256564.0, 164885690.0, 164885690.0, 163879088.0, 164885690.0, 164885690.0, 162529472.0, 164885690.0]",manufacturer,21,Demand: 1 - Capacity: innacurate_forecast,0.00184
China_National,"[12812242.0, 12812242.0, 12812242.0, 12812242.0, 12812242.0, 12812242.0, 12812242.0, 12812242.0, 12812242.0, 12812242.0]",manufacturer,21,Demand: 1 - Capacity: innacurate_forecast,0.00184
GSK,"[226762686.0, 226762686.0, 226762686.0, 223728150.0, 226762686.0, 226762686.0, 226762686.0, 226762686.0, 226762686.0, 226762686.0]",manufacturer,21,Demand: 1 - Capacity: innacurate_forecast,0.00184
Haffkine_Bio,"[80972855.0, 80972855.0, 80972855.0, 80972855.0, 80972855.0, 80972855.0, 80972855.0, 80972855.0, 80972855.0, 80972855.0]",manufacturer,21,Demand: 1 - Capacity: innacurate_forecast,0.00184
LG_Chem,"[43536522.0, 43702188.0, 43493336.0, 43441123.0, 43623868.0, 43702188.0, 43571655.0, 43702188.0, 41813277.0, 43702188.0]",manufacturer,21,Demand: 1 - Capacity: innacurate_forecast,0.00184
Merck_Sharp,"[56991052.0, 56991052.0, 56991052.0, 56991052.0, 56991052.0, 56991052.0, 56991052.0, 56991052.0, 56991052.0, 56991052.0]",manufacturer,21,Demand: 1 - Capacity: innacurate_forecast,0.00184
PT_Bio,"[45864272.0, 45911731.0, 45911731.0, 45911731.0, 45436226.0, 45911731.0, 45911731.0, 45911731.0, 45786458.0, 45911731.0]",manufacturer,21,Demand: 1 - Capacity: innacurate_forecast,0.00184
Panacea_Biotec,"[10874165.0, 10874165.0, 10874165.0, 10874165.0, 10874165.0, 10874165.0, 10874165.0, 10874165.0, 10378216.0, 10874165.0]",manufacturer,21,Demand: 1 - Capacity: innacurate_forecast,0.00184
Pfizer,"[83916974.0, 83916974.0, 83916974.0, 79721125.0, 83916974.0, 83916974.0, 83916974.0, 83916974.0, 83916974.0, 83916974.0]",manufacturer,21,Demand: 1 - Capacity: innacurate_forecast,0.00184
Sanofi,"[87429432.0, 87429432.0, 82229737.0, 80966413.0, 85490526.0, 87429432.0, 84197922.0, 87429432.0, 87429432.0, 87429432.0]",manufacturer,21,Demand: 1 - Capacity: innacurate_forecast,0.00184
Serum_Institute,"[586930899.0, 587114096.0, 584689002.0, 586897667.0, 584474822.0, 583233946.0, 587114096.0, 587114096.0, 582147838.0, 587114096.0]",manufacturer,21,Demand: 1 - Capacity: innacurate_forecast,0.00184
Diphtheria,"[654233900 836474800 765804800 925613800 851169600 917181600 1346325300
 1152974500 669109400 -2147483648]",antigen,22,Demand: 3 - Capacity: innacurate_forecast,0.00018952
HPV,"[29278100 34529800 41314600 46831600 52100600 61799200 68661300 71927100
 88594400 94993400]",antigen,22,Demand: 3 - Capacity: innacurate_forecast,0.00018952
Hepatitis_B,"[367899800 397096100 371863600 396265400 481334800 460819700 394718400
 307416400 352012500 467247100]",antigen,22,Demand: 3 - Capacity: innacurate_forecast,0.00018952
Hib,"[296797500 286435900 324747800 327110000 358279900 386356000 373120300
 367969400 422523900 380845900]",antigen,22,Demand: 3 - Capacity: innacurate_forecast,0.00018952
Measles,"[558200700 568584000 470701300 569931600 693752000 880470900 794733300
 944858600 1111350000 635813500]",antigen,22,Demand: 3 - Capacity: innacurate_forecast,0.00018952
Mumps,"[25298900 35825600 28309600 34167200 56941500 34282800 52971000 61662700
 54703300 79141000]",antigen,22,Demand: 3 - Capacity: innacurate_forecast,0.00018952
PCV,"[217304000 262275300 327108600 328942400 372129800 353796500 370562100
 492289800 466028200 179323800]",antigen,22,Demand: 3 - Capacity: innacurate_forecast,0.00018952
Pertussis,"[376053500 329574100 385604700 351618800 410530100 375193000 363350500
 364705100 397681100 335678000]",antigen,22,Demand: 3 - Capacity: innacurate_forecast,0.00018952
Polio,"[629319000 636390100 756892800 753580500 795712200 761560800 823600500
 812364000 750291200 951616700]",antigen,22,Demand: 3 - Capacity: innacurate_forecast,0.00018952
Rotavirus,"[185622400 219556000 256011100 228026000 455555300 366778100 385080400
 482266900 714517200 1041382600]",antigen,22,Demand: 3 - Capacity: innacurate_forecast,0.00018952
Rubella,"[354209400 444952700 440196700 602098200 602205300 567084600 437763600
 605256900 851193600 458658300]",antigen,22,Demand: 3 - Capacity: innacurate_forecast,0.00018952
Tetanus,"[649813800 621341400 724413900 721858700 673652300 688070200 637263500
 692825800 620957100 607789000]",antigen,22,Demand: 3 - Capacity: innacurate_forecast,0.00018952
AJ_Vaccines,"[7711003.0, 7711003.0, 7094122.0, 6939902.0, 7479673.0, 7711003.0, 7325452.0, 7711003.0, 7711003.0, 7711003.0]",manufacturer,22,Demand: 3 - Capacity: innacurate_forecast,0.00018952
BB_NCIPD,"[39147073.0, 39223956.0, 39223956.0, 39223956.0, 39223956.0, 39223956.0, 39223956.0, 39223956.0, 39223956.0, 39223956.0]",manufacturer,22,Demand: 3 - Capacity: innacurate_forecast,0.00018952
Bharat_Biotech,"[61029105.0, 61029105.0, 61029105.0, 61029105.0, 61029105.0, 61029105.0, 61029105.0, 61029105.0, 61029105.0, 61029105.0]",manufacturer,22,Demand: 3 - Capacity: innacurate_forecast,0.00018952
Bilthoven,"[12048153.0, 12048153.0, 11084301.0, 10843338.0, 11686709.0, 12048153.0, 11445746.0, 12048153.0, 12048153.0, 12048153.0]",manufacturer,22,Demand: 3 - Capacity: innacurate_forecast,0.00018952
Biological_E,"[164885690.0, 164885690.0, 164256564.0, 164885690.0, 164885690.0, 163879088.0, 164885690.0, 164885690.0, 162529472.0, 164885690.0]",manufacturer,22,Demand: 3 - Capacity: innacurate_forecast,0.00018952
China_National,"[12812242.0, 12812242.0, 12812242.0, 12812242.0, 12812242.0, 12812242.0, 12812242.0, 12812242.0, 12812242.0, 12812242.0]",manufacturer,22,Demand: 3 - Capacity: innacurate_forecast,0.00018952
GSK,"[226762686.0, 226762686.0, 226762686.0, 223728150.0, 226762686.0, 226762686.0, 226762686.0, 226762686.0, 226762686.0, 226762686.0]",manufacturer,22,Demand: 3 - Capacity: innacurate_forecast,0.00018952
Haffkine_Bio,"[80972855.0, 80972855.0, 80972855.0, 80972855.0, 80972855.0, 80972855.0, 80972855.0, 80972855.0, 80972855.0, 80972855.0]",manufacturer,22,Demand: 3 - Capacity: innacurate_forecast,0.00018952
LG_Chem,"[43536522.0, 43702188.0, 43493336.0, 43441123.0, 43623868.0, 43702188.0, 43571655.0, 43702188.0, 41813277.0, 43702188.0]",manufacturer,22,Demand: 3 - Capacity: innacurate_forecast,0.00018952
Merck_Sharp,"[56991052.0, 56991052.0, 56991052.0, 56991052.0, 56991052.0, 56991052.0, 56991052.0, 56991052.0, 56991052.0, 56991052.0]",manufacturer,22,Demand: 3 - Capacity: innacurate_forecast,0.00018952
PT_Bio,"[45864272.0, 45911731.0, 45911731.0, 45911731.0, 45436226.0, 45911731.0, 45911731.0, 45911731.0, 45786458.0, 45911731.0]",manufacturer,22,Demand: 3 - Capacity: innacurate_forecast,0.00018952
Panacea_Biotec,"[10874165.0, 10874165.0, 10874165.0, 10874165.0, 10874165.0, 10874165.0, 10874165.0, 10874165.0, 10378216.0, 10874165.0]",manufacturer,22,Demand: 3 - Capacity: innacurate_forecast,0.00018952
Pfizer,"[83916974.0, 83916974.0, 83916974.0, 79721125.0, 83916974.0, 83916974.0, 83916974.0, 83916974.0, 83916974.0, 83916974.0]",manufacturer,22,Demand: 3 - Capacity: innacurate_forecast,0.00018952
Sanofi,"[87429432.0, 87429432.0, 82229737.0, 80966413.0, 85490526.0, 87429432.0, 84197922.0, 87429432.0, 87429432.0, 87429432.0]",manufacturer,22,Demand: 3 - Capacity: innacurate_forecast,0.00018952
Serum_Institute,"[586930899.0, 587114096.0, 584689002.0, 586897667.0, 584474822.0, 583233946.0, 587114096.0, 587114096.0, 582147838.0, 587114096.0]",manufacturer,22,Demand: 3 - Capacity: innacurate_forecast,0.00018952
Diphtheria,"[743387800 718494700 836301100 720152500 761304900 1033130400 1046414400
 1046244900 -2147483648 1368714300]",antigen,23,Demand: 5 - Capacity: innacurate_forecast,4.968e-05
HPV,"[26621500 38049900 42725200 46993500 54230900 60065400 65293500 74388900
 68226900 92640900]",antigen,23,Demand: 5 - Capacity: innacurate_forecast,4.968e-05
Hepatitis_B,"[358192200 354219100 361021300 411500900 475530300 470809100 452294400
 416526500 568066500 503505000]",antigen,23,Demand: 5 - Capacity: innacurate_forecast,4.968e-05
Hib,"[292457000 315010000 326207300 332843200 350062400 362530200 399440500
 394371600 351868000 351641500]",antigen,23,Demand: 5 - Capacity: innacurate_forecast,4.968e-05
Measles,"[403209300 477992600 574350300 589385100 625684300 571410200 1164655200
 647187900 942801300 1502330400]",antigen,23,Demand: 5 - Capacity: innacurate_forecast,4.968e-05
Mumps,"[28568900 44316300 29910400 42925000 43035900 34138600 37070300 62755300
 51887400 32244300]",antigen,23,Demand: 5 - Capacity: innacurate_forecast,4.968e-05
PCV,"[217608200 267216900 253205600 301483300 300469200 342484400 447616200
 324915700 327715900 505043600]",antigen,23,Demand: 5 - Capacity: innacurate_forecast,4.968e-05
Pertussis,"[355092700 355017700 382913500 346050200 324302200 373866000 390207300
 358433200 438275500 333775300]",antigen,23,Demand: 5 - Capacity: innacurate_forecast,4.968e-05
Polio,"[594500300 683925100 716534600 768555600 645396200 685236300 734718200
 992189000 1016570100 1182731700]",antigen,23,Demand: 5 - Capacity: innacurate_forecast,4.968e-05
Rotavirus,"[229454700 235817300 294116200 205158400 361673800 442510100 369726600
 502021600 283587800 884340400]",antigen,23,Demand: 5 - Capacity: innacurate_forecast,4.968e-05
Rubella,"[390927600 457092000 573694500 428027900 569926600 637772500 778011200
 633986300 266418600 590737700]",antigen,23,Demand: 5 - Capacity: innacurate_forecast,4.968e-05
Tetanus,"[661301900 640875700 698790600 606645900 707871300 661886500 558836400
 727439300 873897800 642777800]",antigen,23,Demand: 5 - Capacity: innacurate_forecast,4.968e-05
AJ_Vaccines,"[7711003.0, 7711003.0, 7094122.0, 6939902.0, 7479673.0, 7711003.0, 7325452.0, 7711003.0, 7711003.0, 7711003.0]",manufacturer,23,Demand: 5 - Capacity: innacurate_forecast,4.968e-05
BB_NCIPD,"[39147073.0, 39223956.0, 39223956.0, 39223956.0, 39223956.0, 39223956.0, 39223956.0, 39223956.0, 39223956.0, 39223956.0]",manufacturer,23,Demand: 5 - Capacity: innacurate_forecast,4.968e-05
Bharat_Biotech,"[61029105.0, 61029105.0, 61029105.0, 61029105.0, 61029105.0, 61029105.0, 61029105.0, 61029105.0, 61029105.0, 61029105.0]",manufacturer,23,Demand: 5 - Capacity: innacurate_forecast,4.968e-05
Bilthoven,"[12048153.0, 12048153.0, 11084301.0, 10843338.0, 11686709.0, 12048153.0, 11445746.0, 12048153.0, 12048153.0, 12048153.0]",manufacturer,23,Demand: 5 - Capacity: innacurate_forecast,4.968e-05
Biological_E,"[164885690.0, 164885690.0, 164256564.0, 164885690.0, 164885690.0, 163879088.0, 164885690.0, 164885690.0, 162529472.0, 164885690.0]",manufacturer,23,Demand: 5 - Capacity: innacurate_forecast,4.968e-05
China_National,"[12812242.0, 12812242.0, 12812242.0, 12812242.0, 12812242.0, 12812242.0, 12812242.0, 12812242.0, 12812242.0, 12812242.0]",manufacturer,23,Demand: 5 - Capacity: innacurate_forecast,4.968e-05
GSK,"[226762686.0, 226762686.0, 226762686.0, 223728150.0, 226762686.0, 226762686.0, 226762686.0, 226762686.0, 226762686.0, 226762686.0]",manufacturer,23,Demand: 5 - Capacity: innacurate_forecast,4.968e-05
Haffkine_Bio,"[80972855.0, 80972855.0, 80972855.0, 80972855.0, 80972855.0, 80972855.0, 80972855.0, 80972855.0, 80972855.0, 80972855.0]",manufacturer,23,Demand: 5 - Capacity: innacurate_forecast,4.968e-05
LG_Chem,"[43536522.0, 43702188.0, 43493336.0, 43441123.0, 43623868.0, 43702188.0, 43571655.0, 43702188.0, 41813277.0, 43702188.0]",manufacturer,23,Demand: 5 - Capacity: innacurate_forecast,4.968e-05
Merck_Sharp,"[56991052.0, 56991052.0, 56991052.0, 56991052.0, 56991052.0, 56991052.0, 56991052.0, 56991052.0, 56991052.0, 56991052.0]",manufacturer,23,Demand: 5 - Capacity: innacurate_forecast,4.968e-05
PT_Bio,"[45864272.0, 45911731.0, 45911731.0, 45911731.0, 45436226.0, 45911731.0, 45911731.0, 45911731.0, 45786458.0, 45911731.0]",manufacturer,23,Demand: 5 - Capacity: innacurate_forecast,4.968e-05
Panacea_Biotec,"[10874165.0, 10874165.0, 10874165.0, 10874165.0, 10874165.0, 10874165.0, 10874165.0, 10874165.0, 10378216.0, 10874165.0]",manufacturer,23,Demand: 5 - Capacity: innacurate_forecast,4.968e-05
Pfizer,"[83916974.0, 83916974.0, 83916974.0, 79721125.0, 83916974.0, 83916974.0, 83916974.0, 83916974.0, 83916974.0, 83916974.0]",manufacturer,23,Demand: 5 - Capacity: innacurate_forecast,4.968e-05
Sanofi,"[87429432.0, 87429432.0, 82229737.0, 80966413.0, 85490526.0, 87429432.0, 84197922.0, 87429432.0, 87429432.0, 87429432.0]",manufacturer,23,Demand: 5 - Capacity: innacurate_forecast,4.968e-05
Serum_Institute,"[586930899.0, 587114096.0, 584689002.0, 586897667.0, 584474822.0, 583233946.0, 587114096.0, 587114096.0, 582147838.0, 587114096.0]",manufacturer,23,Demand: 5 - Capacity: innacurate_forecast,4.968e-05
Diphtheria,"[596906900 558336500 812533400 660834400 686912400 1059413800 1410783900
 1252908300 953910300 1577938400]",antigen,24,Demand: 4 - Capacity: innacurate_forecast,0.00017756
HPV,"[26509800 35593800 41761900 46914800 51357500 59171600 66488200 73483500
 84634900 80794100]",antigen,24,Demand: 4 - Capacity: innacurate_forecast,0.00017756
Hepatitis_B,"[398538000 411746900 404101000 294154800 354466900 365673200 370291900
 345678000 544177700 350602700]",antigen,24,Demand: 4 - Capacity: innacurate_forecast,0.00017756
Hib,"[290485200 340862100 301672100 347190200 369051400 309998000 379238500
 385344800 435675100 417032400]",antigen,24,Demand: 4 - Capacity: innacurate_forecast,0.00017756
Measles,"[396235400 525423200 507983700 478856400 600172200 551044600 684851800
 969568700 991050500 1391486700]",antigen,24,Demand: 4 - Capacity: innacurate_forecast,0.00017756
Mumps,"[20805100 27986400 29062300 31362300 32914000 34978900 49196300 36209300
 95135900 77415800]",antigen,24,Demand: 4 - Capacity: innacurate_forecast,0.00017756
PCV,"[228025000 270527400 333973500 349599500 355922500 316447400 486664800
 392780800 529487100 752423700]",antigen,24,Demand: 4 - Capacity: innacurate_forecast,0.00017756
Pertussis,"[357621300 377952200 350446900 353376700 336929700 391426500 366153900
 441004100 330439000 377938400]",antigen,24,Demand: 4 - Capacity: innacurate_forecast,0.00017756
Polio,"[674623000 620549000 675000300 664288500 754280400 831403500 798232300
 929329300 980424200 648707300]",antigen,24,Demand: 4 - Capacity: innacurate_forecast,0.00017756
Rotavirus,"[201197500 175155800 196664100 220157400 319305100 338422000 450422500
 421255000 854993100 366912800]",antigen,24,Demand: 4 - Capacity: innacurate_forecast,0.00017756
Rubella,"[309860900 475793600 289321200 346819600 619977400 600887700 656546100
 670139400 781452000 1090014900]",antigen,24,Demand: 4 - Capacity: innacurate_forecast,0.00017756
Tetanus,"[609169300 660966800 613254200 610941500 740616500 723857000 682591200
 680463400 718420600 828807600]",antigen,24,Demand: 4 - Capacity: innacurate_forecast,0.00017756
AJ_Vaccines,"[7711003.0, 7711003.0, 7094122.0, 6939902.0, 7479673.0, 7711003.0, 7325452.0, 7711003.0, 7711003.0, 7711003.0]",manufacturer,24,Demand: 4 - Capacity: innacurate_forecast,0.00017756
BB_NCIPD,"[39147073.0, 39223956.0, 39223956.0, 39223956.0, 39223956.0, 39223956.0, 39223956.0, 39223956.0, 39223956.0, 39223956.0]",manufacturer,24,Demand: 4 - Capacity: innacurate_forecast,0.00017756
Bharat_Biotech,"[61029105.0, 61029105.0, 61029105.0, 61029105.0, 61029105.0, 61029105.0, 61029105.0, 61029105.0, 61029105.0, 61029105.0]",manufacturer,24,Demand: 4 - Capacity: innacurate_forecast,0.00017756
Bilthoven,"[12048153.0, 12048153.0, 11084301.0, 10843338.0, 11686709.0, 12048153.0, 11445746.0, 12048153.0, 12048153.0, 12048153.0]",manufacturer,24,Demand: 4 - Capacity: innacurate_forecast,0.00017756
Biological_E,"[164885690.0, 164885690.0, 164256564.0, 164885690.0, 164885690.0, 163879088.0, 164885690.0, 164885690.0, 162529472.0, 164885690.0]",manufacturer,24,Demand: 4 - Capacity: innacurate_forecast,0.00017756
China_National,"[12812242.0, 12812242.0, 12812242.0, 12812242.0, 12812242.0, 12812242.0, 12812242.0, 12812242.0, 12812242.0, 12812242.0]",manufacturer,24,Demand: 4 - Capacity: innacurate_forecast,0.00017756
GSK,"[226762686.0, 226762686.0, 226762686.0, 223728150.0, 226762686.0, 226762686.0, 226762686.0, 226762686.0, 226762686.0, 226762686.0]",manufacturer,24,Demand: 4 - Capacity: innacurate_forecast,0.00017756
Haffkine_Bio,"[80972855.0, 80972855.0, 80972855.0, 80972855.0, 80972855.0, 80972855.0, 80972855.0, 80972855.0, 80972855.0, 80972855.0]",manufacturer,24,Demand: 4 - Capacity: innacurate_forecast,0.00017756
LG_Chem,"[43536522.0, 43702188.0, 43493336.0, 43441123.0, 43623868.0, 43702188.0, 43571655.0, 43702188.0, 41813277.0, 43702188.0]",manufacturer,24,Demand: 4 - Capacity: innacurate_forecast,0.00017756
Merck_Sharp,"[56991052.0, 56991052.0, 56991052.0, 56991052.0, 56991052.0, 56991052.0, 56991052.0, 56991052.0, 56991052.0, 56991052.0]",manufacturer,24,Demand: 4 - Capacity: innacurate_forecast,0.00017756
PT_Bio,"[45864272.0, 45911731.0, 45911731.0, 45911731.0, 45436226.0, 45911731.0, 45911731.0, 45911731.0, 45786458.0, 45911731.0]",manufacturer,24,Demand: 4 - Capacity: innacurate_forecast,0.00017756
Panacea_Biotec,"[10874165.0, 10874165.0, 10874165.0, 10874165.0, 10874165.0, 10874165.0, 10874165.0, 10874165.0, 10378216.0, 10874165.0]",manufacturer,24,Demand: 4 - Capacity: innacurate_forecast,0.00017756
Pfizer,"[83916974.0, 83916974.0, 83916974.0, 79721125.0, 83916974.0, 83916974.0, 83916974.0, 83916974.0, 83916974.0, 83916974.0]",manufacturer,24,Demand: 4 - Capacity: innacurate_forecast,0.00017756
Sanofi,"[87429432.0, 87429432.0, 82229737.0, 80966413.0, 85490526.0, 87429432.0, 84197922.0, 87429432.0, 87429432.0, 87429432.0]",manufacturer,24,Demand: 4 - Capacity: innacurate_forecast,0.00017756
Serum_Institute,"[586930899.0, 587114096.0, 584689002.0, 586897667.0, 584474822.0, 583233946.0, 587114096.0, 587114096.0, 582147838.0, 587114096.0]",manufacturer,24,Demand: 4 - Capacity: innacurate_forecast,0.00017756
Diphtheria,"[690293000 540644300 663354000 1033467400 832363600 964285900 1484889200
 781961600 1006661500 199939900]",antigen,25,Demand: 2 - Capacity: innacurate_forecast,4.324e-05
HPV,"[27408100 36795300 44960900 42153100 54014700 57247900 67205500 74837800
 78713600 88601800]",antigen,25,Demand: 2 - Capacity: innacurate_forecast,4.324e-05
Hepatitis_B,"[410703700 394726600 455058800 440667600 324876000 458683900 473285200
 433237300 448206300 436645900]",antigen,25,Demand: 2 - Capacity: innacurate_forecast,4.324e-05
Hib,"[308462400 308564000 317849200 348113400 353835500 364190100 361704000
 387351100 363068900 408753500]",antigen,25,Demand: 2 - Capacity: innacurate_forecast,4.324e-05
Measles,"[520688600 599384600 741765500 584291600 610795400 751325700 699010900
 831020100 825941600 1061105100]",antigen,25,Demand: 2 - Capacity: innacurate_forecast,4.324e-05
Mumps,"[22927300 20932900 31158300 29486900 34069800 45473700 44507600 44743800
 56776500 52293200]",antigen,25,Demand: 2 - Capacity: innacurate_forecast,4.324e-05
PCV,"[229980600 255538100 322750600 318306500 363296300 369410900 285323300
 435396500 470226400 530917400]",antigen,25,Demand: 2 - Capacity: innacurate_forecast,4.324e-05
Pertussis,"[330913600 348707600 372077900 358905200 359328000 361641600 392197100
 366714000 428874500 446770700]",antigen,25,Demand: 2 - Capacity: innacurate_forecast,4.324e-05
Polio,"[597194100 677401000 776170500 676082100 773974800 869915700 861400800
 863844100 895666700 960509500]",antigen,25,Demand: 2 - Capacity: innacurate_forecast,4.324e-05
Rotavirus,"[176924600 219261400 246960500 200506000 250245900 309212600 359689500
 642248900 549276900 702456800]",antigen,25,Demand: 2 - Capacity: innacurate_forecast,4.324e-05
Rubella,"[375199800 541952100 425153100 568072300 445714300 717977700 625043900
 769890300 719103700 840127000]",antigen,25,Demand: 2 - Capacity: innacurate_forecast,4.324e-05
Tetanus,"[629499200 631449500 590716800 662222000 654131200 630990900 743740500
 701074300 765625500 736675300]",antigen,25,Demand: 2 - Capacity: innacurate_forecast,4.324e-05
AJ_Vaccines,"[7711003.0, 7711003.0, 7094122.0, 6939902.0, 7479673.0, 7711003.0, 7325452.0, 7711003.0, 7711003.0, 7711003.0]",manufacturer,25,Demand: 2 - Capacity: innacurate_forecast,4.324e-05
BB_NCIPD,"[39147073.0, 39223956.0, 39223956.0, 39223956.0, 39223956.0, 39223956.0, 39223956.0, 39223956.0, 39223956.0, 39223956.0]",manufacturer,25,Demand: 2 - Capacity: innacurate_forecast,4.324e-05
Bharat_Biotech,"[61029105.0, 61029105.0, 61029105.0, 61029105.0, 61029105.0, 61029105.0, 61029105.0, 61029105.0, 61029105.0, 61029105.0]",manufacturer,25,Demand: 2 - Capacity: innacurate_forecast,4.324e-05
Bilthoven,"[12048153.0, 12048153.0, 11084301.0, 10843338.0, 11686709.0, 12048153.0, 11445746.0, 12048153.0, 12048153.0, 12048153.0]",manufacturer,25,Demand: 2 - Capacity: innacurate_forecast,4.324e-05
Biological_E,"[164885690.0, 164885690.0, 164256564.0, 164885690.0, 164885690.0, 163879088.0, 164885690.0, 164885690.0, 162529472.0, 164885690.0]",manufacturer,25,Demand: 2 - Capacity: innacurate_forecast,4.324e-05
China_National,"[12812242.0, 12812242.0, 12812242.0, 12812242.0, 12812242.0, 12812242.0, 12812242.0, 12812242.0, 12812242.0, 12812242.0]",manufacturer,25,Demand: 2 - Capacity: innacurate_forecast,4.324e-05
GSK,"[226762686.0, 226762686.0, 226762686.0, 223728150.0, 226762686.0, 226762686.0, 226762686.0, 226762686.0, 226762686.0, 226762686.0]",manufacturer,25,Demand: 2 - Capacity: innacurate_forecast,4.324e-05
Haffkine_Bio,"[80972855.0, 80972855.0, 80972855.0, 80972855.0, 80972855.0, 80972855.0, 80972855.0, 80972855.0, 80972855.0, 80972855.0]",manufacturer,25,Demand: 2 - Capacity: innacurate_forecast,4.324e-05
LG_Chem,"[43536522.0, 43702188.0, 43493336.0, 43441123.0, 43623868.0, 43702188.0, 43571655.0, 43702188.0, 41813277.0, 43702188.0]",manufacturer,25,Demand: 2 - Capacity: innacurate_forecast,4.324e-05
Merck_Sharp,"[56991052.0, 56991052.0, 56991052.0, 56991052.0, 56991052.0, 56991052.0, 56991052.0, 56991052.0, 56991052.0, 56991052.0]",manufacturer,25,Demand: 2 - Capacity: innacurate_forecast,4.324e-05
PT_Bio,"[45864272.0, 45911731.0, 45911731.0, 45911731.0, 45436226.0, 45911731.0, 45911731.0, 45911731.0, 45786458.0, 45911731.0]",manufacturer,25,Demand: 2 - Capacity: innacurate_forecast,4.324e-05
Panacea_Biotec,"[10874165.0, 10874165.0, 10874165.0, 10874165.0, 10874165.0, 10874165.0, 10874165.0, 10874165.0, 10378216.0, 10874165.0]",manufacturer,25,Demand: 2 - Capacity: innacurate_forecast,4.324e-05
Pfizer,"[83916974.0, 83916974.0, 83916974.0, 79721125.0, 83916974.0, 83916974.0, 83916974.0, 83916974.0, 83916974.0, 83916974.0]",manufacturer,25,Demand: 2 - Capacity: innacurate_forecast,4.324e-05
Sanofi,"[87429432.0, 87429432.0, 82229737.0, 80966413.0, 85490526.0, 87429432.0, 84197922.0, 87429432.0, 87429432.0, 87429432.0]",manufacturer,25,Demand: 2 - Capacity: innacurate_forecast,4.324e-05
Serum_Institute,"[586930899.0, 587114096.0, 584689002.0, 586897667.0, 584474822.0, 583233946.0, 587114096.0, 587114096.0, 582147838.0, 587114096.0]",manufacturer,25,Demand: 2 - Capacity: innacurate_forecast,4.324e-05
Diphtheria,"[596906900 558336500 812533400 660834400 686912400 1059413800 1410783900
 1252908300 953910300 1577938400]",antigen,26,Demand: 4 - Capacity: supply_chain,0.00044776
HPV,"[26509800 35593800 41761900 46914800 51357500 59171600 66488200 73483500
 84634900 80794100]",antigen,26,Demand: 4 - Capacity: supply_chain,0.00044776
Hepatitis_B,"[398538000 411746900 404101000 294154800 354466900 365673200 370291900
 345678000 544177700 350602700]",antigen,26,Demand: 4 - Capacity: supply_chain,0.00044776
Hib,"[290485200 340862100 301672100 347190200 369051400 309998000 379238500
 385344800 435675100 417032400]",antigen,26,Demand: 4 - Capacity: supply_chain,0.00044776
Measles,"[396235400 525423200 507983700 478856400 600172200 551044600 684851800
 969568700 991050500 1391486700]",antigen,26,Demand: 4 - Capacity: supply_chain,0.00044776
Mumps,"[20805100 27986400 29062300 31362300 32914000 34978900 49196300 36209300
 95135900 77415800]",antigen,26,Demand: 4 - Capacity: supply_chain,0.00044776
PCV,"[228025000 270527400 333973500 349599500 355922500 316447400 486664800
 392780800 529487100 752423700]",antigen,26,Demand: 4 - Capacity: supply_chain,0.00044776
Pertussis,"[357621300 377952200 350446900 353376700 336929700 391426500 366153900
 441004100 330439000 377938400]",antigen,26,Demand: 4 - Capacity: supply_chain,0.00044776
Polio,"[674623000 620549000 675000300 664288500 754280400 831403500 798232300
 929329300 980424200 648707300]",antigen,26,Demand: 4 - Capacity: supply_chain,0.00044776
Rotavirus,"[201197500 175155800 196664100 220157400 319305100 338422000 450422500
 421255000 854993100 366912800]",antigen,26,Demand: 4 - Capacity: supply_chain,0.00044776
Rubella,"[309860900 475793600 289321200 346819600 619977400 600887700 656546100
 670139400 781452000 1090014900]",antigen,26,Demand: 4 - Capacity: supply_chain,0.00044776
Tetanus,"[609169300 660966800 613254200 610941500 740616500 723857000 682591200
 680463400 718420600 828807600]",antigen,26,Demand: 4 - Capacity: supply_chain,0.00044776
AJ_Vaccines,"[7711003.0, 7711003.0, 7094122.0, 6939902.0, 7479673.0, 7711003.0, 7325452.0, 7711003.0, 7711003.0, 7711003.0]",manufacturer,26,Demand: 4 - Capacity: supply_chain,0.00044776
BB_NCIPD,"[39147073.0, 39223956.0, 39223956.0, 39120138.0, 39223956.0, 39223956.0, 39223956.0, 39223956.0, 39223956.0, 39223956.0]",manufacturer,26,Demand: 4 - Capacity: supply_chain,0.00044776
Bharat_Biotech,"[61029105.0, 61029105.0, 61029105.0, 61029105.0, 61029105.0, 61029105.0, 58151969.0, 61029105.0, 61029105.0, 61029105.0]",manufacturer,26,Demand: 4 - Capacity: supply_chain,0.00044776
Bilthoven,"[12048153.0, 12048153.0, 11084301.0, 10843338.0, 11686709.0, 12048153.0, 11445746.0, 12048153.0, 12048153.0, 12048153.0]",manufacturer,26,Demand: 4 - Capacity: supply_chain,0.00044776
Biological_E,"[164256564.0, 164885690.0, 164256564.0, 164544872.0, 164885690.0, 163879088.0, 164885690.0, 164885690.0, 162529472.0, 164885690.0]",manufacturer,26,Demand: 4 - Capacity: supply_chain,0.00044776
China_National,"[12812242.0, 12694709.0, 12812242.0, 12812242.0, 12812242.0, 12812242.0, 12289163.0, 12812242.0, 12812242.0, 12812242.0]",manufacturer,26,Demand: 4 - Capacity: supply_chain,0.00044776
GSK,"[226762686.0, 226519262.0, 226762686.0, 223728150.0, 226762686.0, 226762686.0, 225374680.0, 226762686.0, 226762686.0, 226762686.0]",manufacturer,26,Demand: 4 - Capacity: supply_chain,0.00044776
Haffkine_Bio,"[80972855.0, 80972855.0, 80972855.0, 80972855.0, 80972855.0, 80972855.0, 76924212.0, 80972855.0, 80972855.0, 80972855.0]",manufacturer,26,Demand: 4 - Capacity: supply_chain,0.00044776
LG_Chem,"[43536522.0, 43702188.0, 43493336.0, 43441123.0, 43623868.0, 43702188.0, 43571655.0, 43702188.0, 41813277.0, 43702188.0]",manufacturer,26,Demand: 4 - Capacity: supply_chain,0.00044776
Merck_Sharp,"[56991052.0, 54141499.0, 56991052.0, 56991052.0, 56991052.0, 56991052.0, 56991052.0, 56991052.0, 56991052.0, 56991052.0]",manufacturer,26,Demand: 4 - Capacity: supply_chain,0.00044776
PT_Bio,"[45864272.0, 45911731.0, 45911731.0, 45880741.0, 45436226.0, 45911731.0, 45388709.0, 45911731.0, 45786458.0, 45911731.0]",manufacturer,26,Demand: 4 - Capacity: supply_chain,0.00044776
Panacea_Biotec,"[10874165.0, 10874165.0, 10874165.0, 10874165.0, 10874165.0, 10874165.0, 10826407.0, 10874165.0, 10378216.0, 10874165.0]",manufacturer,26,Demand: 4 - Capacity: supply_chain,0.00044776
Pfizer,"[83916974.0, 83916974.0, 83916974.0, 79721125.0, 83916974.0, 83916974.0, 83916974.0, 83916974.0, 83916974.0, 83916974.0]",manufacturer,26,Demand: 4 - Capacity: supply_chain,0.00044776
Sanofi,"[87429432.0, 87429432.0, 82229737.0, 80966413.0, 85490526.0, 87429432.0, 83076260.0, 87429432.0, 87429432.0, 87429432.0]",manufacturer,26,Demand: 4 - Capacity: supply_chain,0.00044776
Serum_Institute,"[584505805.0, 587114096.0, 584689002.0, 586795811.0, 584474822.0, 583233946.0, 580252583.0, 587114096.0, 582147838.0, 587114096.0]",manufacturer,26,Demand: 4 - Capacity: supply_chain,0.00044776
Diphtheria,"[570550200 619539900 626455400 594496900 595980200 587103300 593084700
 587954100 594707400 600159000]",antigen,27,Demand: 1 - Capacity: supply_chain,0.00464
HPV,"[18988200 18779800 27460000 72849500 92670600 64703800 42237000 42368400
 33730500 35038500]",antigen,27,Demand: 1 - Capacity: supply_chain,0.00464
Hepatitis_B,"[312284600 343008200 351717800 334973600 334455600 328430100 332308900
 328200500 332214900 335525400]",antigen,27,Demand: 1 - Capacity: supply_chain,0.00464
Hib,"[259536200 282777100 287252900 274027900 274339400 270041300 273119600
 270415600 273713400 276715500]",antigen,27,Demand: 1 - Capacity: supply_chain,0.00464
Measles,"[420097000 358616900 394831600 346093200 377569100 407486200 271512200
 386591100 290515900 326808200]",antigen,27,Demand: 1 - Capacity: supply_chain,0.00464
Mumps,"[26052200 26626400 25785400 25268100 23536200 16205400 18650400 8909600
 10718500 12977700]",antigen,27,Demand: 1 - Capacity: supply_chain,0.00464
PCV,"[160800200 186996100 209165500 205938500 220998700 219106600 222271100
 217335600 218764600 220234300]",antigen,27,Demand: 1 - Capacity: supply_chain,0.00464
Pertussis,"[320662700 347414000 352464600 335977000 334855300 328035800 331237500
 328308900 331462200 334312000]",antigen,27,Demand: 1 - Capacity: supply_chain,0.00464
Polio,"[522182000 582182300 608631800 590689600 591743500 572503000 130824100
 128516200 130807300 132956000]",antigen,27,Demand: 1 - Capacity: supply_chain,0.00464
Rotavirus,"[142479000 166422100 173751400 186328400 197668300 205652300 209552800
 207355600 209606300 211802800]",antigen,27,Demand: 1 - Capacity: supply_chain,0.00464
Rubella,"[357331300 254011400 304621400 276893800 291347300 386542700 259074600
 385691400 289592400 325856600]",antigen,27,Demand: 1 - Capacity: supply_chain,0.00464
Tetanus,"[577730200 626351000 633278500 601333100 598872900 590040100 596064300
 590973100 597764600 603248400]",antigen,27,Demand: 1 - Capacity: supply_chain,0.00464
AJ_Vaccines,"[7711003.0, 7711003.0, 7094122.0, 6939902.0, 7479673.0, 7711003.0, 7325452.0, 7711003.0, 7711003.0, 7711003.0]",manufacturer,27,Demand: 1 - Capacity: supply_chain,0.00464
BB_NCIPD,"[39147073.0, 39223956.0, 39223956.0, 39120138.0, 39223956.0, 39223956.0, 39223956.0, 39223956.0, 39223956.0, 39223956.0]",manufacturer,27,Demand: 1 - Capacity: supply_chain,0.00464
Bharat_Biotech,"[61029105.0, 61029105.0, 61029105.0, 61029105.0, 61029105.0, 61029105.0, 58151969.0, 61029105.0, 61029105.0, 61029105.0]",manufacturer,27,Demand: 1 - Capacity: supply_chain,0.00464
Bilthoven,"[12048153.0, 12048153.0, 11084301.0, 10843338.0, 11686709.0, 12048153.0, 11445746.0, 12048153.0, 12048153.0, 12048153.0]",manufacturer,27,Demand: 1 - Capacity: supply_chain,0.00464
Biological_E,"[164256564.0, 164885690.0, 164256564.0, 164544872.0, 164885690.0, 163879088.0, 164885690.0, 164885690.0, 162529472.0, 164885690.0]",manufacturer,27,Demand: 1 - Capacity: supply_chain,0.00464
China_National,"[12812242.0, 12694709.0, 12812242.0, 12812242.0, 12812242.0, 12812242.0, 12289163.0, 12812242.0, 12812242.0, 12812242.0]",manufacturer,27,Demand: 1 - Capacity: supply_chain,0.00464
GSK,"[226762686.0, 226519262.0, 226762686.0, 223728150.0, 226762686.0, 226762686.0, 225374680.0, 226762686.0, 226762686.0, 226762686.0]",manufacturer,27,Demand: 1 - Capacity: supply_chain,0.00464
Haffkine_Bio,"[80972855.0, 80972855.0, 80972855.0, 80972855.0, 80972855.0, 80972855.0, 76924212.0, 80972855.0, 80972855.0, 80972855.0]",manufacturer,27,Demand: 1 - Capacity: supply_chain,0.00464
LG_Chem,"[43536522.0, 43702188.0, 43493336.0, 43441123.0, 43623868.0, 43702188.0, 43571655.0, 43702188.0, 41813277.0, 43702188.0]",manufacturer,27,Demand: 1 - Capacity: supply_chain,0.00464
Merck_Sharp,"[56991052.0, 54141499.0, 56991052.0, 56991052.0, 56991052.0, 56991052.0, 56991052.0, 56991052.0, 56991052.0, 56991052.0]",manufacturer,27,Demand: 1 - Capacity: supply_chain,0.00464
PT_Bio,"[45864272.0, 45911731.0, 45911731.0, 45880741.0, 45436226.0, 45911731.0, 45388709.0, 45911731.0, 45786458.0, 45911731.0]",manufacturer,27,Demand: 1 - Capacity: supply_chain,0.00464
Panacea_Biotec,"[10874165.0, 10874165.0, 10874165.0, 10874165.0, 10874165.0, 10874165.0, 10826407.0, 10874165.0, 10378216.0, 10874165.0]",manufacturer,27,Demand: 1 - Capacity: supply_chain,0.00464
Pfizer,"[83916974.0, 83916974.0, 83916974.0, 79721125.0, 83916974.0, 83916974.0, 83916974.0, 83916974.0, 83916974.0, 83916974.0]",manufacturer,27,Demand: 1 - Capacity: supply_chain,0.00464
Sanofi,"[87429432.0, 87429432.0, 82229737.0, 80966413.0, 85490526.0, 87429432.0, 83076260.0, 87429432.0, 87429432.0, 87429432.0]",manufacturer,27,Demand: 1 - Capacity: supply_chain,0.00464
Serum_Institute,"[584505805.0, 587114096.0, 584689002.0, 586795811.0, 584474822.0, 583233946.0, 580252583.0, 587114096.0, 582147838.0, 587114096.0]",manufacturer,27,Demand: 1 - Capacity: supply_chain,0.00464
Diphtheria,"[654233900 836474800 765804800 925613800 851169600 917181600 1346325300
 1152974500 669109400 -2147483648]",antigen,28,Demand: 3 - Capacity: supply_chain,0.00047791999999999995
HPV,"[29278100 34529800 41314600 46831600 52100600 61799200 68661300 71927100
 88594400 94993400]",antigen,28,Demand: 3 - Capacity: supply_chain,0.00047791999999999995
Hepatitis_B,"[367899800 397096100 371863600 396265400 481334800 460819700 394718400
 307416400 352012500 467247100]",antigen,28,Demand: 3 - Capacity: supply_chain,0.00047791999999999995
Hib,"[296797500 286435900 324747800 327110000 358279900 386356000 373120300
 367969400 422523900 380845900]",antigen,28,Demand: 3 - Capacity: supply_chain,0.00047791999999999995
Measles,"[558200700 568584000 470701300 569931600 693752000 880470900 794733300
 944858600 1111350000 635813500]",antigen,28,Demand: 3 - Capacity: supply_chain,0.00047791999999999995
Mumps,"[25298900 35825600 28309600 34167200 56941500 34282800 52971000 61662700
 54703300 79141000]",antigen,28,Demand: 3 - Capacity: supply_chain,0.00047791999999999995
PCV,"[217304000 262275300 327108600 328942400 372129800 353796500 370562100
 492289800 466028200 179323800]",antigen,28,Demand: 3 - Capacity: supply_chain,0.00047791999999999995
Pertussis,"[376053500 329574100 385604700 351618800 410530100 375193000 363350500
 364705100 397681100 335678000]",antigen,28,Demand: 3 - Capacity: supply_chain,0.00047791999999999995
Polio,"[629319000 636390100 756892800 753580500 795712200 761560800 823600500
 812364000 750291200 951616700]",antigen,28,Demand: 3 - Capacity: supply_chain,0.00047791999999999995
Rotavirus,"[185622400 219556000 256011100 228026000 455555300 366778100 385080400
 482266900 714517200 1041382600]",antigen,28,Demand: 3 - Capacity: supply_chain,0.00047791999999999995
Rubella,"[354209400 444952700 440196700 602098200 602205300 567084600 437763600
 605256900 851193600 458658300]",antigen,28,Demand: 3 - Capacity: supply_chain,0.00047791999999999995
Tetanus,"[649813800 621341400 724413900 721858700 673652300 688070200 637263500
 692825800 620957100 607789000]",antigen,28,Demand: 3 - Capacity: supply_chain,0.00047791999999999995
AJ_Vaccines,"[7711003.0, 7711003.0, 7094122.0, 6939902.0, 7479673.0, 7711003.0, 7325452.0, 7711003.0, 7711003.0, 7711003.0]",manufacturer,28,Demand: 3 - Capacity: supply_chain,0.00047791999999999995
BB_NCIPD,"[39147073.0, 39223956.0, 39223956.0, 39120138.0, 39223956.0, 39223956.0, 39223956.0, 39223956.0, 39223956.0, 39223956.0]",manufacturer,28,Demand: 3 - Capacity: supply_chain,0.00047791999999999995
Bharat_Biotech,"[61029105.0, 61029105.0, 61029105.0, 61029105.0, 61029105.0, 61029105.0, 58151969.0, 61029105.0, 61029105.0, 61029105.0]",manufacturer,28,Demand: 3 - Capacity: supply_chain,0.00047791999999999995
Bilthoven,"[12048153.0, 12048153.0, 11084301.0, 10843338.0, 11686709.0, 12048153.0, 11445746.0, 12048153.0, 12048153.0, 12048153.0]",manufacturer,28,Demand: 3 - Capacity: supply_chain,0.00047791999999999995
Biological_E,"[164256564.0, 164885690.0, 164256564.0, 164544872.0, 164885690.0, 163879088.0, 164885690.0, 164885690.0, 162529472.0, 164885690.0]",manufacturer,28,Demand: 3 - Capacity: supply_chain,0.00047791999999999995
China_National,"[12812242.0, 12694709.0, 12812242.0, 12812242.0, 12812242.0, 12812242.0, 12289163.0, 12812242.0, 12812242.0, 12812242.0]",manufacturer,28,Demand: 3 - Capacity: supply_chain,0.00047791999999999995
GSK,"[226762686.0, 226519262.0, 226762686.0, 223728150.0, 226762686.0, 226762686.0, 225374680.0, 226762686.0, 226762686.0, 226762686.0]",manufacturer,28,Demand: 3 - Capacity: supply_chain,0.00047791999999999995
Haffkine_Bio,"[80972855.0, 80972855.0, 80972855.0, 80972855.0, 80972855.0, 80972855.0, 76924212.0, 80972855.0, 80972855.0, 80972855.0]",manufacturer,28,Demand: 3 - Capacity: supply_chain,0.00047791999999999995
LG_Chem,"[43536522.0, 43702188.0, 43493336.0, 43441123.0, 43623868.0, 43702188.0, 43571655.0, 43702188.0, 41813277.0, 43702188.0]",manufacturer,28,Demand: 3 - Capacity: supply_chain,0.00047791999999999995
Merck_Sharp,"[56991052.0, 54141499.0, 56991052.0, 56991052.0, 56991052.0, 56991052.0, 56991052.0, 56991052.0, 56991052.0, 56991052.0]",manufacturer,28,Demand: 3 - Capacity: supply_chain,0.00047791999999999995
PT_Bio,"[45864272.0, 45911731.0, 45911731.0, 45880741.0, 45436226.0, 45911731.0, 45388709.0, 45911731.0, 45786458.0, 45911731.0]",manufacturer,28,Demand: 3 - Capacity: supply_chain,0.00047791999999999995
Panacea_Biotec,"[10874165.0, 10874165.0, 10874165.0, 10874165.0, 10874165.0, 10874165.0, 10826407.0, 10874165.0, 10378216.0, 10874165.0]",manufacturer,28,Demand: 3 - Capacity: supply_chain,0.00047791999999999995
Pfizer,"[83916974.0, 83916974.0, 83916974.0, 79721125.0, 83916974.0, 83916974.0, 83916974.0, 83916974.0, 83916974.0, 83916974.0]",manufacturer,28,Demand: 3 - Capacity: supply_chain,0.00047791999999999995
Sanofi,"[87429432.0, 87429432.0, 82229737.0, 80966413.0, 85490526.0, 87429432.0, 83076260.0, 87429432.0, 87429432.0, 87429432.0]",manufacturer,28,Demand: 3 - Capacity: supply_chain,0.00047791999999999995
Serum_Institute,"[584505805.0, 587114096.0, 584689002.0, 586795811.0, 584474822.0, 583233946.0, 580252583.0, 587114096.0, 582147838.0, 587114096.0]",manufacturer,28,Demand: 3 - Capacity: supply_chain,0.00047791999999999995
Diphtheria,"[690293000 540644300 663354000 1033467400 832363600 964285900 1484889200
 781961600 1006661500 199939900]",antigen,29,Demand: 2 - Capacity: supply_chain,0.00010904
HPV,"[27408100 36795300 44960900 42153100 54014700 57247900 67205500 74837800
 78713600 88601800]",antigen,29,Demand: 2 - Capacity: supply_chain,0.00010904
Hepatitis_B,"[410703700 394726600 455058800 440667600 324876000 458683900 473285200
 433237300 448206300 436645900]",antigen,29,Demand: 2 - Capacity: supply_chain,0.00010904
Hib,"[308462400 308564000 317849200 348113400 353835500 364190100 361704000
 387351100 363068900 408753500]",antigen,29,Demand: 2 - Capacity: supply_chain,0.00010904
Measles,"[520688600 599384600 741765500 584291600 610795400 751325700 699010900
 831020100 825941600 1061105100]",antigen,29,Demand: 2 - Capacity: supply_chain,0.00010904
Mumps,"[22927300 20932900 31158300 29486900 34069800 45473700 44507600 44743800
 56776500 52293200]",antigen,29,Demand: 2 - Capacity: supply_chain,0.00010904
PCV,"[229980600 255538100 322750600 318306500 363296300 369410900 285323300
 435396500 470226400 530917400]",antigen,29,Demand: 2 - Capacity: supply_chain,0.00010904
Pertussis,"[330913600 348707600 372077900 358905200 359328000 361641600 392197100
 366714000 428874500 446770700]",antigen,29,Demand: 2 - Capacity: supply_chain,0.00010904
Polio,"[597194100 677401000 776170500 676082100 773974800 869915700 861400800
 863844100 895666700 960509500]",antigen,29,Demand: 2 - Capacity: supply_chain,0.00010904
Rotavirus,"[176924600 219261400 246960500 200506000 250245900 309212600 359689500
 642248900 549276900 702456800]",antigen,29,Demand: 2 - Capacity: supply_chain,0.00010904
Rubella,"[375199800 541952100 425153100 568072300 445714300 717977700 625043900
 769890300 719103700 840127000]",antigen,29,Demand: 2 - Capacity: supply_chain,0.00010904
Tetanus,"[629499200 631449500 590716800 662222000 654131200 630990900 743740500
 701074300 765625500 736675300]",antigen,29,Demand: 2 - Capacity: supply_chain,0.00010904
AJ_Vaccines,"[7711003.0, 7711003.0, 7094122.0, 6939902.0, 7479673.0, 7711003.0, 7325452.0, 7711003.0, 7711003.0, 7711003.0]",manufacturer,29,Demand: 2 - Capacity: supply_chain,0.00010904
BB_NCIPD,"[39147073.0, 39223956.0, 39223956.0, 39120138.0, 39223956.0, 39223956.0, 39223956.0, 39223956.0, 39223956.0, 39223956.0]",manufacturer,29,Demand: 2 - Capacity: supply_chain,0.00010904
Bharat_Biotech,"[61029105.0, 61029105.0, 61029105.0, 61029105.0, 61029105.0, 61029105.0, 58151969.0, 61029105.0, 61029105.0, 61029105.0]",manufacturer,29,Demand: 2 - Capacity: supply_chain,0.00010904
Bilthoven,"[12048153.0, 12048153.0, 11084301.0, 10843338.0, 11686709.0, 12048153.0, 11445746.0, 12048153.0, 12048153.0, 12048153.0]",manufacturer,29,Demand: 2 - Capacity: supply_chain,0.00010904
Biological_E,"[164256564.0, 164885690.0, 164256564.0, 164544872.0, 164885690.0, 163879088.0, 164885690.0, 164885690.0, 162529472.0, 164885690.0]",manufacturer,29,Demand: 2 - Capacity: supply_chain,0.00010904
China_National,"[12812242.0, 12694709.0, 12812242.0, 12812242.0, 12812242.0, 12812242.0, 12289163.0, 12812242.0, 12812242.0, 12812242.0]",manufacturer,29,Demand: 2 - Capacity: supply_chain,0.00010904
GSK,"[226762686.0, 226519262.0, 226762686.0, 223728150.0, 226762686.0, 226762686.0, 225374680.0, 226762686.0, 226762686.0, 226762686.0]",manufacturer,29,Demand: 2 - Capacity: supply_chain,0.00010904
Haffkine_Bio,"[80972855.0, 80972855.0, 80972855.0, 80972855.0, 80972855.0, 80972855.0, 76924212.0, 80972855.0, 80972855.0, 80972855.0]",manufacturer,29,Demand: 2 - Capacity: supply_chain,0.00010904
LG_Chem,"[43536522.0, 43702188.0, 43493336.0, 43441123.0, 43623868.0, 43702188.0, 43571655.0, 43702188.0, 41813277.0, 43702188.0]",manufacturer,29,Demand: 2 - Capacity: supply_chain,0.00010904
Merck_Sharp,"[56991052.0, 54141499.0, 56991052.0, 56991052.0, 56991052.0, 56991052.0, 56991052.0, 56991052.0, 56991052.0, 56991052.0]",manufacturer,29,Demand: 2 - Capacity: supply_chain,0.00010904
PT_Bio,"[45864272.0, 45911731.0, 45911731.0, 45880741.0, 45436226.0, 45911731.0, 45388709.0, 45911731.0, 45786458.0, 45911731.0]",manufacturer,29,Demand: 2 - Capacity: supply_chain,0.00010904
Panacea_Biotec,"[10874165.0, 10874165.0, 10874165.0, 10874165.0, 10874165.0, 10874165.0, 10826407.0, 10874165.0, 10378216.0, 10874165.0]",manufacturer,29,Demand: 2 - Capacity: supply_chain,0.00010904
Pfizer,"[83916974.0, 83916974.0, 83916974.0, 79721125.0, 83916974.0, 83916974.0, 83916974.0, 83916974.0, 83916974.0, 83916974.0]",manufacturer,29,Demand: 2 - Capacity: supply_chain,0.00010904
Sanofi,"[87429432.0, 87429432.0, 82229737.0, 80966413.0, 85490526.0, 87429432.0, 83076260.0, 87429432.0, 87429432.0, 87429432.0]",manufacturer,29,Demand: 2 - Capacity: supply_chain,0.00010904
Serum_Institute,"[584505805.0, 587114096.0, 584689002.0, 586795811.0, 584474822.0, 583233946.0, 580252583.0, 587114096.0, 582147838.0, 587114096.0]",manufacturer,29,Demand: 2 - Capacity: supply_chain,0.00010904
Diphtheria,"[743387800 718494700 836301100 720152500 761304900 1033130400 1046414400
 1046244900 -2147483648 1368714300]",antigen,30,Demand: 5 - Capacity: supply_chain,0.00012528
HPV,"[26621500 38049900 42725200 46993500 54230900 60065400 65293500 74388900
 68226900 92640900]",antigen,30,Demand: 5 - Capacity: supply_chain,0.00012528
Hepatitis_B,"[358192200 354219100 361021300 411500900 475530300 470809100 452294400
 416526500 568066500 503505000]",antigen,30,Demand: 5 - Capacity: supply_chain,0.00012528
Hib,"[292457000 315010000 326207300 332843200 350062400 362530200 399440500
 394371600 351868000 351641500]",antigen,30,Demand: 5 - Capacity: supply_chain,0.00012528
Measles,"[403209300 477992600 574350300 589385100 625684300 571410200 1164655200
 647187900 942801300 1502330400]",antigen,30,Demand: 5 - Capacity: supply_chain,0.00012528
Mumps,"[28568900 44316300 29910400 42925000 43035900 34138600 37070300 62755300
 51887400 32244300]",antigen,30,Demand: 5 - Capacity: supply_chain,0.00012528
PCV,"[217608200 267216900 253205600 301483300 300469200 342484400 447616200
 324915700 327715900 505043600]",antigen,30,Demand: 5 - Capacity: supply_chain,0.00012528
Pertussis,"[355092700 355017700 382913500 346050200 324302200 373866000 390207300
 358433200 438275500 333775300]",antigen,30,Demand: 5 - Capacity: supply_chain,0.00012528
Polio,"[594500300 683925100 716534600 768555600 645396200 685236300 734718200
 992189000 1016570100 1182731700]",antigen,30,Demand: 5 - Capacity: supply_chain,0.00012528
Rotavirus,"[229454700 235817300 294116200 205158400 361673800 442510100 369726600
 502021600 283587800 884340400]",antigen,30,Demand: 5 - Capacity: supply_chain,0.00012528
Rubella,"[390927600 457092000 573694500 428027900 569926600 637772500 778011200
 633986300 266418600 590737700]",antigen,30,Demand: 5 - Capacity: supply_chain,0.00012528
Tetanus,"[661301900 640875700 698790600 606645900 707871300 661886500 558836400
 727439300 873897800 642777800]",antigen,30,Demand: 5 - Capacity: supply_chain,0.00012528
AJ_Vaccines,"[7711003.0, 7711003.0, 7094122.0, 6939902.0, 7479673.0, 7711003.0, 7325452.0, 7711003.0, 7711003.0, 7711003.0]",manufacturer,30,Demand: 5 - Capacity: supply_chain,0.00012528
BB_NCIPD,"[39147073.0, 39223956.0, 39223956.0, 39120138.0, 39223956.0, 39223956.0, 39223956.0, 39223956.0, 39223956.0, 39223956.0]",manufacturer,30,Demand: 5 - Capacity: supply_chain,0.00012528
Bharat_Biotech,"[61029105.0, 61029105.0, 61029105.0, 61029105.0, 61029105.0, 61029105.0, 58151969.0, 61029105.0, 61029105.0, 61029105.0]",manufacturer,30,Demand: 5 - Capacity: supply_chain,0.00012528
Bilthoven,"[12048153.0, 12048153.0, 11084301.0, 10843338.0, 11686709.0, 12048153.0, 11445746.0, 12048153.0, 12048153.0, 12048153.0]",manufacturer,30,Demand: 5 - Capacity: supply_chain,0.00012528
Biological_E,"[164256564.0, 164885690.0, 164256564.0, 164544872.0, 164885690.0, 163879088.0, 164885690.0, 164885690.0, 162529472.0, 164885690.0]",manufacturer,30,Demand: 5 - Capacity: supply_chain,0.00012528
China_National,"[12812242.0, 12694709.0, 12812242.0, 12812242.0, 12812242.0, 12812242.0, 12289163.0, 12812242.0, 12812242.0, 12812242.0]",manufacturer,30,Demand: 5 - Capacity: supply_chain,0.00012528
GSK,"[226762686.0, 226519262.0, 226762686.0, 223728150.0, 226762686.0, 226762686.0, 225374680.0, 226762686.0, 226762686.0, 226762686.0]",manufacturer,30,Demand: 5 - Capacity: supply_chain,0.00012528
Haffkine_Bio,"[80972855.0, 80972855.0, 80972855.0, 80972855.0, 80972855.0, 80972855.0, 76924212.0, 80972855.0, 80972855.0, 80972855.0]",manufacturer,30,Demand: 5 - Capacity: supply_chain,0.00012528
LG_Chem,"[43536522.0, 43702188.0, 43493336.0, 43441123.0, 43623868.0, 43702188.0, 43571655.0, 43702188.0, 41813277.0, 43702188.0]",manufacturer,30,Demand: 5 - Capacity: supply_chain,0.00012528
Merck_Sharp,"[56991052.0, 54141499.0, 56991052.0, 56991052.0, 56991052.0, 56991052.0, 56991052.0, 56991052.0, 56991052.0, 56991052.0]",manufacturer,30,Demand: 5 - Capacity: supply_chain,0.00012528
PT_Bio,"[45864272.0, 45911731.0, 45911731.0, 45880741.0, 45436226.0, 45911731.0, 45388709.0, 45911731.0, 45786458.0, 45911731.0]",manufacturer,30,Demand: 5 - Capacity: supply_chain,0.00012528
Panacea_Biotec,"[10874165.0, 10874165.0, 10874165.0, 10874165.0, 10874165.0, 10874165.0, 10826407.0, 10874165.0, 10378216.0, 10874165.0]",manufacturer,30,Demand: 5 - Capacity: supply_chain,0.00012528
Pfizer,"[83916974.0, 83916974.0, 83916974.0, 79721125.0, 83916974.0, 83916974.0, 83916974.0, 83916974.0, 83916974.0, 83916974.0]",manufacturer,30,Demand: 5 - Capacity: supply_chain,0.00012528
Sanofi,"[87429432.0, 87429432.0, 82229737.0, 80966413.0, 85490526.0, 87429432.0, 83076260.0, 87429432.0, 87429432.0, 87429432.0]",manufacturer,30,Demand: 5 - Capacity: supply_chain,0.00012528
Serum_Institute,"[584505805.0, 587114096.0, 584689002.0, 586795811.0, 584474822.0, 583233946.0, 580252583.0, 587114096.0, 582147838.0, 587114096.0]",manufacturer,30,Demand: 5 - Capacity: supply_chain,0.00012528
Diphtheria,"[654233900 836474800 765804800 925613800 851169600 917181600 1346325300
 1152974500 669109400 -2147483648]",antigen,31,Demand: 3 - Capacity: other,0.0022660000000000002
HPV,"[29278100 34529800 41314600 46831600 52100600 61799200 68661300 71927100
 88594400 94993400]",antigen,31,Demand: 3 - Capacity: other,0.0022660000000000002
Hepatitis_B,"[367899800 397096100 371863600 396265400 481334800 460819700 394718400
 307416400 352012500 467247100]",antigen,31,Demand: 3 - Capacity: other,0.0022660000000000002
Hib,"[296797500 286435900 324747800 327110000 358279900 386356000 373120300
 367969400 422523900 380845900]",antigen,31,Demand: 3 - Capacity: other,0.0022660000000000002
Measles,"[558200700 568584000 470701300 569931600 693752000 880470900 794733300
 944858600 1111350000 635813500]",antigen,31,Demand: 3 - Capacity: other,0.0022660000000000002
Mumps,"[25298900 35825600 28309600 34167200 56941500 34282800 52971000 61662700
 54703300 79141000]",antigen,31,Demand: 3 - Capacity: other,0.0022660000000000002
PCV,"[217304000 262275300 327108600 328942400 372129800 353796500 370562100
 492289800 466028200 179323800]",antigen,31,Demand: 3 - Capacity: other,0.0022660000000000002
Pertussis,"[376053500 329574100 385604700 351618800 410530100 375193000 363350500
 364705100 397681100 335678000]",antigen,31,Demand: 3 - Capacity: other,0.0022660000000000002
Polio,"[629319000 636390100 756892800 753580500 795712200 761560800 823600500
 812364000 750291200 951616700]",antigen,31,Demand: 3 - Capacity: other,0.0022660000000000002
Rotavirus,"[185622400 219556000 256011100 228026000 455555300 366778100 385080400
 482266900 714517200 1041382600]",antigen,31,Demand: 3 - Capacity: other,0.0022660000000000002
Rubella,"[354209400 444952700 440196700 602098200 602205300 567084600 437763600
 605256900 851193600 458658300]",antigen,31,Demand: 3 - Capacity: other,0.0022660000000000002
Tetanus,"[649813800 621341400 724413900 721858700 673652300 688070200 637263500
 692825800 620957100 607789000]",antigen,31,Demand: 3 - Capacity: other,0.0022660000000000002
AJ_Vaccines,"[7711003.0, 7711003.0, 7094122.0, 6939902.0, 7479673.0, 7711003.0, 7325452.0, 7711003.0, 7711003.0, 7711003.0]",manufacturer,31,Demand: 3 - Capacity: other,0.0022660000000000002
BB_NCIPD,"[39147073.0, 39223956.0, 39223956.0, 39120138.0, 39223956.0, 39161665.0, 39223956.0, 39223956.0, 39223956.0, 39223956.0]",manufacturer,31,Demand: 3 - Capacity: other,0.0022660000000000002
Bharat_Biotech,"[61029105.0, 61029105.0, 61029105.0, 61029105.0, 61029105.0, 61029105.0, 58151969.0, 61029105.0, 59302823.0, 61029105.0]",manufacturer,31,Demand: 3 - Capacity: other,0.0022660000000000002
Bilthoven,"[12048153.0, 12048153.0, 11084301.0, 10843338.0, 11686709.0, 12048153.0, 11445746.0, 12048153.0, 12048153.0, 12048153.0]",manufacturer,31,Demand: 3 - Capacity: other,0.0022660000000000002
Biological_E,"[164256564.0, 164885690.0, 164256564.0, 164544872.0, 164885690.0, 163674597.0, 164885690.0, 164885690.0, 162529472.0, 164885690.0]",manufacturer,31,Demand: 3 - Capacity: other,0.0022660000000000002
China_National,"[12812242.0, 12627715.0, 12812242.0, 12812242.0, 12812242.0, 12812242.0, 12289163.0, 12812242.0, 12498395.0, 12812242.0]",manufacturer,31,Demand: 3 - Capacity: other,0.0022660000000000002
GSK,"[226762686.0, 226380511.0, 226762686.0, 223728150.0, 226762686.0, 226762686.0, 225374680.0, 226762686.0, 225929882.0, 226762686.0]",manufacturer,31,Demand: 3 - Capacity: other,0.0022660000000000002
Haffkine_Bio,"[80972855.0, 80972855.0, 80972855.0, 80972855.0, 80972855.0, 80972855.0, 76924212.0, 80972855.0, 78543669.0, 80972855.0]",manufacturer,31,Demand: 3 - Capacity: other,0.0022660000000000002
LG_Chem,"[43536522.0, 43702188.0, 43493336.0, 43441123.0, 43623868.0, 43702188.0, 43571655.0, 43702188.0, 41813277.0, 43702188.0]",manufacturer,31,Demand: 3 - Capacity: other,0.0022660000000000002
Merck_Sharp,"[56991052.0, 52517254.0, 56991052.0, 56991052.0, 56991052.0, 56991052.0, 56991052.0, 56991052.0, 56991052.0, 56991052.0]",manufacturer,31,Demand: 3 - Capacity: other,0.0022660000000000002
PT_Bio,"[45864272.0, 45911731.0, 45911731.0, 45702427.0, 45436226.0, 45893137.0, 45388709.0, 45911731.0, 45472645.0, 45911731.0]",manufacturer,31,Demand: 3 - Capacity: other,0.0022660000000000002
Panacea_Biotec,"[10874165.0, 10874165.0, 10874165.0, 10874165.0, 10874165.0, 10874165.0, 10826407.0, 10874165.0, 10349561.0, 10874165.0]",manufacturer,31,Demand: 3 - Capacity: other,0.0022660000000000002
Pfizer,"[83916974.0, 83916974.0, 83916974.0, 79721125.0, 83916974.0, 83916974.0, 83916974.0, 83916974.0, 83916974.0, 83916974.0]",manufacturer,31,Demand: 3 - Capacity: other,0.0022660000000000002
Sanofi,"[87429432.0, 87429432.0, 82229737.0, 80966413.0, 85490526.0, 87429432.0, 83076260.0, 87429432.0, 86756435.0, 87429432.0]",manufacturer,31,Demand: 3 - Capacity: other,0.0022660000000000002
Serum_Institute,"[584505805.0, 587114096.0, 584689002.0, 585806084.0, 584474822.0, 583172832.0, 580252583.0, 587114096.0, 578030930.0, 587114096.0]",manufacturer,31,Demand: 3 - Capacity: other,0.0022660000000000002
Diphtheria,"[570550200 619539900 626455400 594496900 595980200 587103300 593084700
 587954100 594707400 600159000]",antigen,32,Demand: 1 - Capacity: other,0.022000000000000002
HPV,"[18988200 18779800 27460000 72849500 92670600 64703800 42237000 42368400
 33730500 35038500]",antigen,32,Demand: 1 - Capacity: other,0.022000000000000002
Hepatitis_B,"[312284600 343008200 351717800 334973600 334455600 328430100 332308900
 328200500 332214900 335525400]",antigen,32,Demand: 1 - Capacity: other,0.022000000000000002
Hib,"[259536200 282777100 287252900 274027900 274339400 270041300 273119600
 270415600 273713400 276715500]",antigen,32,Demand: 1 - Capacity: other,0.022000000000000002
Measles,"[420097000 358616900 394831600 346093200 377569100 407486200 271512200
 386591100 290515900 326808200]",antigen,32,Demand: 1 - Capacity: other,0.022000000000000002
Mumps,"[26052200 26626400 25785400 25268100 23536200 16205400 18650400 8909600
 10718500 12977700]",antigen,32,Demand: 1 - Capacity: other,0.022000000000000002
PCV,"[160800200 186996100 209165500 205938500 220998700 219106600 222271100
 217335600 218764600 220234300]",antigen,32,Demand: 1 - Capacity: other,0.022000000000000002
Pertussis,"[320662700 347414000 352464600 335977000 334855300 328035800 331237500
 328308900 331462200 334312000]",antigen,32,Demand: 1 - Capacity: other,0.022000000000000002
Polio,"[522182000 582182300 608631800 590689600 591743500 572503000 130824100
 128516200 130807300 132956000]",antigen,32,Demand: 1 - Capacity: other,0.022000000000000002
Rotavirus,"[142479000 166422100 173751400 186328400 197668300 205652300 209552800
 207355600 209606300 211802800]",antigen,32,Demand: 1 - Capacity: other,0.022000000000000002
Rubella,"[357331300 254011400 304621400 276893800 291347300 386542700 259074600
 385691400 289592400 325856600]",antigen,32,Demand: 1 - Capacity: other,0.022000000000000002
Tetanus,"[577730200 626351000 633278500 601333100 598872900 590040100 596064300
 590973100 597764600 603248400]",antigen,32,Demand: 1 - Capacity: other,0.022000000000000002
AJ_Vaccines,"[7711003.0, 7711003.0, 7094122.0, 6939902.0, 7479673.0, 7711003.0, 7325452.0, 7711003.0, 7711003.0, 7711003.0]",manufacturer,32,Demand: 1 - Capacity: other,0.022000000000000002
BB_NCIPD,"[39147073.0, 39223956.0, 39223956.0, 39120138.0, 39223956.0, 39161665.0, 39223956.0, 39223956.0, 39223956.0, 39223956.0]",manufacturer,32,Demand: 1 - Capacity: other,0.022000000000000002
Bharat_Biotech,"[61029105.0, 61029105.0, 61029105.0, 61029105.0, 61029105.0, 61029105.0, 58151969.0, 61029105.0, 59302823.0, 61029105.0]",manufacturer,32,Demand: 1 - Capacity: other,0.022000000000000002
Bilthoven,"[12048153.0, 12048153.0, 11084301.0, 10843338.0, 11686709.0, 12048153.0, 11445746.0, 12048153.0, 12048153.0, 12048153.0]",manufacturer,32,Demand: 1 - Capacity: other,0.022000000000000002
Biological_E,"[164256564.0, 164885690.0, 164256564.0, 164544872.0, 164885690.0, 163674597.0, 164885690.0, 164885690.0, 162529472.0, 164885690.0]",manufacturer,32,Demand: 1 - Capacity: other,0.022000000000000002
China_National,"[12812242.0, 12627715.0, 12812242.0, 12812242.0, 12812242.0, 12812242.0, 12289163.0, 12812242.0, 12498395.0, 12812242.0]",manufacturer,32,Demand: 1 - Capacity: other,0.022000000000000002
GSK,"[226762686.0, 226380511.0, 226762686.0, 223728150.0, 226762686.0, 226762686.0, 225374680.0, 226762686.0, 225929882.0, 226762686.0]",manufacturer,32,Demand: 1 - Capacity: other,0.022000000000000002
Haffkine_Bio,"[80972855.0, 80972855.0, 80972855.0, 80972855.0, 80972855.0, 80972855.0, 76924212.0, 80972855.0, 78543669.0, 80972855.0]",manufacturer,32,Demand: 1 - Capacity: other,0.022000000000000002
LG_Chem,"[43536522.0, 43702188.0, 43493336.0, 43441123.0, 43623868.0, 43702188.0, 43571655.0, 43702188.0, 41813277.0, 43702188.0]",manufacturer,32,Demand: 1 - Capacity: other,0.022000000000000002
Merck_Sharp,"[56991052.0, 52517254.0, 56991052.0, 56991052.0, 56991052.0, 56991052.0, 56991052.0, 56991052.0, 56991052.0, 56991052.0]",manufacturer,32,Demand: 1 - Capacity: other,0.022000000000000002
PT_Bio,"[45864272.0, 45911731.0, 45911731.0, 45702427.0, 45436226.0, 45893137.0, 45388709.0, 45911731.0, 45472645.0, 45911731.0]",manufacturer,32,Demand: 1 - Capacity: other,0.022000000000000002
Panacea_Biotec,"[10874165.0, 10874165.0, 10874165.0, 10874165.0, 10874165.0, 10874165.0, 10826407.0, 10874165.0, 10349561.0, 10874165.0]",manufacturer,32,Demand: 1 - Capacity: other,0.022000000000000002
Pfizer,"[83916974.0, 83916974.0, 83916974.0, 79721125.0, 83916974.0, 83916974.0, 83916974.0, 83916974.0, 83916974.0, 83916974.0]",manufacturer,32,Demand: 1 - Capacity: other,0.022000000000000002
Sanofi,"[87429432.0, 87429432.0, 82229737.0, 80966413.0, 85490526.0, 87429432.0, 83076260.0, 87429432.0, 86756435.0, 87429432.0]",manufacturer,32,Demand: 1 - Capacity: other,0.022000000000000002
Serum_Institute,"[584505805.0, 587114096.0, 584689002.0, 585806084.0, 584474822.0, 583172832.0, 580252583.0, 587114096.0, 578030930.0, 587114096.0]",manufacturer,32,Demand: 1 - Capacity: other,0.022000000000000002
Diphtheria,"[743387800 718494700 836301100 720152500 761304900 1033130400 1046414400
 1046244900 -2147483648 1368714300]",antigen,33,Demand: 5 - Capacity: other,0.000594
HPV,"[26621500 38049900 42725200 46993500 54230900 60065400 65293500 74388900
 68226900 92640900]",antigen,33,Demand: 5 - Capacity: other,0.000594
Hepatitis_B,"[358192200 354219100 361021300 411500900 475530300 470809100 452294400
 416526500 568066500 503505000]",antigen,33,Demand: 5 - Capacity: other,0.000594
Hib,"[292457000 315010000 326207300 332843200 350062400 362530200 399440500
 394371600 351868000 351641500]",antigen,33,Demand: 5 - Capacity: other,0.000594
Measles,"[403209300 477992600 574350300 589385100 625684300 571410200 1164655200
 647187900 942801300 1502330400]",antigen,33,Demand: 5 - Capacity: other,0.000594
Mumps,"[28568900 44316300 29910400 42925000 43035900 34138600 37070300 62755300
 51887400 32244300]",antigen,33,Demand: 5 - Capacity: other,0.000594
PCV,"[217608200 267216900 253205600 301483300 300469200 342484400 447616200
 324915700 327715900 505043600]",antigen,33,Demand: 5 - Capacity: other,0.000594
Pertussis,"[355092700 355017700 382913500 346050200 324302200 373866000 390207300
 358433200 438275500 333775300]",antigen,33,Demand: 5 - Capacity: other,0.000594
Polio,"[594500300 683925100 716534600 768555600 645396200 685236300 734718200
 992189000 1016570100 1182731700]",antigen,33,Demand: 5 - Capacity: other,0.000594
Rotavirus,"[229454700 235817300 294116200 205158400 361673800 442510100 369726600
 502021600 283587800 884340400]",antigen,33,Demand: 5 - Capacity: other,0.000594
Rubella,"[390927600 457092000 573694500 428027900 569926600 637772500 778011200
 633986300 266418600 590737700]",antigen,33,Demand: 5 - Capacity: other,0.000594
Tetanus,"[661301900 640875700 698790600 606645900 707871300 661886500 558836400
 727439300 873897800 642777800]",antigen,33,Demand: 5 - Capacity: other,0.000594
AJ_Vaccines,"[7711003.0, 7711003.0, 7094122.0, 6939902.0, 7479673.0, 7711003.0, 7325452.0, 7711003.0, 7711003.0, 7711003.0]",manufacturer,33,Demand: 5 - Capacity: other,0.000594
BB_NCIPD,"[39147073.0, 39223956.0, 39223956.0, 39120138.0, 39223956.0, 39161665.0, 39223956.0, 39223956.0, 39223956.0, 39223956.0]",manufacturer,33,Demand: 5 - Capacity: other,0.000594
Bharat_Biotech,"[61029105.0, 61029105.0, 61029105.0, 61029105.0, 61029105.0, 61029105.0, 58151969.0, 61029105.0, 59302823.0, 61029105.0]",manufacturer,33,Demand: 5 - Capacity: other,0.000594
Bilthoven,"[12048153.0, 12048153.0, 11084301.0, 10843338.0, 11686709.0, 12048153.0, 11445746.0, 12048153.0, 12048153.0, 12048153.0]",manufacturer,33,Demand: 5 - Capacity: other,0.000594
Biological_E,"[164256564.0, 164885690.0, 164256564.0, 164544872.0, 164885690.0, 163674597.0, 164885690.0, 164885690.0, 162529472.0, 164885690.0]",manufacturer,33,Demand: 5 - Capacity: other,0.000594
China_National,"[12812242.0, 12627715.0, 12812242.0, 12812242.0, 12812242.0, 12812242.0, 12289163.0, 12812242.0, 12498395.0, 12812242.0]",manufacturer,33,Demand: 5 - Capacity: other,0.000594
GSK,"[226762686.0, 226380511.0, 226762686.0, 223728150.0, 226762686.0, 226762686.0, 225374680.0, 226762686.0, 225929882.0, 226762686.0]",manufacturer,33,Demand: 5 - Capacity: other,0.000594
Haffkine_Bio,"[80972855.0, 80972855.0, 80972855.0, 80972855.0, 80972855.0, 80972855.0, 76924212.0, 80972855.0, 78543669.0, 80972855.0]",manufacturer,33,Demand: 5 - Capacity: other,0.000594
LG_Chem,"[43536522.0, 43702188.0, 43493336.0, 43441123.0, 43623868.0, 43702188.0, 43571655.0, 43702188.0, 41813277.0, 43702188.0]",manufacturer,33,Demand: 5 - Capacity: other,0.000594
Merck_Sharp,"[56991052.0, 52517254.0, 56991052.0, 56991052.0, 56991052.0, 56991052.0, 56991052.0, 56991052.0, 56991052.0, 56991052.0]",manufacturer,33,Demand: 5 - Capacity: other,0.000594
PT_Bio,"[45864272.0, 45911731.0, 45911731.0, 45702427.0, 45436226.0, 45893137.0, 45388709.0, 45911731.0, 45472645.0, 45911731.0]",manufacturer,33,Demand: 5 - Capacity: other,0.000594
Panacea_Biotec,"[10874165.0, 10874165.0, 10874165.0, 10874165.0, 10874165.0, 10874165.0, 10826407.0, 10874165.0, 10349561.0, 10874165.0]",manufacturer,33,Demand: 5 - Capacity: other,0.000594
Pfizer,"[83916974.0, 83916974.0, 83916974.0, 79721125.0, 83916974.0, 83916974.0, 83916974.0, 83916974.0, 83916974.0, 83916974.0]",manufacturer,33,Demand: 5 - Capacity: other,0.000594
Sanofi,"[87429432.0, 87429432.0, 82229737.0, 80966413.0, 85490526.0, 87429432.0, 83076260.0, 87429432.0, 86756435.0, 87429432.0]",manufacturer,33,Demand: 5 - Capacity: other,0.000594
Serum_Institute,"[584505805.0, 587114096.0, 584689002.0, 585806084.0, 584474822.0, 583172832.0, 580252583.0, 587114096.0, 578030930.0, 587114096.0]",manufacturer,33,Demand: 5 - Capacity: other,0.000594
Diphtheria,"[596906900 558336500 812533400 660834400 686912400 1059413800 1410783900
 1252908300 953910300 1577938400]",antigen,34,Demand: 4 - Capacity: other,0.0021230000000000003
HPV,"[26509800 35593800 41761900 46914800 51357500 59171600 66488200 73483500
 84634900 80794100]",antigen,34,Demand: 4 - Capacity: other,0.0021230000000000003
Hepatitis_B,"[398538000 411746900 404101000 294154800 354466900 365673200 370291900
 345678000 544177700 350602700]",antigen,34,Demand: 4 - Capacity: other,0.0021230000000000003
Hib,"[290485200 340862100 301672100 347190200 369051400 309998000 379238500
 385344800 435675100 417032400]",antigen,34,Demand: 4 - Capacity: other,0.0021230000000000003
Measles,"[396235400 525423200 507983700 478856400 600172200 551044600 684851800
 969568700 991050500 1391486700]",antigen,34,Demand: 4 - Capacity: other,0.0021230000000000003
Mumps,"[20805100 27986400 29062300 31362300 32914000 34978900 49196300 36209300
 95135900 77415800]",antigen,34,Demand: 4 - Capacity: other,0.0021230000000000003
PCV,"[228025000 270527400 333973500 349599500 355922500 316447400 486664800
 392780800 529487100 752423700]",antigen,34,Demand: 4 - Capacity: other,0.0021230000000000003
Pertussis,"[357621300 377952200 350446900 353376700 336929700 391426500 366153900
 441004100 330439000 377938400]",antigen,34,Demand: 4 - Capacity: other,0.0021230000000000003
Polio,"[674623000 620549000 675000300 664288500 754280400 831403500 798232300
 929329300 980424200 648707300]",antigen,34,Demand: 4 - Capacity: other,0.0021230000000000003
Rotavirus,"[201197500 175155800 196664100 220157400 319305100 338422000 450422500
 421255000 854993100 366912800]",antigen,34,Demand: 4 - Capacity: other,0.0021230000000000003
Rubella,"[309860900 475793600 289321200 346819600 619977400 600887700 656546100
 670139400 781452000 1090014900]",antigen,34,Demand: 4 - Capacity: other,0.0021230000000000003
Tetanus,"[609169300 660966800 613254200 610941500 740616500 723857000 682591200
 680463400 718420600 828807600]",antigen,34,Demand: 4 - Capacity: other,0.0021230000000000003
AJ_Vaccines,"[7711003.0, 7711003.0, 7094122.0, 6939902.0, 7479673.0, 7711003.0, 7325452.0, 7711003.0, 7711003.0, 7711003.0]",manufacturer,34,Demand: 4 - Capacity: other,0.0021230000000000003
BB_NCIPD,"[39147073.0, 39223956.0, 39223956.0, 39120138.0, 39223956.0, 39161665.0, 39223956.0, 39223956.0, 39223956.0, 39223956.0]",manufacturer,34,Demand: 4 - Capacity: other,0.0021230000000000003
Bharat_Biotech,"[61029105.0, 61029105.0, 61029105.0, 61029105.0, 61029105.0, 61029105.0, 58151969.0, 61029105.0, 59302823.0, 61029105.0]",manufacturer,34,Demand: 4 - Capacity: other,0.0021230000000000003
Bilthoven,"[12048153.0, 12048153.0, 11084301.0, 10843338.0, 11686709.0, 12048153.0, 11445746.0, 12048153.0, 12048153.0, 12048153.0]",manufacturer,34,Demand: 4 - Capacity: other,0.0021230000000000003
Biological_E,"[164256564.0, 164885690.0, 164256564.0, 164544872.0, 164885690.0, 163674597.0, 164885690.0, 164885690.0, 162529472.0, 164885690.0]",manufacturer,34,Demand: 4 - Capacity: other,0.0021230000000000003
China_National,"[12812242.0, 12627715.0, 12812242.0, 12812242.0, 12812242.0, 12812242.0, 12289163.0, 12812242.0, 12498395.0, 12812242.0]",manufacturer,34,Demand: 4 - Capacity: other,0.0021230000000000003
GSK,"[226762686.0, 226380511.0, 226762686.0, 223728150.0, 226762686.0, 226762686.0, 225374680.0, 226762686.0, 225929882.0, 226762686.0]",manufacturer,34,Demand: 4 - Capacity: other,0.0021230000000000003
Haffkine_Bio,"[80972855.0, 80972855.0, 80972855.0, 80972855.0, 80972855.0, 80972855.0, 76924212.0, 80972855.0, 78543669.0, 80972855.0]",manufacturer,34,Demand: 4 - Capacity: other,0.0021230000000000003
LG_Chem,"[43536522.0, 43702188.0, 43493336.0, 43441123.0, 43623868.0, 43702188.0, 43571655.0, 43702188.0, 41813277.0, 43702188.0]",manufacturer,34,Demand: 4 - Capacity: other,0.0021230000000000003
Merck_Sharp,"[56991052.0, 52517254.0, 56991052.0, 56991052.0, 56991052.0, 56991052.0, 56991052.0, 56991052.0, 56991052.0, 56991052.0]",manufacturer,34,Demand: 4 - Capacity: other,0.0021230000000000003
PT_Bio,"[45864272.0, 45911731.0, 45911731.0, 45702427.0, 45436226.0, 45893137.0, 45388709.0, 45911731.0, 45472645.0, 45911731.0]",manufacturer,34,Demand: 4 - Capacity: other,0.0021230000000000003
Panacea_Biotec,"[10874165.0, 10874165.0, 10874165.0, 10874165.0, 10874165.0, 10874165.0, 10826407.0, 10874165.0, 10349561.0, 10874165.0]",manufacturer,34,Demand: 4 - Capacity: other,0.0021230000000000003
Pfizer,"[83916974.0, 83916974.0, 83916974.0, 79721125.0, 83916974.0, 83916974.0, 83916974.0, 83916974.0, 83916974.0, 83916974.0]",manufacturer,34,Demand: 4 - Capacity: other,0.0021230000000000003
Sanofi,"[87429432.0, 87429432.0, 82229737.0, 80966413.0, 85490526.0, 87429432.0, 83076260.0, 87429432.0, 86756435.0, 87429432.0]",manufacturer,34,Demand: 4 - Capacity: other,0.0021230000000000003
Serum_Institute,"[584505805.0, 587114096.0, 584689002.0, 585806084.0, 584474822.0, 583172832.0, 580252583.0, 587114096.0, 578030930.0, 587114096.0]",manufacturer,34,Demand: 4 - Capacity: other,0.0021230000000000003
Diphtheria,"[690293000 540644300 663354000 1033467400 832363600 964285900 1484889200
 781961600 1006661500 199939900]",antigen,35,Demand: 2 - Capacity: other,0.000517
HPV,"[27408100 36795300 44960900 42153100 54014700 57247900 67205500 74837800
 78713600 88601800]",antigen,35,Demand: 2 - Capacity: other,0.000517
Hepatitis_B,"[410703700 394726600 455058800 440667600 324876000 458683900 473285200
 433237300 448206300 436645900]",antigen,35,Demand: 2 - Capacity: other,0.000517
Hib,"[308462400 308564000 317849200 348113400 353835500 364190100 361704000
 387351100 363068900 408753500]",antigen,35,Demand: 2 - Capacity: other,0.000517
Measles,"[520688600 599384600 741765500 584291600 610795400 751325700 699010900
 831020100 825941600 1061105100]",antigen,35,Demand: 2 - Capacity: other,0.000517
Mumps,"[22927300 20932900 31158300 29486900 34069800 45473700 44507600 44743800
 56776500 52293200]",antigen,35,Demand: 2 - Capacity: other,0.000517
PCV,"[229980600 255538100 322750600 318306500 363296300 369410900 285323300
 435396500 470226400 530917400]",antigen,35,Demand: 2 - Capacity: other,0.000517
Pertussis,"[330913600 348707600 372077900 358905200 359328000 361641600 392197100
 366714000 428874500 446770700]",antigen,35,Demand: 2 - Capacity: other,0.000517
Polio,"[597194100 677401000 776170500 676082100 773974800 869915700 861400800
 863844100 895666700 960509500]",antigen,35,Demand: 2 - Capacity: other,0.000517
Rotavirus,"[176924600 219261400 246960500 200506000 250245900 309212600 359689500
 642248900 549276900 702456800]",antigen,35,Demand: 2 - Capacity: other,0.000517
Rubella,"[375199800 541952100 425153100 568072300 445714300 717977700 625043900
 769890300 719103700 840127000]",antigen,35,Demand: 2 - Capacity: other,0.000517
Tetanus,"[629499200 631449500 590716800 662222000 654131200 630990900 743740500
 701074300 765625500 736675300]",antigen,35,Demand: 2 - Capacity: other,0.000517
AJ_Vaccines,"[7711003.0, 7711003.0, 7094122.0, 6939902.0, 7479673.0, 7711003.0, 7325452.0, 7711003.0, 7711003.0, 7711003.0]",manufacturer,35,Demand: 2 - Capacity: other,0.000517
BB_NCIPD,"[39147073.0, 39223956.0, 39223956.0, 39120138.0, 39223956.0, 39161665.0, 39223956.0, 39223956.0, 39223956.0, 39223956.0]",manufacturer,35,Demand: 2 - Capacity: other,0.000517
Bharat_Biotech,"[61029105.0, 61029105.0, 61029105.0, 61029105.0, 61029105.0, 61029105.0, 58151969.0, 61029105.0, 59302823.0, 61029105.0]",manufacturer,35,Demand: 2 - Capacity: other,0.000517
Bilthoven,"[12048153.0, 12048153.0, 11084301.0, 10843338.0, 11686709.0, 12048153.0, 11445746.0, 12048153.0, 12048153.0, 12048153.0]",manufacturer,35,Demand: 2 - Capacity: other,0.000517
Biological_E,"[164256564.0, 164885690.0, 164256564.0, 164544872.0, 164885690.0, 163674597.0, 164885690.0, 164885690.0, 162529472.0, 164885690.0]",manufacturer,35,Demand: 2 - Capacity: other,0.000517
China_National,"[12812242.0, 12627715.0, 12812242.0, 12812242.0, 12812242.0, 12812242.0, 12289163.0, 12812242.0, 12498395.0, 12812242.0]",manufacturer,35,Demand: 2 - Capacity: other,0.000517
GSK,"[226762686.0, 226380511.0, 226762686.0, 223728150.0, 226762686.0, 226762686.0, 225374680.0, 226762686.0, 225929882.0, 226762686.0]",manufacturer,35,Demand: 2 - Capacity: other,0.000517
Haffkine_Bio,"[80972855.0, 80972855.0, 80972855.0, 80972855.0, 80972855.0, 80972855.0, 76924212.0, 80972855.0, 78543669.0, 80972855.0]",manufacturer,35,Demand: 2 - Capacity: other,0.000517
LG_Chem,"[43536522.0, 43702188.0, 43493336.0, 43441123.0, 43623868.0, 43702188.0, 43571655.0, 43702188.0, 41813277.0, 43702188.0]",manufacturer,35,Demand: 2 - Capacity: other,0.000517
Merck_Sharp,"[56991052.0, 52517254.0, 56991052.0, 56991052.0, 56991052.0, 56991052.0, 56991052.0, 56991052.0, 56991052.0, 56991052.0]",manufacturer,35,Demand: 2 - Capacity: other,0.000517
PT_Bio,"[45864272.0, 45911731.0, 45911731.0, 45702427.0, 45436226.0, 45893137.0, 45388709.0, 45911731.0, 45472645.0, 45911731.0]",manufacturer,35,Demand: 2 - Capacity: other,0.000517
Panacea_Biotec,"[10874165.0, 10874165.0, 10874165.0, 10874165.0, 10874165.0, 10874165.0, 10826407.0, 10874165.0, 10349561.0, 10874165.0]",manufacturer,35,Demand: 2 - Capacity: other,0.000517
Pfizer,"[83916974.0, 83916974.0, 83916974.0, 79721125.0, 83916974.0, 83916974.0, 83916974.0, 83916974.0, 83916974.0, 83916974.0]",manufacturer,35,Demand: 2 - Capacity: other,0.000517
Sanofi,"[87429432.0, 87429432.0, 82229737.0, 80966413.0, 85490526.0, 87429432.0, 83076260.0, 87429432.0, 86756435.0, 87429432.0]",manufacturer,35,Demand: 2 - Capacity: other,0.000517
Serum_Institute,"[584505805.0, 587114096.0, 584689002.0, 585806084.0, 584474822.0, 583172832.0, 580252583.0, 587114096.0, 578030930.0, 587114096.0]",manufacturer,35,Demand: 2 - Capacity: other,0.000517
